#sample	entry	chrA	coordA	orientA	chrB	coordB	total	REF	ALT	QUAL	FILTER	INFO	FORMAT	bwa_sorted.bam.viral.bam
subset.insertion_seqs.fa	chr1~26195757~+~HPV18~4160	chr1	26195757	+	HPV18	4160	219	N	]adjusted_kraken_taxid_337042_NC_001357.1:4160]N	8295.17	ASSEMBLY_BIAS	BEALN=chr1:26195757|+|489M|60;EVENT=gridss0f_990b;INSRM=MSTB1#LTR/ERVL-MaLR|1|-|47S165M|865|56,L1MC4a#LINE/L1|5812|-|220S161M|470|52,FLAM_C#SINE/Alu|38|-|393S96M|614|16,Alu#SINE/Alu|1|-|45M|367|1;INSRMP=0.337;INSRMRC=LTR/ERVL-MaLR;INSRMRO=-;INSRMRT=MSTB1;INSTAXID=9606;MATEID=gridss0f_990b_virus;SVTYPE=BND	GT	./.
subset.insertion_seqs.fa	chr1~32773247~+~HPV18~4494	chr1	32773247	+	HPV18	4494	222	N	]adjusted_kraken_taxid_337042_NC_001357.1:4494]N	2493.15	PASS	BEALN=chr1:32773247|+|535M|60;EVENT=gridss0f_1075b;INSTAXID=9606;MATEID=gridss0f_1075b_virus;SVTYPE=BND	GT	./.
subset.insertion_seqs.fa	chr1~107166648~+~HPV18~5039	chr1	107166648	+	HPV18	5039	225	N	]adjusted_kraken_taxid_337042_NC_001357.1:5039]N	2779.89	PASS	BEALN=chr1:107166648|+|499M|60;EVENT=gridss0f_1196b;INSTAXID=9606;MATEID=gridss0f_1196b_virus;SVTYPE=BND	GT	./.
subset.insertion_seqs.fa	chr2~155753409~-~HPV18~1666	chr2	155753409	-	HPV18	1666	203	N	N]adjusted_kraken_taxid_337042_NC_001357.1:1666]	3392.86	PASS	BEALN=chr2:155752911|-|499M|60;EVENT=gridss0f_249b;INSRM=L1P3#LINE/L1|4623|-|384M|2559|46,L1PA5#LINE/L1|6037|-|381S118M|816|12;INSRMP=0.770;INSRMRC=LINE/L1;INSRMRO=-;INSRMRT=L1P3;INSTAXID=9606;MATEID=gridss0f_249b_virus;SVTYPE=BND	GT	./.
subset.insertion_seqs.fa	chr2~184219519~-~HPV18~4910	chr2	184219519	-	HPV18	4910	215	N	[adjusted_kraken_taxid_337042_NC_001357.1:4910[N	3410.73	PASS	BEALN=chr2:184219519|-|566M|60;EVENT=gridss0b_740b;INSRM=L1MEc#LINE/L1|2216|+|3S563M|2549|104;INSRMP=0.995;INSRMRC=LINE/L1;INSRMRO=+;INSRMRT=L1MEc;INSTAXID=9606;MATEID=gridss0b_740b_virus;SVTYPE=BND	GT	./.
subset.insertion_seqs.fa	chr3~55193905~+~HPV18~1152	chr3	55193905	+	HPV18	1152	219	N	N[adjusted_kraken_taxid_337042_NC_001357.1:1152[	3283.10	PASS	BEALN=chr3:55193387|+|519M|60;EVENT=gridss0b_83b;INSRM=L1MA2#LINE/L1|5677|-|519M|3771|47;INSRMP=1.00;INSRMRC=LINE/L1;INSRMRO=-;INSRMRT=L1MA2;INSTAXID=9606;MATEID=gridss0b_83b_virus;SVTYPE=BND	GT	./.
subset.insertion_seqs.fa	chr3~130129745~+~HPV18~3663	chr3	130129745	+	HPV18	3663	230	N	NTGCTAGCCTGTGCAACATAGTGAGACACCATTTCAACAACAACAAAAAAATTAAAAATAGCCAAGTGTGGTGGTGCATGCCTTTGGTCCCAGCTGCTCAGGAGATTGAGGCAGGAGGGGATTGCCTAAGCCCAGGATTTGGATGCTGCACTGAGCTGTAATGGCACCACTGCACCCCAGCCTGGGCAAAAGACCAAGGCCCTGTCTCAAAAAAAAAAAAAAAAAAAAAAAAGTCAAAAATAATTGAAGTTTTGGGACAGGACAATA[adjusted_kraken_taxid_337042_NC_001357.1:3663[	3756.03	PASS	BEALN=chr3:130129219|+|527M266S|60,chr11:71760606|-|266S527M|,chr4:9116373|-|266S527M|,chr11:3461820|+|527M266S|,chr2:194531840|-|35M6D296M462H|60;EVENT=gridss0b_412b;INSRM=AluJb#SINE/Alu|3|+|447S311M|1624|69,MER5A#DNA/hAT-Charlie|50|+|247S103M|354|27;INSRMP=0.392;INSRMRC=SINE/Alu;INSRMRO=+;INSRMRT=AluJb;INSTAXID=9606;MATEID=gridss0b_412b_virus;SVTYPE=BND	GT	./.
subset.insertion_seqs.fa	chr4~76161278~-~HPV18~4616	chr4	76161278	-	HPV18	4616	237	N	[adjusted_kraken_taxid_337042_NC_001357.1:4616[N	3419.57	PASS	BEALN=chr4:76161278|-|519M|60;EVENT=gridss0b_698b;INSTAXID=9606;MATEID=gridss0b_698b_virus;SVTYPE=BND	GT	./.
subset.insertion_seqs.fa	chr4~92530410~+~HPV18~1739	chr4	92530410	+	HPV18	1739	223	N	]adjusted_kraken_taxid_337042_NC_001357.1:1739]N	3295.40	PASS	BEALN=chr4:92530410|+|493M|60;EVENT=gridss0f_276b;INSRM=AluSx#SINE/Alu|1|+|210S282M|1782|53,L1MC5a#LINE/L1|7597|+|114S85M|294|23;INSRMP=0.572;INSRMRC=SINE/Alu;INSRMRO=+;INSRMRT=AluSx;INSTAXID=9606;MATEID=gridss0f_276b_virus;SVTYPE=BND	GT	./.
subset.insertion_seqs.fa	chr5~21697514~+~HPV18~5661	chr5	21697514	+	HPV18	5661	201	N	]adjusted_kraken_taxid_337042_NC_001357.1:5661]N	6664.63	PASS	BEALN=chr5:21697514|+|519M|60;EVENT=gridss0f_1450b;INSTAXID=9606;MATEID=gridss0f_1450b_virus;SVTYPE=BND	GT	./.
subset.insertion_seqs.fa	chr5~91404290~+~HPV18~6325	chr5	91404290	+	HPV18	6325	214	N	N[adjusted_kraken_taxid_337042_NC_001357.1:6325[	2249.19	PASS	BEALN=chr5:91403796|+|495M|60;EVENT=gridss0b_776b;INSTAXID=9606;MATEID=gridss0b_776b_virus;SVTYPE=BND	GT	./.
subset.insertion_seqs.fa	chr6~50410600~+~HPV18~5640	chr6	50410600	+	HPV18	5640	177	N	]adjusted_kraken_taxid_337042_NC_001357.1:5640]N	2669.45	PASS	BEALN=chr6:50410600|+|512M3S|60;EVENT=gridss0f_1434b;INSTAXID=9606;MATEID=gridss0f_1434b_virus;SVTYPE=BND	GT	./.
subset.insertion_seqs.fa	chr7~12456199~-~HPV18~3872	chr7	12456199	-	HPV18	3872	194	N	N]adjusted_kraken_taxid_337042_NC_001357.1:3872]	2705.78	PASS	BEALN=chr7:12455701|-|499M|60;EVENT=gridss0f_886b;INSTAXID=9606;MATEID=gridss0f_886b_virus;SVTYPE=BND	GT	./.
subset.insertion_seqs.fa	chr7~24416117~-~HPV18~5398	chr7	24416117	-	HPV18	5398	180	N	N]adjusted_kraken_taxid_337042_NC_001357.1:5398]	1834.75	PASS	BEALN=chr7:24416051|-|67M|60;EVENT=gridss0f_1302b;INSRM=(CATT)n#Simple_repeat|1|+|40S27M|28|0;INSRMP=0.403;INSRMRC=Simple_repeat;INSRMRO=+;INSRMRT=(CATT)n;INSTAXID=9606;MATEID=gridss0f_1302b_virus;SVTYPE=BND	GT	./.
subset.insertion_seqs.fa	chr7~81153258~+~HPV18~5409	chr7	81153258	+	HPV18	5409	344	N	]adjusted_kraken_taxid_337042_NC_001357.1:5409]N	8456.45	PASS	BEALN=chr7:81153258|+|519M|60;EVENT=gridss0f_1310b;INSRM=AluSx#SINE/Alu|2|-|185M|844|62,MLT1J#LTR/ERVL-MaLR|376|-|227S129M|355|43,LTR40b#LTR/ERVL|78|+|418S101M|366|30;INSRMP=0.356;INSRMRC=SINE/Alu;INSRMRO=-;INSRMRT=AluSx;INSTAXID=9606;MATEID=gridss0f_1310b_virus;SVTYPE=BND	GT	./.
subset.insertion_seqs.fa	chr7~99076734~+~HPV18~2512	chr7	99076734	+	HPV18	2512	315	N	]adjusted_kraken_taxid_337042_NC_001357.1:2512]N	3199.46	PASS	BEALN=chr7:99076734|+|519M|60;EVENT=gridss0f_449b;INSRM=L1MC2#LINE/L1|6235|+|163S94M|359|23,(CATGTGTG)n#Simple_repeat|1|+|52S47M|27|5,(GTGCATGTGT)n#Simple_repeat|1|+|119S44M|26|4,(TGTGTA)n#Simple_repeat|4|+|99S17M|12|3,(TGTGTA)n#Simple_repeat|1|+|36S16M|12|3;INSRMP=0.181;INSRMRC=LINE/L1;INSRMRO=+;INSRMRT=L1MC2;INSTAXID=9606;MATEID=gridss0f_449b_virus;SVTYPE=BND	GT	./.
subset.insertion_seqs.fa	chr8~47118635~+~HPV18~3165	chr8	47118635	+	HPV18	3165	46	N	]adjusted_kraken_taxid_337042_NC_001357.1:3165]N	2823.78	PASS	BEALN=chr8:47118635|+|513M|60;EVENT=gridss0f_619b;INSRM=L2#LINE/L2|2302|-|2S348M|1224|102,AluSx#SINE/Alu|3|+|353S160M|1201|19;INSRMP=0.678;INSRMRC=LINE/L2;INSRMRO=-;INSRMRT=L2;INSTAXID=9606;MATEID=gridss0f_619b_virus;SVTYPE=BND	GT	./.
subset.insertion_seqs.fa	chr9~38906041~+~HPV18~6358	chr9	38906041	+	HPV18	6358	174	N	NTGTTTTTTT[adjusted_kraken_taxid_337042_NC_001357.1:6358[	5234.68	PASS	BEALN=chr9:38905543|+|499M9S|14,chr9:67457922|-|9S499M|,chr9:62129972|+|499M9S|;EVENT=gridss0b_778b;INSTAXID=9606;MATEID=gridss0b_778b_virus;SVTYPE=BND	GT	./.
subset.insertion_seqs.fa	chr9~84934102~-~HPV18~347	chr9	84934102	-	HPV18	347	356	N	[adjusted_kraken_taxid_337042_NC_001357.1:347[N	3372.18	PASS	BEALN=chr9:84934102|-|518M|60;EVENT=gridss0b_13b;INSTAXID=9606;MATEID=gridss0b_13b_virus;SVTYPE=BND	GT	./.
subset.insertion_seqs.fa	chr11~5010488~+~HPV18~4715	chr11	5010488	+	HPV18	4715	131	N	N[adjusted_kraken_taxid_337042_NC_001357.1:4715[	3383.43	PASS	BEALN=chr11:5009971|+|518M|60;EVENT=gridss0b_725b;INSRM=MER20#DNA/hAT-Charlie|1|-|207M|735|66;INSRMP=0.400;INSRMRC=DNA/hAT-Charlie;INSRMRO=-;INSRMRT=MER20;INSTAXID=9606;MATEID=gridss0b_725b_virus;SVTYPE=BND	GT	./.
subset.insertion_seqs.fa	chr11~71760596~-~HPV18~3441	chr11	71760596	-	HPV18	3441	178	N	[adjusted_kraken_taxid_337042_NC_001357.1:3441[N	1317.06	LOW_MAPQ;LOW_QUAL	BEALN=chr11:71760596|-|72M|0,chr3:130129684|+|72M|,chr4:9116363|-|72M|,chr11:3462285|+|72M|;EVENT=gridss0b_324b;INSRM=AluJo#SINE/Alu|21|+|72M|570|5;INSRMP=1.00;INSRMRC=SINE/Alu;INSRMRO=+;INSRMRT=AluJo;INSTAXID=9606;MATEID=gridss0b_324b_virus;SVTYPE=BND	GT	./.
subset.insertion_seqs.fa	chr12~60497738~-~HPV18~7691	chr12	60497738	-	HPV18	7691	127	N	N]adjusted_kraken_taxid_337042_NC_001357.1:7691]	2935.33	PASS	BEALN=chr12:60497173|-|566M|60;EVENT=gridss0f_1994b;INSRM=L1PA5#LINE/L1|5421|-|566M|4607|37;INSRMP=1.00;INSRMRC=LINE/L1;INSRMRO=-;INSRMRT=L1PA5;INSTAXID=9606;MATEID=gridss0f_1994b_virus;SVTYPE=BND	GT	./.
subset.insertion_seqs.fa	chr14~32692410~-~HPV18~1098	chr14	32692410	-	HPV18	1098	176	N	N]adjusted_kraken_taxid_337042_NC_001357.1:1098]	3200.43	PASS	BEALN=chr14:32691937|-|474M|60;EVENT=gridss0f_22b;INSTAXID=9606;MATEID=gridss0f_22b_virus;SVTYPE=BND	GT	./.
subset.insertion_seqs.fa	chr14~62374724~+~HPV18~5229	chr14	62374724	+	HPV18	5229	648	N	]adjusted_kraken_taxid_337042_NC_001357.1:5229]N	3389.57	PASS	BEALN=chr14:62374724|+|526M|60;EVENT=gridss0f_1229b;INSRM=L1MEc#LINE/L1|2168|-|170S324M|920|118;INSRMP=0.616;INSRMRC=LINE/L1;INSRMRO=-;INSRMRT=L1MEc;INSTAXID=9606;MATEID=gridss0f_1229b_virus;SVTYPE=BND	GT	./.
subset.insertion_seqs.fa	chr15~18422659~-~HPV18~152	chr15	18422659	-	HPV18	152	162	N	[adjusted_kraken_taxid_337042_NC_001357.1:152[N	3348.93	LOW_MAPQ	BEALN=chr15:18422659|-|514M|0;EVENT=gridss0b_1b;INSRM=ALR/Alpha#Satellite/centr|1|-|514M|1176|73;INSRMP=1.00;INSRMRC=Satellite/centr;INSRMRO=-;INSRMRT=ALR/Alpha;INSTAXID=9606;MATEID=gridss0b_1b_virus;SVTYPE=BND	GT	./.
subset.insertion_seqs.fa	chr16~64211219~-~HPV18~1472	chr16	64211219	-	HPV18	1472	154	N	N]adjusted_kraken_taxid_337042_NC_001357.1:1472]	3252.28	PASS	BEALN=chr16:64210701|-|519M|60;EVENT=gridss0f_153b;INSRM=MIRb#SINE/MIR|37|+|55S167M|461|61;INSRMP=0.322;INSRMRC=SINE/MIR;INSRMRO=+;INSRMRT=MIRb;INSTAXID=9606;MATEID=gridss0f_153b_virus;SVTYPE=BND	GT	./.
subset.insertion_seqs.fa	chr16~66297725~-~HPV18~3853	chr16	66297725	-	HPV18	3853	227	N	[adjusted_kraken_taxid_337042_NC_001357.1:3853[N	2410.79	PASS	BEALN=chr16:66297725|-|538M|60;EVENT=gridss0b_481b;INSTAXID=9606;MATEID=gridss0b_481b_virus;SVTYPE=BND	GT	./.
subset.insertion_seqs.fa	chr17~9404796~-~HPV18~3873	chr17	9404796	-	HPV18	3873	219	N	[adjusted_kraken_taxid_337042_NC_001357.1:3873[N	2302.31	PASS	BEALN=chr17:9404796|-|487M|60;EVENT=gridss0b_492b;INSRM=Tigger2#DNA/TcMar-Tigger|1620|+|482M|3071|77;INSRMP=0.990;INSRMRC=DNA/TcMar-Tigger;INSRMRO=+;INSRMRT=Tigger2;INSTAXID=9606;MATEID=gridss0b_492b_virus;SVTYPE=BND	GT	./.
subset.insertion_seqs.fa	chr18~1875685~+~HPV18~1048	chr18	1875685	+	HPV18	1048	227	N	]adjusted_kraken_taxid_337042_NC_001357.1:1048]N	3455.87	PASS	BEALN=chr18:1875685|+|567M|60;EVENT=gridss0f_16b;INSRM=LTR80A#LTR/ERVL|194|+|263S191M|827|61;INSRMP=0.337;INSRMRC=LTR/ERVL;INSRMRO=+;INSRMRT=LTR80A;INSTAXID=9606;MATEID=gridss0f_16b_virus;SVTYPE=BND	GT	./.
subset.insertion_seqs.fa	chr18~4607425~+~HPV18~3276	chr18	4607425	+	HPV18	3276	183	N	]adjusted_kraken_taxid_337042_NC_001357.1:3276]N	3535.51	PASS	BEALN=chr18:4607425|+|499M|60;EVENT=gridss0f_634b;INSRM=L1MA4#LINE/L1|5683|-|188S289M|1785|47;INSRMP=0.579;INSRMRC=LINE/L1;INSRMRO=-;INSRMRT=L1MA4;INSTAXID=9606;MATEID=gridss0f_634b_virus;SVTYPE=BND	GT	./.
subset.insertion_seqs.fa	chr18~73407386~-~HPV18~3271	chr18	73407386	-	HPV18	3271	225	N	[adjusted_kraken_taxid_337042_NC_001357.1:3271[N	3569.37	PASS	BEALN=chr18:73407386|-|513M|60;EVENT=gridss0b_251b;INSRM=L1MA1#LINE/L1|6197|-|398S104M|668|11,(AGGG)n#Simple_repeat|1|+|146S36M|23|3;INSRMP=0.203;INSRMRC=LINE/L1;INSRMRO=-;INSRMRT=L1MA1;INSTAXID=9606;MATEID=gridss0b_251b_virus;SVTYPE=BND	GT	./.
subset.insertion_seqs.fa	chr18~73440280~+~HPV18~3458	chr18	73440280	+	HPV18	3458	89	N	]adjusted_kraken_taxid_337042_NC_001357.1:3458]N	2546.28	PASS	BEALN=chr18:73440280|+|513M|60;EVENT=gridss0f_686b;INSRM=MLT1E2#LTR/ERVL-MaLR|34|+|4S509M|1095|196;INSRMP=0.992;INSRMRC=LTR/ERVL-MaLR;INSRMRO=+;INSRMRT=MLT1E2;INSTAXID=9606;MATEID=gridss0f_686b_virus;SVTYPE=BND	GT	./.
subset.insertion_seqs.fa	chr19~53536675~-~HPV18~3074	chr19	53536675	-	HPV18	3074	612	N	N]adjusted_kraken_taxid_337042_NC_001357.1:3074]	2891	PASS	BEALN=chr19:53536168|-|508M|60;EVENT=gridss0f_600b;INSRM=AluY#SINE/Alu|1|-|71M|382|11;INSRMP=0.140;INSRMRC=SINE/Alu;INSRMRO=-;INSRMRT=AluY;INSTAXID=9606;MATEID=gridss0f_600b_virus;SVTYPE=BND	GT	./.
subset.insertion_seqs.fa	chr20~26976966~-~HPV18~6311	chr20	26976966	-	HPV18	6311	192	N	[adjusted_kraken_taxid_337042_NC_001357.1:6311[N	2522.74	PASS	BEALN=chr20:26976966|-|512M3S|12,chr20:27434664|-|512M3S|,chr20:26935665|-|512M3S|,chr20:27247402|-|512M3S|,chr20:28294406|-|512M3S|,chr20:28250123|-|512M3S|;EVENT=gridss0b_773b;INSRM=ALR/Alpha#Satellite/centr|1|-|4S511M|1144|70;INSRMP=0.992;INSRMRC=Satellite/centr;INSRMRO=-;INSRMRT=ALR/Alpha;INSTAXID=9606;MATEID=gridss0b_773b_virus;SVTYPE=BND	GT	./.
subset.insertion_seqs.fa	chr20~46238871~+~HPV18~4052	chr20	46238871	+	HPV18	4052	441	N	N[adjusted_kraken_taxid_337042_NC_001357.1:4052[	2271.02	PASS	BEALN=chr20:46238305|+|567M|60;EVENT=gridss0b_547b;INSRM=L2#LINE/L2|2330|+|127S363M|1183|118,MIR3#SINE/MIR|77|+|14S64M|299|14;INSRMP=0.640;INSRMRC=LINE/L2;INSRMRO=+;INSRMRT=L2;INSTAXID=9606;MATEID=gridss0b_547b_virus;SVTYPE=BND	GT	./.
subset.insertion_seqs.fa	chr20~52026064~+~HPV18~2411	chr20	52026064	+	HPV18	2411	547	N	N[adjusted_kraken_taxid_337042_NC_001357.1:2411[	3039.35	PASS	BEALN=chr20:52025547|+|518M|60;EVENT=gridss0b_111b;INSRM=AluY#SINE/Alu|2|-|43S294M|2528|17;INSRMP=0.568;INSRMRC=SINE/Alu;INSRMRO=-;INSRMRT=AluY;INSTAXID=9606;MATEID=gridss0b_111b_virus;SVTYPE=BND	GT	./.
subset.insertion_seqs.fa	chr22~36753133~-~HPV18~3113	chr22	36753133	-	HPV18	3113	166	N	[adjusted_kraken_taxid_337042_NC_001357.1:3113[N	2176.57	ASSEMBLY_BIAS	BEALN=chr22:36753133|-|180M|60;EVENT=gridss0b_201b;INSTAXID=9606;MATEID=gridss0b_201b_virus;SVTYPE=BND	GT	./.
subset.insertion_seqs.fa	chrX~46686578~-~HPV18~4345	chrX	46686578	-	HPV18	4345	160	N	N]adjusted_kraken_taxid_337042_NC_001357.1:4345]	2497.32	PASS	BEALN=chrX:46686042|-|537M|60;EVENT=gridss0f_1025b;INSTAXID=9606;MATEID=gridss0f_1025b_virus;SVTYPE=BND	GT	./.
subset.insertion_seqs.fa	chrX~140420497~-~HPV18~5877	chrX	140420497	-	HPV18	5877	418	N	N]adjusted_kraken_taxid_337042_NC_001357.1:5877]	5493.57	PASS	BEALN=chrX:140420450|-|48M|14,chr5:46130355|+|3S45M|,chr3:197414719|+|3S45M|;EVENT=gridss0f_1602b;INSRM=L1P1#LINE/L1|4813|+|3S44M|319|5;INSRMP=0.917;INSRMRC=LINE/L1;INSRMRO=+;INSRMRT=L1P1;INSTAXID=9606;MATEID=gridss0f_1602b_virus;SVTYPE=BND	GT	./.
subset.insertion_seqs.fa	chrY~520190~+~HPV18~1686	chrY	520190	+	HPV18	1686	211	N	]adjusted_kraken_taxid_337042_NC_001357.1:1686]N	3540.38	LOW_MAPQ	BEALN=chrY:520190|+|567M|0,chrX:520190|+|567M|;EVENT=gridss0f_259b;INSRM=L1P2#LINE/L1|5256|+|78S489M|3828|33;INSRMP=0.862;INSRMRC=LINE/L1;INSRMRO=+;INSRMRT=L1P2;INSTAXID=9606;MATEID=gridss0f_259b_virus;SVTYPE=BND	GT	./.
