contig	chrA	coordA	orientA	chrB	coordB	orientB	prelim.primary_brkpt_type	prelim.num_primary_reads	prelim.num_supp_reads	prelim.mean_hits	prelim.mean_min_per_id	prelim.mean_max_end_clipping	prelim.mean_min_anchor_len	prelim.total	prelim.adj_total	prelim.frac_reads_removed	entropyA	entropyB	flankA	flankB	splice_type	virus_brkend_grp	is_primary	split	span	total	flankA_fU	flankB_fU
chr5~110648971~+~HPV39~5439~+	chr5	110648971	+	HPV39	5439	+	Split	13	211	1.045	97.1	4.589	64.21	224	224	0.0	1.958	1.914	gagaactctttcagaaggtaaacagttgctGG	ATtccttttagtacctcatggaatatgcctgt	.	HPV39:5439	True	16.0	136.0	152	1.000	1.000
chrY~7864284~+~HPV39~990~+	chrY	7864284	+	HPV39	990	+	Split	22	200	1.108	96.9	4.351	64.486	222	222	0.0	1.899	1.761	cgtgcttataagtggtattctggctttgcaTC	AGgcaatagtagataaacaaacaggcgacaca	.	HPV39:990	True	16.0	136.0	152	1.000	0.963
chr8~128172163~+~HPV39~435~+	chr8	128172163	+	HPV39	435	+	Split	23	199	1.144	96.8	4.117	64.712	222	222	0.0	1.779	1.914	ttttcctgtcatccacatctccctgctgacTC	AAaccgctgtgtccagcagaaaaattaagaca	.	HPV39:435	True	16.0	136.0	152	1.000	1.000
chr4~47981004~+~HPV39~7021~-	chr4	47981004	+	HPV39	7021	-	Split	21	199	1.082	97.2	4.036	64.814	220	220	0.0	1.821	1.826	gtttccagtgagttggagctcttatttttaGG	ATcaagttccaaactaaacttttcccttaagt	.	HPV39:7021	True	16.0	136.0	152	1.000	0.963
chr21~40755647~+~HPV39~6142~+	chr21	40755647	+	HPV39	6142	+	Split	13	196	2.402	96.1	5.249	62.622	209	209	0.0	1.711	1.856	cagagtgaaaatgctgcaataaaaagataaGG	CActggggtaagggaaaggcatgcaagcccaa	.	HPV39:6142	True	16.0	135.0	151	1.000	1.000
HPV39~6420~+~chr1~75735810~+	HPV39	6420	+	chr1	75735810	+	Split	2	174	1.034	97.4	1.307	68.608	176	176	0.0	1.963	1.984	cgtagggaacaactgtttgcaagacattttTG	TCcagcctgggcaacagagtgagactctgtct	.	HPV39:6420	True	19.0	130.0	149	1.000	1.000
HPV39~1803~+~chr18~73301225~+	HPV39	1803	+	chr18	73301225	+	Split	12	210	1.23	97.2	4.09	64.743	222	222	0.0	1.711	1.602	aaatagggttactgtaggaaagggattaagTA	GAtaaataatatagagaaaaaatgcaggtgga	.	HPV39:1803	True	10.0	137.0	147	1.000	0.963
HPV39~1272~+~chr3~125199235~+	HPV39	1272	+	chr3	125199235	+	Split	12	210	1.356	96.6	4.306	64.5	222	222	0.0	1.914	1.725	gaataccaggggaacactacaggaaatttcAT	ATatacatatatatagagaaaatggtctaatg	.	HPV39:1272	True	10.0	137.0	147	1.000	0.852
HPV39~5358~+~chr16~21023723~+	HPV39	5358	+	chr16	21023723	+	Split	31	174	1.21	96.7	6.039	62.293	205	205	0.0	1.702	1.966	catatttagatactgcatttaataatacaaGG	TGtgccagggacattggggagtccctaaatga	.	HPV39:5358	True	16.0	130.0	146	0.926	1.000
HPV39~5807~-~chr15~65881080~+	HPV39	5807	-	chr15	65881080	+	Split	30	173	1.074	97.3	6.049	62.478	203	203	0.0	1.934	1.669	cacctttggaatgtcctgcttgcgaccaccAT	ATtggagatttatgtacctattttattataat	.	HPV39:5807	True	16.0	130.0	146	1.000	0.963
HPV39~5002~-~chr15~28875946~+	HPV39	5002	-	chr15	28875946	+	Split	30	171	1.294	96.8	5.836	62.373	201	201	0.0	1.922	1.821	agtatcaacaggctcaaaagcaggattatcAA	TTgaagtgcttctgaaatatttttcttcattc	.	HPV39:5002	True	16.0	130.0	146	0.963	1.000
HPV39~5681~+~chr21~22457510~+	HPV39	5681	+	chr21	22457510	+	Split	14	186	1.14	97.2	4.935	63.36	200	200	0.0	1.877	1.913	gtggcggtctagtgacagcatggtgtatttGC	TTctcagctcaaacacagagagagaactctct	.	HPV39:5681	True	13.0	133.0	146	1.000	0.889
HPV39~4158~-~chr18~69589470~+	HPV39	4158	-	chr18	69589470	+	Split	27	172	1.055	97.3	5.613	62.97	199	199	0.0	1.809	1.689	acatatacagtactatatcatatccattgcCA	TGaaaaaatctagaaagtaatttcacttttca	.	HPV39:4158	True	16.0	130.0	146	0.926	0.963
chr21~20236939~+~HPV39~5253~-	chr21	20236939	+	HPV39	5253	-	Split	6	172	3.129	95.3	2.674	67.303	178	178	0.0	1.725	1.966	tatttctttctcttgcctgattgccctggcCA	CTgtaattcaatgctttcagcaggagcaatac	.	HPV39:5253	True	16.0	130.0	146	0.926	1.000
HPV39~5835~-~chr19~412878~+	HPV39	5835	-	chr19	412878	+	Split	38	295	2.321	95.7	6.378	61.459	333	333	0.0	1.941	1.896	cgcgaaataccctatattgatatgcagacaCC	ATactagctgattcccggggcatcctgcccct	.	HPV39:5835	True	15.0	130.0	145	1.000	1.000
HPV39~4661~-~chr17~14718069~+	HPV39	4661	-	chr17	14718069	+	Split	17	188	1.224	96.9	5.849	62.21	205	205	0.0	1.945	1.934	cagaggagggtgtaatatccaataccgcagGC	GTgacctctgtagtaatggtgtcccttgtatg	.	HPV39:4661	True	15.0	130.0	145	1.000	1.000
HPV39~1691~-~chr16~83830497~+	HPV39	1691	-	chr16	83830497	+	Split	29	174	1.079	97.2	5.818	62.562	203	203	0.0	1.846	1.917	tctaagctttgtatatgtgtatataaggcaTA	TGacaggccccccaaccctgatctgaaggtgg	.	HPV39:1691	True	15.0	130.0	145	0.889	0.963
HPV39~1344~+~chr15~68506691~+	HPV39	1344	+	chr15	68506691	+	Split	17	186	1.818	96.2	6.833	61.33	203	203	0.0	1.945	1.877	cgtgccagacagcggatatggcaatatggaAG	CTagtaagcttcaagatctttatcctaaagtt	.	HPV39:1344	True	15.0	130.0	145	0.926	1.000
chr5~162319233~+~HPV39~5390~+	chr5	162319233	+	HPV39	5390	+	Split	17	185	1.629	96.4	5.748	62.287	202	202	0.0	1.997	1.868	cctggactggtagatacactgacagtttgcAC	ACtaccttctgtggcttcttcagcatctacta	.	HPV39:5390	True	15.0	130.0	145	1.000	0.963
HPV39~7691~+~chr12~94586761~+	HPV39	7691	+	chr12	94586761	+	Split	28	174	1.084	97.2	5.653	62.856	202	202	0.0	1.658	1.958	tgcttttaggcatatattttagctgtttttAC	CAcaggaatgtttatgcacagatggccaaatg	.	HPV39:7691	True	15.0	130.0	145	0.889	0.963
HPV39~4529~+~chr9~114895592~+	HPV39	4529	+	chr9	114895592	+	Split	27	174	1.124	97.2	5.547	62.851	201	201	0.0	1.904	1.821	gtgtctcctgcacgtccacctgtagttattGA	CAcagacactgaatatgataaaataccccaag	.	HPV39:4529	True	15.0	130.0	145	1.000	1.000
HPV39~2347~-~chr19~34907864~+	HPV39	2347	-	chr19	34907864	+	Split	29	172	1.294	96.7	6.03	62.483	201	201	0.0	1.966	1.917	aaaaatgtgactttcctgtattcgcaggtcCA	CAgtcacctccactatagtaagcagaccctct	.	HPV39:2347	True	15.0	130.0	145	1.000	1.000
chr8~75041049~+~HPV39~5548~-	chr8	75041049	+	HPV39	5548	-	Split	17	173	1.395	97.0	4.584	65.226	190	190	0.0	1.602	1.984	agcaaggttattaagaaagtaaaggaataaAA	ATgttgtgtctattggtccagaaggcaccaat	.	HPV39:5548	True	15.0	130.0	145	1.000	1.000
chr19~13849872~+~HPV39~3078~+	chr19	13849872	+	HPV39	3078	+	Split	16	162	2.888	96.6	4.669	64.758	178	178	0.0	1.899	1.785	tcaagcgattctcctgcctcggtctcccaaGT	ACagaggagtggacattaaaagacactagtaa	.	HPV39:3078	True	16.0	129.0	145	0.963	1.000
HPV39~5983~-~chr7~79349574~+	HPV39	5983	-	chr7	79349574	+	Split	25	198	1.099	97.0	4.659	64.148	223	223	0.0	1.904	1.831	ttatataatgggtgtccactaataccaacaCC	TGaatctagagaggttgagtaatttggtcaag	.	HPV39:5983	True	8.0	136.0	144	1.000	1.000
HPV39~3029~+~chr9~126066909~+	HPV39	3029	+	chr9	126066909	+	Split	25	198	1.444	96.3	4.798	63.87	223	223	0.0	1.785	1.963	aacatttcaaaatgtaaagcatatcaagctAT	AGgccaccgcaggtctagacagcgaggcattt	.	HPV39:3029	True	8.0	136.0	144	1.000	1.000
chr8~116942532~+~HPV39~6503~-	chr8	116942532	+	HPV39	6503	-	Split	15	189	1.029	97.2	6.196	62.294	204	204	0.0	1.889	1.938	tttcatttgatctgcatctcaggctaataaAA	AActaccggggtttgcacgtatatctgtgccc	.	HPV39:6503	True	14.0	130.0	144	1.000	1.000
chr18~58814293~+~HPV39~1308~-	chr18	58814293	+	HPV39	1308	-	Split	31	173	1.206	96.7	6.083	62.206	204	204	0.0	1.889	1.917	tgatctagcaattatgcttcagagtatgttCC	ACaccgtttgtgttgcctgcgtactgcttaca	.	HPV39:1308	True	14.0	130.0	144	1.000	1.000
chr6~104010518~+~HPV39~4430~-	chr6	104010518	+	HPV39	4430	-	Split	17	185	1.183	97.3	5.926	62.149	202	202	0.0	1.846	1.751	gaatattgaaataggatgattagccacattAT	GTgcctatgcctaacccacccaaaaatatacc	.	HPV39:4430	True	14.0	130.0	144	1.000	0.889
chrX~107222538~+~HPV39~5194~-	chrX	107222538	+	HPV39	5194	-	Split	27	173	1.35	96.6	5.685	62.875	200	200	0.0	1.637	1.958	gttaaagctttattttagaaaataataacaAT	GCgctccaatttgtgtgccacgccgggtaacc	.	HPV39:5194	True	14.0	130.0	144	0.963	1.000
HPV39~2860~-~chr20~16912892~+	HPV39	2860	-	chr20	16912892	+	Split	29	151	5.242	94.9	8.216	59.725	180	153	0.15	1.723	1.991	tattgatttactgtcttgttcatagtattcTA	GAggcagtctgactgttctgagatctcaaact	.	HPV39:2860	True	15.0	129.0	144	1.000	0.963
chr11~48828968~+~HPV39~7799~-	chr11	48828968	+	HPV39	7799	-	Split	7	103	7.9	94.4	6.209	62.573	110	110	0.0	1.602	1.899	aatatcttcacataaaaactagacaaaatcAT	GGttgcataaactattgtgtgctacattagtc	.	HPV39:7799	True	11.0	125.0	136	1.000	1.000
chr7~155450462~+~HPV39~2574~+	chr7	155450462	+	HPV39	2574	+	Split	9	190	1.407	96.2	4.397	65.065	199	199	0.0	1.899	1.846	tcgcggcttcctcagagggcgctggggaaaGA	AAagtttactacaaatgaaatgtccaccatta	.	HPV39:2574	True	12.0	123.0	135	1.000	0.963
chr8~17364509~+~HPV39~7456~-	chr8	17364509	+	HPV39	7456	-	Split	22	143	4.352	96.3	5.788	61.988	165	165	0.0	1.821	1.874	tattacctatactcaacacactgtgcaacaGA	GTcgccacaaaatggcgaagtataaaatgtag	.	HPV39:7456	True	14.0	121.0	135	0.963	0.926
chr6~154346762~+~HPV39~4630~+	chr6	154346762	+	HPV39	4630	+	Split	8	181	1.921	96.3	4.831	65.127	189	189	0.0	1.896	1.753	ataaaaccatcagatcttgtgagaactcacTC	GAtttgaaattacttcttcttctactactacg	.	HPV39:4630	True	11.0	123.0	134	1.000	0.741
chr16~79616492~+~HPV39~2499~+	chr16	79616492	+	HPV39	2499	+	Split	12	196	1.534	96.0	4.875	64.62	208	208	0.0	1.711	1.846	gccagcagttaattttttatgtttgtgtttTC	CCtgctggtcatatttcgataattatatgaga	.	HPV39:2499	True	9.0	124.0	133	0.926	1.000
chr11~56740972~+~HPV39~2994~+	chr11	56740972	+	HPV39	2994	+	Split	9	192	1.065	97.1	4.134	65.358	201	201	0.0	1.821	1.7	ctactcccggccaagttccagctactccctCA	ACcataaacatttcaaaatgtaaagcatatca	.	HPV39:2994	True	9.0	124.0	133	0.852	1.000
chr8~94254283~+~HPV39~5948~-	chr8	94254283	+	HPV39	5948	-	Split	12	187	1.025	97.0	5.02	64.362	199	199	0.0	1.882	1.984	gacatttgcatctatgctgtttactgtgtcCC	CAcaagcccatactaaacgttgtgtttctgga	.	HPV39:5948	True	9.0	124.0	133	1.000	1.000
chr2~95199262~+~HPV39~814~+	chr2	95199262	+	HPV39	814	+	Split	9	188	1.081	96.8	3.964	65.431	197	197	0.0	1.828	1.966	ccaggttcctccttcctcgatccaggcctgTG	ACtgcagctggtagtagaagcctcacgggata	.	HPV39:814	True	11.0	122.0	133	0.889	1.000
chr16~70643096~+~HPV39~7559~-	chr16	70643096	+	HPV39	7559	-	Split	20	174	2.335	97.1	4.093	62.675	194	194	0.0	1.765	1.971	atttttatttatttttgagacggatctcacTC	CAgtgccaactatgcagggtgaacctaaggta	.	HPV39:7559	True	9.0	124.0	133	0.815	1.000
chr3~173390944~+~HPV39~2238~-	chr3	173390944	+	HPV39	2238	-	Split	19	174	1.021	97.1	4.648	64.803	193	193	0.0	1.649	1.769	gcaagcaaacaaataaatataatcagattaTA	GTctccagtccccgccttcatcacatttacta	.	HPV39:2238	True	9.0	124.0	133	0.963	1.000
chr12~69414401~+~HPV39~1084~-	chr12	69414401	+	HPV39	1084	-	Split	10	182	1.198	96.9	4.068	65.38	192	192	0.0	1.991	1.984	aggaacatgctaccgcgactggctaatttaAA	TCatcaataaagtctgccaggtctgaacctgt	.	HPV39:1084	True	9.0	124.0	133	1.000	0.963
HPV39~3703~+~chr5~98942707~+	HPV39	3703	+	chr5	98942707	+	Split	18	179	1.076	96.9	4.315	65.096	197	197	0.0	1.7	1.856	tataatacatttaaaaggtgacaaaaatggTT	GTatgttttcccaaagtaatattatagcccta	.	HPV39:3703	True	9.0	122.0	131	1.000	1.000
HPV39~3487~+~chr1~189080875~+	HPV39	3487	+	chr1	189080875	+	Split	23	174	1.015	97.1	5.467	63.985	197	197	0.0	1.82	1.984	cgaattatcaaacaccaccgcgacccattcCA	GTatcatattcggagagccatgaagttacctg	.	HPV39:3487	True	9.0	122.0	131	1.000	1.000
HPV39~3117~-~chr11~25568717~+	HPV39	3117	-	chr11	25568717	+	Split	20	177	1.015	97.1	4.832	64.629	197	197	0.0	1.761	1.565	tttttaaaacattgttttggctgtgtatgcCA	CAatttgttaacatattttatttgactgttat	.	HPV39:3117	True	9.0	122.0	131	1.000	0.889
HPV39~2649~+~chr6~79664104~+	HPV39	2649	+	chr6	79664104	+	Split	11	184	2.954	96.0	5.436	63.923	195	195	0.0	1.984	1.914	taccaatcctgtggaagacgataggtggccAT	CCccaacccctgtccttcccaggtgaggtgac	.	HPV39:2649	True	8.0	123.0	131	1.000	0.926
chr16~71144009~+~HPV39~3530~-	chr16	71144009	+	HPV39	3530	-	Split	16	184	2.175	96.9	5.795	62.3	200	200	0.0	1.889	1.689	aaagtatctcctcttcagtaagagacataaTA	GAcggcggcgggattgttttttgggtgcatgg	.	HPV39:3530	True	14.0	112.0	126	1.000	0.889
HPV39~4932~-~chr19~43485284~+	HPV39	4932	-	chr19	43485284	+	Split	8	109	5.711	95.0	5.395	63.377	117	114	0.026	1.969	1.914	ttactaacacgaacctgctgatgtgctctaCT	GCtcactgcaacctgcacctcccaggttcaag	GC-AG	HPV39:4932	True	10.0	104.0	114	1.000	0.963
chr2~76779208~+~HPV39~6749~-	chr2	76779208	+	HPV39	6749	-	Split	19	73	16.054	93.8	10.826	57.957	92	92	0.0	1.809	1.909	caagtatgtggtcatgtttggaataggtgtGG	ACtcctccacgtgcctggtatattccttaaac	.	HPV39:6749	True	9.0	102.0	111	1.000	1.000
chr5~48046075~+~HPV39~5294~+	chr5	48046075	+	HPV39	5294	+	Span	2	58	28.117	95.0	1.0	68.967	60	60	0.0	1.8	1.782	aactcacagagtttaacctttcttttcataGA	ATtatttgatatatatgctgatgtggacaata	.	HPV39:5294	True	0.0	71.0	71	1.000	0.926
chr19~25645580~+~HPV39~5294~+	chr19	25645580	+	HPV39	5294	+	Span	2	58	28.117	95.0	1.0	68.967	60	60	0.0	1.8	1.782	aactcacagagtttaacctttcttttcataGA	ATtatttgatatatatgctgatgtggacaata	.	HPV39:5294	False			71	1.000	0.926
chr1~123240138~+~HPV39~5294~+	chr1	123240138	+	HPV39	5294	+	Span	2	58	28.117	95.0	1.0	68.967	60	60	0.0	1.8	1.782	aactcacagagtttaacctttcttttcataGA	ATtatttgatatatatgctgatgtggacaata	.	HPV39:5294	False			71	1.000	0.926
chr5~48560337~+~HPV39~5294~+	chr5	48560337	+	HPV39	5294	+	Span	1	18	32.474	95.5	1.263	68.737	19	19	0.0	1.917	1.782	agagcagttaggaaacactctgtttgtaaaGT	ATtatttgatatatatgctgatgtggacaata	.	HPV39:5294	Maybe	0.0	30.0	30	1.000	0.926
chr5~48171516~+~HPV39~5294~+	chr5	48171516	+	HPV39	5294	+	Span	1	18	32.474	95.5	1.263	68.737	19	19	0.0	1.917	1.782	agagcagttaggaaacactctgtttgtaaaGT	ATtatttgatatatatgctgatgtggacaata	.	HPV39:5294	False			30	1.000	0.926
chr5~47434407~+~HPV39~5294~+	chr5	47434407	+	HPV39	5294	+	Span	1	18	32.474	95.5	1.263	68.737	19	19	0.0	1.917	1.782	agagcagttaggaaacactctgtttgtaaaGT	ATtatttgatatatatgctgatgtggacaata	.	HPV39:5294	False			30	1.000	0.926
chr19~26159842~+~HPV39~5294~+	chr19	26159842	+	HPV39	5294	+	Span	1	18	32.474	95.5	1.263	68.737	19	19	0.0	1.917	1.782	agagcagttaggaaacactctgtttgtaaaGT	ATtatttgatatatatgctgatgtggacaata	.	HPV39:5294	False			30	1.000	0.926
chr19~25771021~+~HPV39~5294~+	chr19	25771021	+	HPV39	5294	+	Span	1	18	32.474	95.5	1.263	68.737	19	19	0.0	1.917	1.782	agagcagttaggaaacactctgtttgtaaaGT	ATtatttgatatatatgctgatgtggacaata	.	HPV39:5294	False			30	1.000	0.926
chr19~25033912~+~HPV39~5294~+	chr19	25033912	+	HPV39	5294	+	Span	1	18	32.474	95.5	1.263	68.737	19	19	0.0	1.917	1.782	agagcagttaggaaacactctgtttgtaaaGT	ATtatttgatatatatgctgatgtggacaata	.	HPV39:5294	False			30	1.000	0.926
chr1~123754400~+~HPV39~5294~+	chr1	123754400	+	HPV39	5294	+	Span	1	18	32.474	95.5	1.263	68.737	19	19	0.0	1.917	1.782	agagcagttaggaaacactctgtttgtaaaGT	ATtatttgatatatatgctgatgtggacaata	.	HPV39:5294	False			30	1.000	0.926
chr1~123365579~+~HPV39~5294~+	chr1	123365579	+	HPV39	5294	+	Span	1	18	32.474	95.5	1.263	68.737	19	19	0.0	1.917	1.782	agagcagttaggaaacactctgtttgtaaaGT	ATtatttgatatatatgctgatgtggacaata	.	HPV39:5294	False			30	1.000	0.926
chr1~122628470~+~HPV39~5294~+	chr1	122628470	+	HPV39	5294	+	Span	1	18	32.474	95.5	1.263	68.737	19	19	0.0	1.917	1.782	agagcagttaggaaacactctgtttgtaaaGT	ATtatttgatatatatgctgatgtggacaata	.	HPV39:5294	False			30	1.000	0.926
chr5~48764090~+~HPV39~5294~+	chr5	48764090	+	HPV39	5294	+	Span	1	16	32.941	95.6	1.059	68.941	17	17	0.0	1.917	1.782	agagcagttaggaaacactctgtttgtaaaGT	ATtatttgatatatatgctgatgtggacaata	.	HPV39:5294	False			30	1.000	0.926
chr19~26363595~+~HPV39~5294~+	chr19	26363595	+	HPV39	5294	+	Span	1	16	32.941	95.6	1.059	68.941	17	17	0.0	1.917	1.782	agagcagttaggaaacactctgtttgtaaaGT	ATtatttgatatatatgctgatgtggacaata	.	HPV39:5294	False			30	1.000	0.926
chr1~123958153~+~HPV39~5294~+	chr1	123958153	+	HPV39	5294	+	Span	1	16	32.941	95.6	1.059	68.941	17	17	0.0	1.917	1.782	agagcagttaggaaacactctgtttgtaaaGT	ATtatttgatatatatgctgatgtggacaata	.	HPV39:5294	False			30	1.000	0.926
chr5~48134217~+~HPV39~5294~+	chr5	48134217	+	HPV39	5294	+	Span	1	9	45.3	96.9	1.7	68.3	10	10	0.0	1.966	1.782	cgggatttcttcatattctgctagacagaaTA	ATtatttgatatatatgctgatgtggacaata	.	HPV39:5294	Maybe	0.0	22.0	22	1.000	0.926
chr19~25733722~+~HPV39~5294~+	chr19	25733722	+	HPV39	5294	+	Span	1	9	45.3	96.9	1.7	68.3	10	10	0.0	1.966	1.782	cgggatttcttcatattctgctagacagaaTA	ATtatttgatatatatgctgatgtggacaata	.	HPV39:5294	False			22	1.000	0.926
chr1~123328280~+~HPV39~5294~+	chr1	123328280	+	HPV39	5294	+	Span	1	9	45.3	96.9	1.7	68.3	10	10	0.0	1.966	1.782	cgggatttcttcatattctgctagacagaaTA	ATtatttgatatatatgctgatgtggacaata	.	HPV39:5294	False			22	1.000	0.926
HPV39~3530~+~chr1~146567156~+	HPV39	3530	+	chr1	146567156	+	Split	16	182	2.187	96.9	5.854	62.222	198	198	0.0	1.689	1.889	ccatgcacccaaaaaacaatcccgccgccgTC	TAttatgtctcttactgaagaggagatacttt	.	HPV39:3530	Maybe	2.0	18.0	20	0.889	1.000
HPV39~6749~+~chr2~76798166~+	HPV39	6749	+	chr2	76798166	+	Split	1	28	20.517	93.1	3.241	66.759	29	29	0.0	1.909	1.821	gtttaaggaatataccaggcacgtggaggaGT	CCacacctattccaaaattgaccacatacttg	.	HPV39:6749	Maybe	2.0	10.0	12	1.000	0.963
chr11~48828288~+~HPV39~7799~-	chr11	48828288	+	HPV39	7799	-	Split	1	109	2.591	95.9	1.173	68.809	110	110	0.0	1.821	1.899	aatatcttcacattgaaaatagacagaagcAT	GGttgcataaactattgtgtgctacattagtc	.	HPV39:7799	Maybe	0.0	11.0	11	1.000	1.000
chr5~47378296~+~HPV39~5294~+	chr5	47378296	+	HPV39	5294	+	Split	7	0	21.0	94.3	38.0	32.0	7	7	0.0	1.904	1.782	taacctttcttttcatagagcagttagcaaAC	ATtatttgatatatatgctgatgtggacaata	.	HPV39:5294	Maybe	6.0	1.0	7	1.000	0.926
chr19~47596675~+~HPV39~4932~+	chr19	47596675	+	HPV39	4932	+	Split	6	11	7.294	95.5	25.118	38.529	17	17	0.0	1.914	1.969	cttgaacctgggaggtgcaggttgcagtgaTC	AGtagagcacatcagcaggttcgtgttagtaa	.	HPV39:4932	Maybe	3.0	0.0	3	0.963	1.000
chr5~49345206~+~HPV39~5294~+	chr5	49345206	+	HPV39	5294	+	Span	1	7	37.5	94.8	2.0	68.0	8	8	0.0	1.963	1.782	catagagcagttaggaaacactctgtttgtGA	ATtatttgatatatatgctgatgtggacaata	.	HPV39:5294	Maybe	0.0	3.0	3	1.000	0.926
chr5~48026082~+~HPV39~5294~+	chr5	48026082	+	HPV39	5294	+	Span	1	7	37.5	94.8	2.0	68.0	8	8	0.0	1.963	1.782	catagagcagttaggaaacactctgtttgtGA	ATtatttgatatatatgctgatgtggacaata	.	HPV39:5294	False			3	1.000	0.926
chr19~26944711~+~HPV39~5294~+	chr19	26944711	+	HPV39	5294	+	Span	1	7	37.5	94.8	2.0	68.0	8	8	0.0	1.963	1.782	catagagcagttaggaaacactctgtttgtGA	ATtatttgatatatatgctgatgtggacaata	.	HPV39:5294	False			3	1.000	0.926
chr19~25625587~+~HPV39~5294~+	chr19	25625587	+	HPV39	5294	+	Span	1	7	37.5	94.8	2.0	68.0	8	8	0.0	1.963	1.782	catagagcagttaggaaacactctgtttgtGA	ATtatttgatatatatgctgatgtggacaata	.	HPV39:5294	False			3	1.000	0.926
chr1~124539269~+~HPV39~5294~+	chr1	124539269	+	HPV39	5294	+	Span	1	7	37.5	94.8	2.0	68.0	8	8	0.0	1.963	1.782	catagagcagttaggaaacactctgtttgtGA	ATtatttgatatatatgctgatgtggacaata	.	HPV39:5294	False			3	1.000	0.926
chr1~123220145~+~HPV39~5294~+	chr1	123220145	+	HPV39	5294	+	Span	1	7	37.5	94.8	2.0	68.0	8	8	0.0	1.963	1.782	catagagcagttaggaaacactctgtttgtGA	ATtatttgatatatatgctgatgtggacaata	.	HPV39:5294	False			3	1.000	0.926
chr2~76726286~+~HPV39~6749~-	chr2	76726286	+	HPV39	6749	-	Split	1	29	22.633	93.3	3.633	66.367	30	30	0.0	1.821	1.909	caagtatgtggtcaattttggaataggtgtCG	ACtcctccacgtgcctggtatattccttaaac	.	HPV39:6749	Maybe	0.0	2.0	2	1.000	1.000
HPV39~7799~+~chrY~10213014~+	HPV39	7799	+	chrY	10213014	+	Split	6	25	18.935	92.9	15.645	48.29	31	31	0.0	1.899	1.602	gactaatgtagcacacaatagtttatgcaaCC	AAgattttgtctagtttttatgtgaagatatt	.	HPV39:7799	Maybe	1.0	0.0	1	1.000	0.963
chr5~48412391~+~HPV39~5294~+	chr5	48412391	+	HPV39	5294	+	Span	1	11	35.25	94.7	1.917	68.083	12	12	0.0	1.927	1.782	cttcatattctgctagacagaagaattctcAG	ATtatttgatatatatgctgatgtggacaata	.	HPV39:5294	Maybe	0.0	1.0	1	0.963	0.926
chr19~26011896~+~HPV39~5294~+	chr19	26011896	+	HPV39	5294	+	Span	1	11	35.25	94.7	1.917	68.083	12	12	0.0	1.927	1.782	cttcatattctgctagacagaagaattctcAG	ATtatttgatatatatgctgatgtggacaata	.	HPV39:5294	False			1	0.963	0.926
chr1~123606454~+~HPV39~5294~+	chr1	123606454	+	HPV39	5294	+	Span	1	11	35.25	94.7	1.917	68.083	12	12	0.0	1.927	1.782	cttcatattctgctagacagaagaattctcAG	ATtatttgatatatatgctgatgtggacaata	.	HPV39:5294	False			1	0.963	0.926
chr21~13147347~+~HPV39~6749~-	chr21	13147347	+	HPV39	6749	-	Span	1	9	31.7	93.8	3.1	66.9	10	10	0.0	1.874	1.909	tgtctttgttctcattggtttcaaagaacaTC	ACtcctccacgtgcctggtatattccttaaac	.	HPV39:6749	Maybe	0.0	1.0	1	1.000	1.000
