index	#sample	entry	chrA	coordA	orientA	chrB	coordB	orientB	total	Split Reads	Uniquely Mapped Reads	Multiply Mapped Reads	Rank1 Hits
0	subset.insertion_seqs.fa	chr19~42238312~HPV45~3599	chr19	42238312	+	HPV45	3599	-	4	4	1	1	4
1	subset.insertion_seqs.fa	chrX~140501635~HPV45~6833	chrX	140501635	+	HPV45	6833	-	193	193	9	194	1
2	subset.insertion_seqs.fa	chrX~140700597~HPV45~6333	chrX	140700597	+	HPV45	6333	+	177	177	0	147	30
3	subset.insertion_seqs.fa	chr10~38097485~HPV45~0	chr10	38097485	+	HPV45	0	?	1	1	0	1	1
4	subset.insertion_seqs.fa	chr10~87760692~HPV45~1237	chr10	87760692	+	HPV45	1237	+	1	1	0	0	1
5	subset.insertion_seqs.fa	chr10~105154081~HPV45~0	chr10	105154081	+	HPV45	0	?	1	1	0	0	1
6	subset.insertion_seqs.fa	chr10~114264640~HPV45~5687	chr10	114264640	+	HPV45	5687	+	2	2	2	0	2
7	subset.insertion_seqs.fa	chr12~108484848~HPV45~2352	chr12	108484848	+	HPV45	2352	+	190	190	2	83	114
8	subset.insertion_seqs.fa	chr12~123362449~HPV45~5832	chr12	123362449	+	HPV45	5832	+	1	1	0	0	1
9	subset.insertion_seqs.fa	chr4~8184041~HPV45~297	chr4	8184041	+	HPV45	297	+	1	1	0	0	1
10	subset.insertion_seqs.fa	chr4~171304502~HPV45~4413	chr4	171304502	+	HPV45	4413	+	1	1	0	0	1
11	subset.insertion_seqs.fa	chr4~176308199~HPV45~2925	chr4	176308199	+	HPV45	2925	+	203	203	2	148	60
12	subset.insertion_seqs.fa	chr4~176355207~HPV45~1485	chr4	176355207	+	HPV45	1485	+	190	190	2	136	60
13	subset.insertion_seqs.fa	chr4~183954999~HPV45~0	chr4	183954999	+	HPV45	0	?	1	1	0	2	0
14	subset.insertion_seqs.fa	chr1~57512799~HPV45~7365	chr1	57512799	+	HPV45	7365	-	1	1	0	1	0
15	subset.insertion_seqs.fa	chr1~106597153~HPV45~0	chr1	106597153	+	HPV45	0	?	1	1	0	0	1
16	subset.insertion_seqs.fa	chr1~172609906~HPV45~3306	chr1	172609906	+	HPV45	3306	+	1	1	0	1	0
17	subset.insertion_seqs.fa	chr1~195002303~HPV45~0	chr1	195002303	+	HPV45	0	?	1	1	0	1	1
18	subset.insertion_seqs.fa	chr1~244119702~HPV45~0	chr1	244119702	+	HPV45	0	?	1	1	0	1	1
19	subset.insertion_seqs.fa	chr2~38078455~HPV45~0	chr2	38078455	+	HPV45	0	?	1	1	0	1	1
20	subset.insertion_seqs.fa	chr2~44213023~HPV45~6172	chr2	44213023	+	HPV45	6172	-	1	1	0	1	0
21	subset.insertion_seqs.fa	chr2~73062022~HPV45~6393	chr2	73062022	+	HPV45	6393	+	1	1	0	0	1
22	subset.insertion_seqs.fa	chr2~185528501~HPV45~1798	chr2	185528501	+	HPV45	1798	-	199	199	1	123	78
23	subset.insertion_seqs.fa	chr7~29774996~HPV45~6100	chr7	29774996	+	HPV45	6100	+	1	1	0	0	1
24	subset.insertion_seqs.fa	chr7~100159729~HPV45~6185	chr7	100159729	+	HPV45	6185	-	1	1	0	0	1
25	subset.insertion_seqs.fa	chr7~125201866~HPV45~6361	chr7	125201866	+	HPV45	6361	+	187	187	1	189	0
26	subset.insertion_seqs.fa	chr7~155251673~HPV45~4745	chr7	155251673	+	HPV45	4745	+	1	1	0	1	0
27	subset.insertion_seqs.fa	chr3~7351914~HPV45~2783	chr3	7351914	+	HPV45	2783	-	191	191	1	159	35
28	subset.insertion_seqs.fa	chr3~31619257~HPV45~3294	chr3	31619257	+	HPV45	3294	-	1	1	0	0	1
29	subset.insertion_seqs.fa	chr3~39150864~HPV45~2528	chr3	39150864	+	HPV45	2528	+	187	187	6	188	1
30	subset.insertion_seqs.fa	chr3~55854272~HPV45~4786	chr3	55854272	+	HPV45	4786	+	1	1	0	0	1
31	subset.insertion_seqs.fa	chr3~179458083~HPV45~0	chr3	179458083	+	HPV45	0	?	1	1	0	1	1
32	subset.insertion_seqs.fa	chr3~196418180~HPV45~0	chr3	196418180	+	HPV45	0	?	1	1	0	1	1
33	subset.insertion_seqs.fa	chr6~6928883~HPV45~5687	chr6	6928883	+	HPV45	5687	+	182	182	9	88	98
34	subset.insertion_seqs.fa	chr6~41195089~HPV45~3444	chr6	41195089	+	HPV45	3444	-	192	192	8	194	0
35	subset.insertion_seqs.fa	chr6~153459068~HPV45~2732	chr6	153459068	+	HPV45	2732	-	180	180	0	132	48
36	subset.insertion_seqs.fa	chr20~34262628~HPV45~731	chr20	34262628	+	HPV45	731	+	194	194	1	193	3
37	subset.insertion_seqs.fa	chr20~36834944~HPV45~0	chr20	36834944	+	HPV45	0	?	1	1	0	1	1
38	subset.insertion_seqs.fa	chr16~24270723~HPV45~5821	chr16	24270723	+	HPV45	5821	-	188	188	6	190	0
39	subset.insertion_seqs.fa	chr16~73371113~HPV45~3390	chr16	73371113	+	HPV45	3390	+	1	1	0	0	1
40	subset.insertion_seqs.fa	chr16~79249185~HPV45~5090	chr16	79249185	+	HPV45	5090	-	192	192	0	147	49
41	subset.insertion_seqs.fa	chr16~87347453~HPV45~4699	chr16	87347453	+	HPV45	4699	-	1	1	0	0	1
42	subset.insertion_seqs.fa	chr14~61829831~HPV45~3884	chr14	61829831	+	HPV45	3884	+	1	1	0	0	1
43	subset.insertion_seqs.fa	chr8~11295774~HPV45~5173	chr8	11295774	+	HPV45	5173	+	196	196	1	198	0
44	subset.insertion_seqs.fa	chr8~19924041~HPV45~0	chr8	19924041	+	HPV45	0	?	1	1	0	0	1
45	subset.insertion_seqs.fa	chr8~45974419~HPV45~6394	chr8	45974419	+	HPV45	6394	+	1	1	0	0	1
46	subset.insertion_seqs.fa	chr8~143847323~HPV45~0	chr8	143847323	+	HPV45	0	?	1	1	0	1	1
47	subset.insertion_seqs.fa	chr8~144158943~HPV45~972	chr8	144158943	+	HPV45	972	+	166	166	0	71	95
48	subset.insertion_seqs.fa	chr11~14269171~HPV45~1415	chr11	14269171	+	HPV45	1415	+	1	1	0	1	0
49	subset.insertion_seqs.fa	chr11~39998148~HPV45~0	chr11	39998148	+	HPV45	0	?	1	1	0	1	0
50	subset.insertion_seqs.fa	chr11~59430036~HPV45~4683	chr11	59430036	+	HPV45	4683	-	1	1	0	1	0
51	subset.insertion_seqs.fa	chr11~60452997~HPV45~2726	chr11	60452997	+	HPV45	2726	+	188	188	4	190	0
52	subset.insertion_seqs.fa	chr11~87469506~HPV45~6350	chr11	87469506	+	HPV45	6350	+	1	1	0	0	1
53	subset.insertion_seqs.fa	chr5~14800480~HPV45~1762	chr5	14800480	+	HPV45	1762	-	1	1	0	1	0
54	subset.insertion_seqs.fa	chr5~61268121~HPV45~2643	chr5	61268121	+	HPV45	2643	+	196	196	2	177	24
55	subset.insertion_seqs.fa	chr5~109693472~HPV45~6020	chr5	109693472	+	HPV45	6020	-	189	189	1	180	11
56	subset.insertion_seqs.fa	chr15~67399547~HPV45~5113	chr15	67399547	+	HPV45	5113	-	1	1	0	1	0
57	subset.insertion_seqs.fa	chr17~5040984~HPV45~3884	chr17	5040984	+	HPV45	3884	+	1	1	0	0	1
58	subset.insertion_seqs.fa	chr17~32425202~HPV45~254	chr17	32425202	+	HPV45	254	+	1	1	0	0	1
59	subset.insertion_seqs.fa	chr17~58786247~HPV45~3965	chr17	58786247	+	HPV45	3965	+	1	1	0	0	1
60	subset.insertion_seqs.fa	chr17~75074038~HPV45~3345	chr17	75074038	+	HPV45	3345	+	1	1	0	1	0
61	subset.insertion_seqs.fa	chr17~77879073~HPV45~177	chr17	77879073	+	HPV45	177	+	1	1	0	0	1
62	subset.insertion_seqs.fa	chr21~14363163~HPV45~6130	chr21	14363163	+	HPV45	6130	+	1	1	0	0	1
63	subset.insertion_seqs.fa	chr21~32634304~HPV45~2541	chr21	32634304	+	HPV45	2541	+	1	1	0	1	0
64	subset.insertion_seqs.fa	chr18~5692806~HPV45~0	chr18	5692806	+	HPV45	0	?	1	1	0	1	1
65	subset.insertion_seqs.fa	chr18~40054308~HPV45~3789	chr18	40054308	+	HPV45	3789	+	175	175	6	63	114
66	subset.insertion_seqs.fa	chr18~51241705~HPV45~1133	chr18	51241705	+	HPV45	1133	-	196	196	1	178	20
67	subset.insertion_seqs.fa	chr18~77375704~HPV45~0	chr18	77375704	+	HPV45	0	?	2	2	0	2	2
68	subset.insertion_seqs.fa	chr13~21304883~HPV45~4906	chr13	21304883	+	HPV45	4906	-	188	188	6	85	105
69	subset.insertion_seqs.fa	chr13~22286858~HPV45~5437	chr13	22286858	+	HPV45	5437	+	1	1	0	1	0
70	subset.insertion_seqs.fa	chr13~46766617~HPV45~5775	chr13	46766617	+	HPV45	5775	+	200	200	1	202	1
71	subset.insertion_seqs.fa	chr13~94740540~HPV45~6033	chr13	94740540	+	HPV45	6033	-	1	1	0	1	0
72	subset.insertion_seqs.fa	chr22~41123087~HPV45~6753	chr22	41123087	+	HPV45	6753	-	175	175	1	95	83
73	subset.insertion_seqs.fa	chrY~7844638~HPV45~4615	chrY	7844638	-	HPV45	4615	-	1	1	0	0	1
74	subset.insertion_seqs.fa	chr13~22286713~HPV45~5203	chr13	22286713	-	HPV45	5203	+	182	182	2	186	1
75	subset.insertion_seqs.fa	chr13~94740395~HPV45~6267	chr13	94740395	-	HPV45	6267	-	193	193	2	154	45
76	subset.insertion_seqs.fa	chr5~97947380~HPV45~1444	chr5	97947380	-	HPV45	1444	-	1	1	0	0	1
77	subset.insertion_seqs.fa	chr5~147902208~HPV45~6441	chr5	147902208	-	HPV45	6441	+	1	1	0	0	1
78	subset.insertion_seqs.fa	chr5~163380670~HPV45~4602	chr5	163380670	-	HPV45	4602	-	1	1	0	0	1
79	subset.insertion_seqs.fa	chr5~176522517~HPV45~6054	chr5	176522517	-	HPV45	6054	+	1	1	0	0	1
80	subset.insertion_seqs.fa	chr15~67399401~HPV45~5347	chr15	67399401	-	HPV45	5347	-	202	202	2	205	2
81	subset.insertion_seqs.fa	chr15~72947430~HPV45~3918	chr15	72947430	-	HPV45	3918	-	1	1	0	0	1
82	subset.insertion_seqs.fa	chr17~29441728~HPV45~1414	chr17	29441728	-	HPV45	1414	-	1	1	0	0	1
83	subset.insertion_seqs.fa	chr17~32425058~HPV45~17	chr17	32425058	-	HPV45	17	+	173	173	2	56	123
84	subset.insertion_seqs.fa	chr17~64666539~HPV45~3170	chr17	64666539	-	HPV45	3170	+	1	1	0	0	1
85	subset.insertion_seqs.fa	chr17~65862396~HPV45~6139	chr17	65862396	-	HPV45	6139	-	1	1	0	0	1
86	subset.insertion_seqs.fa	chr17~75073896~HPV45~3107	chr17	75073896	-	HPV45	3107	+	202	202	2	207	0
87	subset.insertion_seqs.fa	chr21~32634157~HPV45~2297	chr21	32634157	-	HPV45	2297	+	199	199	2	204	0
88	subset.insertion_seqs.fa	chr7~62980131~HPV45~0	chr7	62980131	-	HPV45	0	?	1	1	0	0	1
89	subset.insertion_seqs.fa	chr7~94813817~HPV45~6077	chr7	94813817	-	HPV45	6077	+	1	1	0	1	0
90	subset.insertion_seqs.fa	chr7~149104247~HPV45~1610	chr7	149104247	-	HPV45	1610	+	193	193	8	175	20
91	subset.insertion_seqs.fa	chr6~6561686~HPV45~0	chr6	6561686	-	HPV45	0	?	1	1	0	1	1
92	subset.insertion_seqs.fa	chr6~36870655~HPV45~2579	chr6	36870655	-	HPV45	2579	-	1	1	0	0	1
93	subset.insertion_seqs.fa	chr6~39702012~HPV45~5112	chr6	39702012	-	HPV45	5112	+	200	200	1	202	0
94	subset.insertion_seqs.fa	chr6~66497595~HPV45~4434	chr6	66497595	-	HPV45	4434	+	1	1	0	0	1
95	subset.insertion_seqs.fa	chr6~169505288~HPV45~7691	chr6	169505288	-	HPV45	7691	-	196	196	1	198	0
96	subset.insertion_seqs.fa	chr3~31619114~HPV45~3528	chr3	31619114	-	HPV45	3528	-	202	202	2	170	37
97	subset.insertion_seqs.fa	chr3~92616285~HPV45~0	chr3	92616285	-	HPV45	0	?	1	1	0	0	1
98	subset.insertion_seqs.fa	chr3~155403469~HPV45~3100	chr3	155403469	-	HPV45	3100	+	192	192	0	102	93
99	subset.insertion_seqs.fa	chr3~190954143~HPV45~3996	chr3	190954143	-	HPV45	3996	-	1	1	0	0	1
100	subset.insertion_seqs.fa	chr14~45177591~HPV45~3291	chr14	45177591	-	HPV45	3291	+	1	1	0	0	1
101	subset.insertion_seqs.fa	chr14~86308555~HPV45~1474	chr14	86308555	-	HPV45	1474	-	1	1	0	0	1
102	subset.insertion_seqs.fa	chr16~58601105~HPV45~3295	chr16	58601105	-	HPV45	3295	+	1	1	0	0	1
103	subset.insertion_seqs.fa	chr20~37774800~HPV45~2399	chr20	37774800	-	HPV45	2399	-	171	171	7	159	14
104	subset.insertion_seqs.fa	chr20~47690701~HPV45~2464	chr20	47690701	-	HPV45	2464	-	1	1	0	1	0
105	subset.insertion_seqs.fa	chr11~22107398~HPV45~2534	chr11	22107398	-	HPV45	2534	+	1	1	0	1	0
106	subset.insertion_seqs.fa	chr11~47630206~HPV45~3503	chr11	47630206	-	HPV45	3503	-	2	2	0	0	2
107	subset.insertion_seqs.fa	chr11~59429893~HPV45~4917	chr11	59429893	-	HPV45	4917	-	198	198	2	203	0
108	subset.insertion_seqs.fa	chr11~87030361~HPV45~0	chr11	87030361	-	HPV45	0	?	1	1	0	0	1
109	subset.insertion_seqs.fa	chr11~106090455~HPV45~2700	chr11	106090455	-	HPV45	2700	+	167	167	2	167	0
110	subset.insertion_seqs.fa	chr11~133494175~HPV45~4438	chr11	133494175	-	HPV45	4438	-	1	1	0	0	1
111	subset.insertion_seqs.fa	chr8~19924014~HPV45~1291	chr8	19924014	-	HPV45	1291	-	1	1	0	1	0
112	subset.insertion_seqs.fa	chrX~49689070~HPV45~3314	chrX	49689070	-	HPV45	3314	+	1	1	0	0	1
113	subset.insertion_seqs.fa	chrX~53727947~HPV45~3209	chrX	53727947	-	HPV45	3209	+	1	1	0	1	0
114	subset.insertion_seqs.fa	chrX~58532064~HPV45~6295	chrX	58532064	-	HPV45	6295	-	1	1	0	1	0
115	subset.insertion_seqs.fa	chrX~143988747~HPV45~4222	chrX	143988747	-	HPV45	4222	+	199	199	1	181	20
116	subset.insertion_seqs.fa	chr10~18622507~HPV45~0	chr10	18622507	-	HPV45	0	?	1	1	0	1	1
117	subset.insertion_seqs.fa	chr10~20952259~HPV45~3960	chr10	20952259	-	HPV45	3960	-	1	1	0	0	1
118	subset.insertion_seqs.fa	chr19~7960164~HPV45~5246	chr19	7960164	-	HPV45	5246	+	182	182	6	184	0
119	subset.insertion_seqs.fa	chr19~21247122~HPV45~3893	chr19	21247122	-	HPV45	3893	+	180	180	1	98	85
120	subset.insertion_seqs.fa	chr19~30247659~HPV45~2497	chr19	30247659	-	HPV45	2497	-	1	1	0	1	0
121	subset.insertion_seqs.fa	chr19~37677423~HPV45~3503	chr19	37677423	-	HPV45	3503	-	176	176	0	133	47
122	subset.insertion_seqs.fa	chr9~36335463~HPV45~3421	chr9	36335463	-	HPV45	3421	-	1	1	0	1	0
123	subset.insertion_seqs.fa	chr1~13815296~HPV45~3499	chr1	13815296	-	HPV45	3499	-	1	1	0	0	1
124	subset.insertion_seqs.fa	chr1~24004744~HPV45~0	chr1	24004744	-	HPV45	0	?	1	1	0	1	0
125	subset.insertion_seqs.fa	chr1~44599471~HPV45~2505	chr1	44599471	-	HPV45	2505	-	1	1	0	1	0
126	subset.insertion_seqs.fa	chr1~53504589~HPV45~3375	chr1	53504589	-	HPV45	3375	-	1	1	0	0	1
127	subset.insertion_seqs.fa	chr1~57512654~HPV45~7599	chr1	57512654	-	HPV45	7599	-	180	180	2	185	0
128	subset.insertion_seqs.fa	chr1~145970313~HPV45~0	chr1	145970313	-	HPV45	0	?	1	1	0	0	1
129	subset.insertion_seqs.fa	chr1~172609759~HPV45~3072	chr1	172609759	-	HPV45	3072	+	202	202	2	207	0
130	subset.insertion_seqs.fa	chr1~179647926~HPV45~0	chr1	179647926	-	HPV45	0	?	2	2	0	1	2
131	subset.insertion_seqs.fa	chr1~200884617~HPV45~2571	chr1	200884617	-	HPV45	2571	-	1	1	0	0	1
132	subset.insertion_seqs.fa	chr1~211989792~HPV45~0	chr1	211989792	-	HPV45	0	?	1	1	0	0	1
133	subset.insertion_seqs.fa	chr12~47134786~HPV45~3878	chr12	47134786	-	HPV45	3878	-	1	1	0	0	1
134	subset.insertion_seqs.fa	chr12~53140650~HPV45~3124	chr12	53140650	-	HPV45	3124	+	1	1	0	1	0
135	subset.insertion_seqs.fa	chr12~74575759~HPV45~3321	chr12	74575759	-	HPV45	3321	-	1	1	0	0	1
136	subset.insertion_seqs.fa	chr12~103989582~HPV45~4662	chr12	103989582	-	HPV45	4662	+	195	195	2	199	1
137	subset.insertion_seqs.fa	chr12~129044890~HPV45~339	chr12	129044890	-	HPV45	339	-	1	1	0	0	1
138	subset.insertion_seqs.fa	chr4~47262218~HPV45~4689	chr4	47262218	-	HPV45	4689	-	1	1	0	0	1
139	subset.insertion_seqs.fa	chr4~69497645~HPV45~1490	chr4	69497645	-	HPV45	1490	+	1	1	0	1	0
140	subset.insertion_seqs.fa	chr4~136631599~HPV45~0	chr4	136631599	-	HPV45	0	?	1	1	0	1	0
141	subset.insertion_seqs.fa	chr4~159996498~HPV45~6061	chr4	159996498	-	HPV45	6061	-	2	2	0	0	2
142	subset.insertion_seqs.fa	chr2~65323710~HPV45~3943	chr2	65323710	-	HPV45	3943	-	1	1	0	0	1
143	subset.insertion_seqs.fa	chr2~73271638~HPV45~0	chr2	73271638	-	HPV45	0	?	1	1	0	0	1
144	subset.insertion_seqs.fa	chr2~108738820~HPV45~0	chr2	108738820	-	HPV45	0	?	1	1	0	0	1
145	subset.insertion_seqs.fa	chr2~135360649~HPV45~0	chr2	135360649	-	HPV45	0	?	1	1	0	0	1
146	subset.insertion_seqs.fa	chr2~135715276~HPV45~3942	chr2	135715276	-	HPV45	3942	-	1	1	0	0	1
0	subset.insertion_seqs.fa	chr9~85567539~HPV39~2414	chr9	85567539	+	HPV39	2414	-	1	1	0	0	1
1	subset.insertion_seqs.fa	chr9~89941370~HPV39~2388	chr9	89941370	+	HPV39	2388	-	1	1	0	0	1
2	subset.insertion_seqs.fa	chr9~91546326~HPV39~4966	chr9	91546326	+	HPV39	4966	-	169	169	0	48	126
3	subset.insertion_seqs.fa	chr9~98218371~HPV39~1481	chr9	98218371	+	HPV39	1481	-	1	1	0	0	1
4	subset.insertion_seqs.fa	chr9~108789327~HPV39~6108	chr9	108789327	+	HPV39	6108	+	150	150	0	152	1
5	subset.insertion_seqs.fa	chr15~31750859~HPV39~5204	chr15	31750859	+	HPV39	5204	-	186	186	3	75	115
6	subset.insertion_seqs.fa	chr15~49881691~HPV39~2489	chr15	49881691	+	HPV39	2489	-	190	190	9	144	49
7	subset.insertion_seqs.fa	chr13~20103465~HPV39~0	chr13	20103465	+	HPV39	0	?	1	1	0	1	1
8	subset.insertion_seqs.fa	chr13~72271425~HPV39~0	chr13	72271425	+	HPV39	0	?	1	1	0	1	1
9	subset.insertion_seqs.fa	chr13~103129533~HPV39~6437	chr13	103129533	+	HPV39	6437	+	1	1	0	1	0
10	subset.insertion_seqs.fa	chr5~67919398~HPV39~0	chr5	67919398	+	HPV39	0	?	1	1	0	1	1
11	subset.insertion_seqs.fa	chr5~110316739~HPV39~3172	chr5	110316739	+	HPV39	3172	+	209	209	6	48	163
12	subset.insertion_seqs.fa	chr5~139603146~HPV39~987	chr5	139603146	+	HPV39	987	+	142	142	0	143	1
13	subset.insertion_seqs.fa	chrY~5412036~HPV39~0	chrY	5412036	+	HPV39	0	?	1	1	0	1	1
14	subset.insertion_seqs.fa	chr8~28056347~HPV39~5640	chr8	28056347	+	HPV39	5640	+	1	1	0	0	1
15	subset.insertion_seqs.fa	chr8~113233161~HPV39~6804	chr8	113233161	+	HPV39	6804	-	143	143	0	145	0
16	subset.insertion_seqs.fa	chr8~126528196~HPV39~3304	chr8	126528196	+	HPV39	3304	+	1	1	0	0	1
17	subset.insertion_seqs.fa	chr11~31144361~HPV39~0	chr11	31144361	+	HPV39	0	?	1	1	0	0	1
18	subset.insertion_seqs.fa	chr11~60938918~HPV39~7218	chr11	60938918	+	HPV39	7218	-	108	108	0	110	0
19	subset.insertion_seqs.fa	chr11~65702646~HPV39~4834	chr11	65702646	+	HPV39	4834	-	1	1	0	0	1
20	subset.insertion_seqs.fa	chr11~81822681~HPV39~0	chr11	81822681	+	HPV39	0	?	1	1	0	2	0
21	subset.insertion_seqs.fa	chr11~88893520~HPV39~5530	chr11	88893520	+	HPV39	5530	-	179	179	1	35	147
22	subset.insertion_seqs.fa	chr10~72868099~HPV39~1494	chr10	72868099	+	HPV39	1494	-	190	190	6	95	97
23	subset.insertion_seqs.fa	chr10~73149679~HPV39~4708	chr10	73149679	+	HPV39	4708	+	1	1	0	0	1
24	subset.insertion_seqs.fa	chr10~132649111~HPV39~3047	chr10	132649111	+	HPV39	3047	-	1	1	0	1	0
25	subset.insertion_seqs.fa	chr4~21195483~HPV39~3033	chr4	21195483	+	HPV39	3033	+	209	209	6	211	0
26	subset.insertion_seqs.fa	chr4~70921654~HPV39~0	chr4	70921654	+	HPV39	0	?	1	1	0	0	1
27	subset.insertion_seqs.fa	chr4~80861367~HPV39~4880	chr4	80861367	+	HPV39	4880	-	3	3	2	0	3
28	subset.insertion_seqs.fa	chr4~90119752~HPV39~3082	chr4	90119752	+	HPV39	3082	-	1	1	0	1	0
29	subset.insertion_seqs.fa	chr4~133739688~HPV39~4557	chr4	133739688	+	HPV39	4557	-	1	1	0	1	0
30	subset.insertion_seqs.fa	chr4~155692130~HPV39~0	chr4	155692130	+	HPV39	0	?	1	1	0	1	1
31	subset.insertion_seqs.fa	chr1~175110846~HPV39~5164	chr1	175110846	+	HPV39	5164	-	1	1	0	1	0
32	subset.insertion_seqs.fa	chr1~186819426~HPV39~5177	chr1	186819426	+	HPV39	5177	-	148	148	0	150	0
33	subset.insertion_seqs.fa	chr1~199390011~HPV39~1879	chr1	199390011	+	HPV39	1879	+	1	1	0	0	1
34	subset.insertion_seqs.fa	chr1~220131057~HPV39~0	chr1	220131057	+	HPV39	0	?	1	1	0	1	0
35	subset.insertion_seqs.fa	chr1~244977485~HPV39~2720	chr1	244977485	+	HPV39	2720	-	1	1	0	0	1
36	subset.insertion_seqs.fa	chr6~21011321~HPV39~5745	chr6	21011321	+	HPV39	5745	+	1	1	0	0	1
37	subset.insertion_seqs.fa	chr6~63137718~HPV39~3311	chr6	63137718	+	HPV39	3311	+	1	1	0	1	0
38	subset.insertion_seqs.fa	chr6~85609651~HPV39~5350	chr6	85609651	+	HPV39	5350	-	209	209	6	212	0
39	subset.insertion_seqs.fa	chr6~98693279~HPV39~4848	chr6	98693279	+	HPV39	4848	-	1	1	0	0	1
40	subset.insertion_seqs.fa	chr6~146265897~HPV39~4698	chr6	146265897	+	HPV39	4698	+	1	1	0	1	0
41	subset.insertion_seqs.fa	chr21~14717639~HPV39~2485	chr21	14717639	+	HPV39	2485	-	1	1	0	0	1
42	subset.insertion_seqs.fa	chr21~21796692~HPV39~5435	chr21	21796692	+	HPV39	5435	+	133	133	0	62	71
43	subset.insertion_seqs.fa	chr21~30689088~HPV39~1049	chr21	30689088	+	HPV39	1049	-	1	1	0	1	0
44	subset.insertion_seqs.fa	chr21~39367560~HPV39~2406	chr21	39367560	+	HPV39	2406	-	1	1	0	1	0
45	subset.insertion_seqs.fa	chr18~2838119~HPV39~3201	chr18	2838119	+	HPV39	3201	+	1	1	0	0	1
46	subset.insertion_seqs.fa	chr18~27398604~HPV39~4537	chr18	27398604	+	HPV39	4537	+	170	170	7	120	52
47	subset.insertion_seqs.fa	chr18~35864014~HPV39~2320	chr18	35864014	+	HPV39	2320	+	1	1	0	0	1
48	subset.insertion_seqs.fa	chr18~62616100~HPV39~5078	chr18	62616100	+	HPV39	5078	-	1	1	0	1	0
49	subset.insertion_seqs.fa	chr12~13198991~HPV39~963	chr12	13198991	+	HPV39	963	+	141	141	0	141	0
50	subset.insertion_seqs.fa	chr20~19431522~HPV39~4054	chr20	19431522	+	HPV39	4054	-	208	208	6	209	1
51	subset.insertion_seqs.fa	chr20~57489826~HPV39~2633	chr20	57489826	+	HPV39	2633	-	1	1	0	0	1
52	subset.insertion_seqs.fa	chrX~46778714~HPV39~0	chrX	46778714	+	HPV39	0	?	1	1	0	0	1
53	subset.insertion_seqs.fa	chrX~111198505~HPV39~4849	chrX	111198505	+	HPV39	4849	+	1	1	0	0	1
54	subset.insertion_seqs.fa	chr2~42716666~HPV39~1618	chr2	42716666	+	HPV39	1618	+	199	199	6	54	148
55	subset.insertion_seqs.fa	chr2~224066724~HPV39~0	chr2	224066724	+	HPV39	0	?	1	1	0	0	1
56	subset.insertion_seqs.fa	chr14~39351790~HPV39~3046	chr14	39351790	+	HPV39	3046	+	192	192	0	111	81
57	subset.insertion_seqs.fa	chr14~94592465~HPV39~1118	chr14	94592465	+	HPV39	1118	-	209	209	6	211	0
58	subset.insertion_seqs.fa	chr17~4366997~HPV39~2451	chr17	4366997	+	HPV39	2451	+	131	131	0	133	0
59	subset.insertion_seqs.fa	chr17~67956983~HPV39~4817	chr17	67956983	+	HPV39	4817	-	1	1	0	0	1
60	subset.insertion_seqs.fa	chr22~27975030~HPV39~2649	chr22	27975030	+	HPV39	2649	-	1	1	0	1	0
61	subset.insertion_seqs.fa	chr22~28137172~HPV39~2877	chr22	28137172	+	HPV39	2877	-	1	1	0	1	0
62	subset.insertion_seqs.fa	chr22~32098154~HPV39~6717	chr22	32098154	+	HPV39	6717	+	201	201	6	112	91
63	subset.insertion_seqs.fa	chr22~44761207~HPV39~2756	chr22	44761207	+	HPV39	2756	-	1	1	0	1	0
64	subset.insertion_seqs.fa	chr3~36539267~HPV39~1737	chr3	36539267	+	HPV39	1737	+	1	1	0	1	0
65	subset.insertion_seqs.fa	chr3~51322524~HPV39~2546	chr3	51322524	+	HPV39	2546	-	1	1	0	0	1
66	subset.insertion_seqs.fa	chr3~51784202~HPV39~2731	chr3	51784202	+	HPV39	2731	-	1	1	0	0	1
67	subset.insertion_seqs.fa	chr3~64146005~HPV39~3162	chr3	64146005	+	HPV39	3162	+	1	1	0	1	0
68	subset.insertion_seqs.fa	chr3~176058245~HPV39~3492	chr3	176058245	+	HPV39	3492	-	148	148	0	150	0
69	subset.insertion_seqs.fa	chr7~5357642~HPV39~4662	chr7	5357642	+	HPV39	4662	+	1	1	0	0	1
70	subset.insertion_seqs.fa	chr7~37491520~HPV39~0	chr7	37491520	+	HPV39	0	?	1	1	0	0	1
71	subset.insertion_seqs.fa	chr7~76996859~HPV39~0	chr7	76996859	+	HPV39	0	?	1	1	0	1	1
72	subset.insertion_seqs.fa	chr7~97414437~HPV39~1869	chr7	97414437	+	HPV39	1869	+	194	194	2	199	0
73	subset.insertion_seqs.fa	chr7~108790169~HPV39~1915	chr7	108790169	+	HPV39	1915	+	1	1	0	0	1
74	subset.insertion_seqs.fa	chr16~3280771~HPV39~4780	chr16	3280771	+	HPV39	4780	-	1	1	0	1	0
75	subset.insertion_seqs.fa	chr16~61991787~HPV39~2125	chr16	61991787	+	HPV39	2125	-	1	1	0	1	0
76	subset.insertion_seqs.fa	chr16~72000135~HPV39~4138	chr16	72000135	+	HPV39	4138	+	206	206	6	207	1
77	subset.insertion_seqs.fa	chr16~75320335~HPV39~2262	chr16	75320335	+	HPV39	2262	+	145	145	0	148	0
78	subset.insertion_seqs.fa	chr16~87542218~HPV39~5089	chr16	87542218	+	HPV39	5089	-	1	1	0	1	0
79	subset.insertion_seqs.fa	chr9~60867266~HPV39~4736	chr9	60867266	-	HPV39	4736	-	1	1	0	0	1
80	subset.insertion_seqs.fa	chr9~94990761~HPV39~2410	chr9	94990761	-	HPV39	2410	+	1	1	0	0	1
81	subset.insertion_seqs.fa	chr9~136501308~HPV39~4761	chr9	136501308	-	HPV39	4761	+	1	1	0	0	1
82	subset.insertion_seqs.fa	chr5~26769748~HPV39~3564	chr5	26769748	-	HPV39	3564	-	1	1	0	0	1
83	subset.insertion_seqs.fa	chr5~177905971~HPV39~4865	chr5	177905971	-	HPV39	4865	+	1	1	0	1	0
84	subset.insertion_seqs.fa	chr13~103129197~HPV39~6341	chr13	103129197	-	HPV39	6341	+	191	191	2	161	34
85	subset.insertion_seqs.fa	chr8~84279662~HPV39~1662	chr8	84279662	-	HPV39	1662	+	185	185	1	185	2
86	subset.insertion_seqs.fa	chr11~81822653~HPV39~2228	chr11	81822653	-	HPV39	2228	+	1	1	0	1	0
87	subset.insertion_seqs.fa	chr10~24125137~HPV39~4777	chr10	24125137	-	HPV39	4777	+	1	1	0	0	1
88	subset.insertion_seqs.fa	chr10~68576059~HPV39~4785	chr10	68576059	-	HPV39	4785	+	1	1	0	0	1
89	subset.insertion_seqs.fa	chr10~73149590~HPV39~4638	chr10	73149590	-	HPV39	4638	-	1	1	0	0	1
90	subset.insertion_seqs.fa	chr10~88905954~HPV39~4653	chr10	88905954	-	HPV39	4653	-	192	192	8	194	0
91	subset.insertion_seqs.fa	chr10~117767366~HPV39~0	chr10	117767366	-	HPV39	0	?	1	1	0	0	1
92	subset.insertion_seqs.fa	chr10~132648760~HPV39~3112	chr10	132648760	-	HPV39	3112	-	203	203	6	204	1
93	subset.insertion_seqs.fa	chr4~90119397~HPV39~3147	chr4	90119397	-	HPV39	3147	-	199	199	6	202	0
94	subset.insertion_seqs.fa	chr4~96925907~HPV39~0	chr4	96925907	-	HPV39	0	?	1	1	0	1	1
95	subset.insertion_seqs.fa	chr4~155791225~HPV39~1384	chr4	155791225	-	HPV39	1384	+	1	1	0	0	1
96	subset.insertion_seqs.fa	chr1~49242805~HPV39~3731	chr1	49242805	-	HPV39	3731	+	141	141	0	138	3
97	subset.insertion_seqs.fa	chr1~113222187~HPV39~2360	chr1	113222187	-	HPV39	2360	+	2	2	0	0	2
98	subset.insertion_seqs.fa	chr6~73918078~HPV39~4800	chr6	73918078	-	HPV39	4800	+	1	1	0	0	1
99	subset.insertion_seqs.fa	chr6~86921705~HPV39~4799	chr6	86921705	-	HPV39	4799	+	2	2	0	1	2
100	subset.insertion_seqs.fa	chr6~146265561~HPV39~4594	chr6	146265561	-	HPV39	4594	+	192	192	2	75	123
101	subset.insertion_seqs.fa	chr6~165074138~HPV39~1734	chr6	165074138	-	HPV39	1734	-	1	1	0	0	1
102	subset.insertion_seqs.fa	chr21~21414561~HPV39~0	chr21	21414561	-	HPV39	0	?	1	1	0	0	1
103	subset.insertion_seqs.fa	chr21~30688736~HPV39~1114	chr21	30688736	-	HPV39	1114	-	208	208	6	210	1
104	subset.insertion_seqs.fa	chr18~604101~HPV39~2544	chr18	604101	-	HPV39	2544	+	1	1	0	0	1
105	subset.insertion_seqs.fa	chr18~62615615~HPV39~4655	chr18	62615615	-	HPV39	4655	+	181	181	0	157	29
106	subset.insertion_seqs.fa	chr12~26776778~HPV39~0	chr12	26776778	-	HPV39	0	?	1	1	0	1	1
107	subset.insertion_seqs.fa	chr12~27917740~HPV39~4603	chr12	27917740	-	HPV39	4603	+	1	1	0	0	1
108	subset.insertion_seqs.fa	chr12~66578797~HPV39~4742	chr12	66578797	-	HPV39	4742	+	1	1	0	0	1
109	subset.insertion_seqs.fa	chr12~78506770~HPV39~0	chr12	78506770	-	HPV39	0	?	1	1	0	0	1
110	subset.insertion_seqs.fa	chr20~38153892~HPV39~0	chr20	38153892	-	HPV39	0	?	1	1	0	1	1
111	subset.insertion_seqs.fa	chr20~50687125~HPV39~869	chr20	50687125	-	HPV39	869	+	184	184	9	186	0
112	subset.insertion_seqs.fa	chrX~96400147~HPV39~4816	chrX	96400147	-	HPV39	4816	+	1	1	0	0	1
113	subset.insertion_seqs.fa	chrX~121927927~HPV39~2010	chrX	121927927	-	HPV39	2010	-	1	1	0	0	1
114	subset.insertion_seqs.fa	chr2~28273595~HPV39~4577	chr2	28273595	-	HPV39	4577	+	1	1	0	0	1
115	subset.insertion_seqs.fa	chr2~32184511~HPV39~0	chr2	32184511	-	HPV39	0	?	1	1	0	0	1
116	subset.insertion_seqs.fa	chr2~69647480~HPV39~2820	chr2	69647480	-	HPV39	2820	-	178	178	1	21	161
117	subset.insertion_seqs.fa	chr2~102182053~HPV39~5214	chr2	102182053	-	HPV39	5214	-	192	192	8	194	0
118	subset.insertion_seqs.fa	chr2~102730630~HPV39~5825	chr2	102730630	-	HPV39	5825	-	1	1	0	0	1
119	subset.insertion_seqs.fa	chr2~119443712~HPV39~0	chr2	119443712	-	HPV39	0	?	1	1	0	0	1
120	subset.insertion_seqs.fa	chr2~156109119~HPV39~5934	chr2	156109119	-	HPV39	5934	-	1	1	0	1	0
121	subset.insertion_seqs.fa	chr2~213576651~HPV39~0	chr2	213576651	-	HPV39	0	?	1	1	0	1	1
122	subset.insertion_seqs.fa	chr17~50935379~HPV39~2096	chr17	50935379	-	HPV39	2096	-	192	192	1	190	4
123	subset.insertion_seqs.fa	chr14~38524926~HPV39~4010	chr14	38524926	-	HPV39	4010	-	193	193	1	188	7
124	subset.insertion_seqs.fa	chr14~66106420~HPV39~0	chr14	66106420	-	HPV39	0	?	1	1	0	1	1
125	subset.insertion_seqs.fa	chr19~51665224~HPV39~7307	chr19	51665224	-	HPV39	7307	+	1	1	0	0	1
126	subset.insertion_seqs.fa	chr22~28136821~HPV39~2943	chr22	28136821	-	HPV39	2943	-	203	203	6	204	1
127	subset.insertion_seqs.fa	chr22~44760856~HPV39~2821	chr22	44760856	-	HPV39	2821	-	199	199	6	197	4
128	subset.insertion_seqs.fa	chr3~9974668~HPV39~5684	chr3	9974668	-	HPV39	5684	-	1	1	0	0	1
129	subset.insertion_seqs.fa	chr3~57349840~HPV39~2439	chr3	57349840	-	HPV39	2439	+	1	1	0	0	1
130	subset.insertion_seqs.fa	chr3~80246727~HPV39~7562	chr3	80246727	-	HPV39	7562	-	135	135	2	99	39
131	subset.insertion_seqs.fa	chr3~173063649~HPV39~7450	chr3	173063649	-	HPV39	7450	-	153	153	1	97	59
132	subset.insertion_seqs.fa	chr16~50554802~HPV39~2545	chr16	50554802	-	HPV39	2545	+	2	2	0	1	1
133	subset.insertion_seqs.fa	chr16~61991431~HPV39~2190	chr16	61991431	-	HPV39	2190	-	208	208	6	210	0
134	subset.insertion_seqs.fa	chr16~87541866~HPV39~5155	chr16	87541866	-	HPV39	5155	-	204	204	6	207	0
135	subset.insertion_seqs.fa	chr7~19926519~HPV39~4655	chr7	19926519	-	HPV39	4655	+	1	1	0	0	1
136	subset.insertion_seqs.fa	chr7~100235595~HPV39~0	chr7	100235595	-	HPV39	0	?	1	1	0	1	1
0	subset.insertion_seqs.fa	chr12~2930081~HPV33~3615	chr12	2930081	+	HPV33	3615	+	181	181	2	41	144
1	subset.insertion_seqs.fa	chr12~31660403~HPV33~6499	chr12	31660403	+	HPV33	6499	+	167	167	2	98	72
2	subset.insertion_seqs.fa	chr12~77587347~HPV33~4537	chr12	77587347	+	HPV33	4537	+	189	189	2	193	0
3	subset.insertion_seqs.fa	chr12~77659740~HPV33~0	chr12	77659740	+	HPV33	0	?	1	1	0	1	1
4	subset.insertion_seqs.fa	chr21~13861568~HPV33~6640	chr21	13861568	+	HPV33	6640	+	190	190	3	36	158
5	subset.insertion_seqs.fa	chr21~25531227~HPV33~5941	chr21	25531227	+	HPV33	5941	-	1	1	0	0	1
6	subset.insertion_seqs.fa	chr10~36920174~HPV33~6281	chr10	36920174	+	HPV33	6281	-	141	141	0	4	137
7	subset.insertion_seqs.fa	chr10~45669959~HPV33~3462	chr10	45669959	+	HPV33	3462	+	3	3	0	0	3
8	subset.insertion_seqs.fa	chr10~108610521~HPV33~1874	chr10	108610521	+	HPV33	1874	+	1	1	0	1	0
9	subset.insertion_seqs.fa	chr10~109017169~HPV33~3523	chr10	109017169	+	HPV33	3523	+	162	162	2	140	22
10	subset.insertion_seqs.fa	chr10~110406712~HPV33~2075	chr10	110406712	+	HPV33	2075	+	188	188	2	172	20
11	subset.insertion_seqs.fa	chr10~127711667~HPV33~7613	chr10	127711667	+	HPV33	7613	-	1	1	0	0	1
12	subset.insertion_seqs.fa	chr6~7706213~HPV33~7604	chr6	7706213	+	HPV33	7604	-	142	142	3	142	0
13	subset.insertion_seqs.fa	chr6~73391855~HPV33~5638	chr6	73391855	+	HPV33	5638	+	1	1	0	0	1
14	subset.insertion_seqs.fa	chr6~92402721~HPV33~5923	chr6	92402721	+	HPV33	5923	-	2	2	0	0	2
15	subset.insertion_seqs.fa	chr6~109043710~HPV33~3397	chr6	109043710	+	HPV33	3397	+	1	1	0	1	0
16	subset.insertion_seqs.fa	chr6~123450697~HPV33~0	chr6	123450697	+	HPV33	0	?	1	1	0	1	0
17	subset.insertion_seqs.fa	chr6~138889411~HPV33~0	chr6	138889411	+	HPV33	0	?	1	1	0	1	1
18	subset.insertion_seqs.fa	chr6~142809655~HPV33~6811	chr6	142809655	+	HPV33	6811	-	1	1	0	0	1
19	subset.insertion_seqs.fa	chr6~164641829~HPV33~0	chr6	164641829	+	HPV33	0	?	1	1	0	1	1
20	subset.insertion_seqs.fa	chr2~33090664~HPV33~320	chr2	33090664	+	HPV33	320	+	163	163	2	163	0
21	subset.insertion_seqs.fa	chr2~52274062~HPV33~3496	chr2	52274062	+	HPV33	3496	+	1	1	0	0	1
22	subset.insertion_seqs.fa	chr2~66168099~HPV33~6399	chr2	66168099	+	HPV33	6399	-	1	1	0	1	0
23	subset.insertion_seqs.fa	chr2~101217013~HPV33~1027	chr2	101217013	+	HPV33	1027	+	1	1	0	1	0
24	subset.insertion_seqs.fa	chr2~137623410~HPV33~3635	chr2	137623410	+	HPV33	3635	+	1	1	0	0	1
25	subset.insertion_seqs.fa	chr2~162522854~HPV33~2734	chr2	162522854	+	HPV33	2734	+	190	190	2	193	1
26	subset.insertion_seqs.fa	chr2~212880020~HPV33~3431	chr2	212880020	+	HPV33	3431	+	180	180	0	1	185
27	subset.insertion_seqs.fa	chr2~232924121~HPV33~0	chr2	232924121	+	HPV33	0	?	1	1	0	0	1
28	subset.insertion_seqs.fa	chr2~239838439~HPV33~7797	chr2	239838439	+	HPV33	7797	-	1	1	0	0	1
29	subset.insertion_seqs.fa	chr16~4424152~HPV33~1464	chr16	4424152	+	HPV33	1464	+	1	1	0	0	1
30	subset.insertion_seqs.fa	chr16~19043645~HPV33~7018	chr16	19043645	+	HPV33	7018	-	1	1	0	1	0
31	subset.insertion_seqs.fa	chr16~21824366~HPV33~1663	chr16	21824366	+	HPV33	1663	+	1	1	0	0	1
32	subset.insertion_seqs.fa	chr9~14898592~HPV33~0	chr9	14898592	+	HPV33	0	?	1	1	0	1	0
33	subset.insertion_seqs.fa	chr9~36584329~HPV33~1582	chr9	36584329	+	HPV33	1582	+	1	1	0	0	1
34	subset.insertion_seqs.fa	chr4~19600565~HPV33~3595	chr4	19600565	+	HPV33	3595	-	191	191	2	194	1
35	subset.insertion_seqs.fa	chr4~56219099~HPV33~4715	chr4	56219099	+	HPV33	4715	+	169	169	2	133	37
36	subset.insertion_seqs.fa	chr4~132493062~HPV33~1161	chr4	132493062	+	HPV33	1161	+	1	1	0	0	1
37	subset.insertion_seqs.fa	chr18~3623728~HPV33~3680	chr18	3623728	+	HPV33	3680	+	1	1	0	0	1
38	subset.insertion_seqs.fa	chr18~13599711~HPV33~0	chr18	13599711	+	HPV33	0	?	1	1	0	0	1
39	subset.insertion_seqs.fa	chr18~53354460~HPV33~5925	chr18	53354460	+	HPV33	5925	-	1	1	0	0	1
40	subset.insertion_seqs.fa	chr18~61535766~HPV33~5865	chr18	61535766	+	HPV33	5865	+	165	165	2	159	6
41	subset.insertion_seqs.fa	chr17~37287590~HPV33~6590	chr17	37287590	+	HPV33	6590	+	1	1	0	0	1
42	subset.insertion_seqs.fa	chr17~39269785~HPV33~0	chr17	39269785	+	HPV33	0	?	1	1	0	0	1
43	subset.insertion_seqs.fa	chr17~45234527~HPV33~3711	chr17	45234527	+	HPV33	3711	+	1	1	0	0	1
44	subset.insertion_seqs.fa	chr5~42946010~HPV33~809	chr5	42946010	+	HPV33	809	+	1	1	0	0	1
45	subset.insertion_seqs.fa	chr5~60514008~HPV33~6097	chr5	60514008	+	HPV33	6097	+	187	187	2	180	11
46	subset.insertion_seqs.fa	chr5~84297352~HPV33~0	chr5	84297352	+	HPV33	0	?	1	1	0	1	1
47	subset.insertion_seqs.fa	chr5~103343308~HPV33~3201	chr5	103343308	+	HPV33	3201	+	167	167	2	94	73
48	subset.insertion_seqs.fa	chr5~112884109~HPV33~3963	chr5	112884109	+	HPV33	3963	-	1	1	0	1	0
49	subset.insertion_seqs.fa	chr5~164121731~HPV33~6283	chr5	164121731	+	HPV33	6283	-	5	5	1	0	5
50	subset.insertion_seqs.fa	chr5~168634948~HPV33~3504	chr5	168634948	+	HPV33	3504	+	1	1	0	0	1
51	subset.insertion_seqs.fa	chr11~47220256~HPV33~894	chr11	47220256	+	HPV33	894	+	188	188	3	78	115
52	subset.insertion_seqs.fa	chr11~75252459~HPV33~3203	chr11	75252459	+	HPV33	3203	+	1	1	0	0	1
53	subset.insertion_seqs.fa	chr11~100021531~HPV33~1565	chr11	100021531	+	HPV33	1565	+	192	192	2	186	11
54	subset.insertion_seqs.fa	chr22~45124040~HPV33~7460	chr22	45124040	+	HPV33	7460	-	104	104	2	75	29
55	subset.insertion_seqs.fa	chr15~55806669~HPV33~3463	chr15	55806669	+	HPV33	3463	+	1	1	0	0	1
56	subset.insertion_seqs.fa	chr15~69558135~HPV33~6602	chr15	69558135	+	HPV33	6602	+	1	1	0	1	0
57	subset.insertion_seqs.fa	chr15~83826971~HPV33~7337	chr15	83826971	+	HPV33	7337	-	1	1	0	0	1
58	subset.insertion_seqs.fa	chr13~28823936~HPV33~1812	chr13	28823936	+	HPV33	1812	+	1	1	0	1	0
59	subset.insertion_seqs.fa	chrX~22439974~HPV33~6658	chrX	22439974	+	HPV33	6658	-	1	1	0	1	0
60	subset.insertion_seqs.fa	chrX~62698645~HPV33~3599	chrX	62698645	+	HPV33	3599	+	47	47	0	14	37
61	subset.insertion_seqs.fa	chrX~73286722~HPV33~0	chrX	73286722	+	HPV33	0	?	1	1	0	1	1
62	subset.insertion_seqs.fa	chrX~150178842~HPV33~6754	chrX	150178842	+	HPV33	6754	-	2	2	0	0	2
63	subset.insertion_seqs.fa	chrX~150911813~HPV33~7053	chrX	150911813	+	HPV33	7053	-	1	1	0	0	1
64	subset.insertion_seqs.fa	chr20~5975656~HPV33~769	chr20	5975656	+	HPV33	769	+	1	1	0	0	1
65	subset.insertion_seqs.fa	chr20~18491432~HPV33~3647	chr20	18491432	+	HPV33	3647	-	167	167	2	161	6
66	subset.insertion_seqs.fa	chr20~56652515~HPV33~1582	chr20	56652515	+	HPV33	1582	+	2	2	0	0	2
67	subset.insertion_seqs.fa	chr19~27369635~HPV33~0	chr19	27369635	+	HPV33	0	?	1	1	0	1	1
68	subset.insertion_seqs.fa	chrY~4875908~HPV33~5215	chrY	4875908	+	HPV33	5215	-	194	194	2	43	155
69	subset.insertion_seqs.fa	chrY~9574944~HPV33~0	chrY	9574944	+	HPV33	0	?	1	1	0	1	1
70	subset.insertion_seqs.fa	chrY~10245168~HPV33~0	chrY	10245168	+	HPV33	0	?	1	1	0	1	1
71	subset.insertion_seqs.fa	chr3~83290582~HPV33~3739	chr3	83290582	+	HPV33	3739	+	1	1	0	0	1
72	subset.insertion_seqs.fa	chr3~84013199~HPV33~7719	chr3	84013199	+	HPV33	7719	-	1	1	0	0	1
73	subset.insertion_seqs.fa	chr3~98968453~HPV33~4936	chr3	98968453	+	HPV33	4936	-	195	195	2	171	28
74	subset.insertion_seqs.fa	chr8~48936927~HPV33~6200	chr8	48936927	+	HPV33	6200	+	1	1	0	1	0
75	subset.insertion_seqs.fa	chr8~69572888~HPV33~3616	chr8	69572888	+	HPV33	3616	+	1	1	0	1	0
76	subset.insertion_seqs.fa	chr7~31735179~HPV33~6003	chr7	31735179	+	HPV33	6003	+	1	1	0	0	1
77	subset.insertion_seqs.fa	chr7~34817987~HPV33~0	chr7	34817987	+	HPV33	0	?	1	1	0	0	1
78	subset.insertion_seqs.fa	chr7~56709045~HPV33~0	chr7	56709045	+	HPV33	0	?	1	1	0	0	1
79	subset.insertion_seqs.fa	chr7~99359061~HPV33~3815	chr7	99359061	+	HPV33	3815	+	1	1	0	0	1
80	subset.insertion_seqs.fa	chr7~107603106~HPV33~847	chr7	107603106	+	HPV33	847	+	1	1	0	0	1
81	subset.insertion_seqs.fa	chr7~146350704~HPV33~7533	chr7	146350704	+	HPV33	7533	-	1	1	0	0	1
82	subset.insertion_seqs.fa	chr1~8746730~HPV33~2671	chr1	8746730	+	HPV33	2671	+	192	192	2	183	13
83	subset.insertion_seqs.fa	chr1~39199166~HPV33~792	chr1	39199166	+	HPV33	792	+	1	1	0	0	1
84	subset.insertion_seqs.fa	chr1~175525259~HPV33~1902	chr1	175525259	+	HPV33	1902	+	1	1	0	0	1
85	subset.insertion_seqs.fa	chr1~183055832~HPV33~1629	chr1	183055832	+	HPV33	1629	+	1	1	0	0	1
86	subset.insertion_seqs.fa	chr1~202723511~HPV33~6879	chr1	202723511	+	HPV33	6879	-	1	1	0	0	1
87	subset.insertion_seqs.fa	chr1~243265680~HPV33~2206	chr1	243265680	+	HPV33	2206	+	1	1	0	0	1
88	subset.insertion_seqs.fa	chr6~26215193~HPV33~0	chr6	26215193	-	HPV33	0	?	1	1	0	0	1
89	subset.insertion_seqs.fa	chr6~47912312~HPV33~3564	chr6	47912312	-	HPV33	3564	-	190	190	2	194	0
90	subset.insertion_seqs.fa	chr6~54528482~HPV33~0	chr6	54528482	-	HPV33	0	?	1	1	0	0	1
91	subset.insertion_seqs.fa	chr6~71817922~HPV33~3729	chr6	71817922	-	HPV33	3729	-	1	1	0	0	1
92	subset.insertion_seqs.fa	chr6~73391824~HPV33~5777	chr6	73391824	-	HPV33	5777	-	2	2	0	1	1
93	subset.insertion_seqs.fa	chr6~82639910~HPV33~6252	chr6	82639910	-	HPV33	6252	+	1	1	0	1	0
94	subset.insertion_seqs.fa	chr6~144657118~HPV33~1565	chr6	144657118	-	HPV33	1565	-	1	1	0	0	1
95	subset.insertion_seqs.fa	chr10~12758166~HPV33~7072	chr10	12758166	-	HPV33	7072	-	168	168	2	150	18
96	subset.insertion_seqs.fa	chr10~35866179~HPV33~0	chr10	35866179	-	HPV33	0	?	1	1	0	0	1
97	subset.insertion_seqs.fa	chr10~45941944~HPV33~0	chr10	45941944	-	HPV33	0	?	1	1	0	1	1
98	subset.insertion_seqs.fa	chr10~72272018~HPV33~6747	chr10	72272018	-	HPV33	6747	+	1	1	0	0	1
99	subset.insertion_seqs.fa	chr10~98177518~HPV33~7510	chr10	98177518	-	HPV33	7510	+	1	1	0	0	1
100	subset.insertion_seqs.fa	chr10~114817461~HPV33~1818	chr10	114817461	-	HPV33	1818	-	1	1	0	0	1
101	subset.insertion_seqs.fa	chr10~125924762~HPV33~6565	chr10	125924762	-	HPV33	6565	+	139	139	0	30	109
102	subset.insertion_seqs.fa	chr9~13584526~HPV33~6697	chr9	13584526	-	HPV33	6697	-	1	1	0	0	1
103	subset.insertion_seqs.fa	chr9~42940535~HPV33~6800	chr9	42940535	-	HPV33	6800	-	1	1	0	1	0
104	subset.insertion_seqs.fa	chr9~43165097~HPV33~3944	chr9	43165097	-	HPV33	3944	-	1	1	0	1	0
105	subset.insertion_seqs.fa	chr9~76320293~HPV33~0	chr9	76320293	-	HPV33	0	?	1	1	0	1	1
106	subset.insertion_seqs.fa	chr9~137376192~HPV33~1820	chr9	137376192	-	HPV33	1820	-	1	1	0	0	1
107	subset.insertion_seqs.fa	chr16~494346~HPV33~3870	chr16	494346	-	HPV33	3870	-	1	1	0	0	1
108	subset.insertion_seqs.fa	chr16~67522194~HPV33~6662	chr16	67522194	-	HPV33	6662	-	1	1	0	0	1
109	subset.insertion_seqs.fa	chr16~73393054~HPV33~1593	chr16	73393054	-	HPV33	1593	+	195	195	3	127	72
110	subset.insertion_seqs.fa	chr4~498043~HPV33~6608	chr4	498043	-	HPV33	6608	-	1	1	0	0	1
111	subset.insertion_seqs.fa	chr4~78243900~HPV33~2428	chr4	78243900	-	HPV33	2428	-	146	146	2	146	0
112	subset.insertion_seqs.fa	chr4~83295824~HPV33~1262	chr4	83295824	-	HPV33	1262	+	193	193	2	194	3
113	subset.insertion_seqs.fa	chr4~122590494~HPV33~1740	chr4	122590494	-	HPV33	1740	-	168	168	2	130	38
114	subset.insertion_seqs.fa	chr4~144958910~HPV33~0	chr4	144958910	-	HPV33	0	?	1	1	0	1	0
115	subset.insertion_seqs.fa	chr4~184996333~HPV33~0	chr4	184996333	-	HPV33	0	?	1	1	0	0	1
116	subset.insertion_seqs.fa	chr2~11737728~HPV33~0	chr2	11737728	-	HPV33	0	?	1	1	0	0	1
117	subset.insertion_seqs.fa	chr2~18580051~HPV33~0	chr2	18580051	-	HPV33	0	?	1	1	0	1	1
118	subset.insertion_seqs.fa	chr2~37120966~HPV33~1686	chr2	37120966	-	HPV33	1686	-	1	1	0	0	1
119	subset.insertion_seqs.fa	chr2~58028433~HPV33~7553	chr2	58028433	-	HPV33	7553	+	1	1	0	0	1
120	subset.insertion_seqs.fa	chr2~66167763~HPV33~6497	chr2	66167763	-	HPV33	6497	-	191	191	2	195	0
121	subset.insertion_seqs.fa	chr2~88316736~HPV33~7701	chr2	88316736	-	HPV33	7701	+	1	1	0	0	1
122	subset.insertion_seqs.fa	chr2~151140358~HPV33~0	chr2	151140358	-	HPV33	0	?	1	1	0	2	0
123	subset.insertion_seqs.fa	chr2~208481432~HPV33~2079	chr2	208481432	-	HPV33	2079	-	1	1	0	0	1
124	subset.insertion_seqs.fa	chr2~227021634~HPV33~1052	chr2	227021634	-	HPV33	1052	-	1	1	0	1	0
125	subset.insertion_seqs.fa	chr21~17495617~HPV33~3030	chr21	17495617	-	HPV33	3030	+	181	181	2	183	2
126	subset.insertion_seqs.fa	chr21~32823968~HPV33~6211	chr21	32823968	-	HPV33	6211	+	1	1	0	0	1
127	subset.insertion_seqs.fa	chr12~71088194~HPV33~0	chr12	71088194	-	HPV33	0	?	1	1	0	1	1
128	subset.insertion_seqs.fa	chr12~103356405~HPV33~7830	chr12	103356405	-	HPV33	7830	-	4	4	1	3	3
129	subset.insertion_seqs.fa	chr17~33470267~HPV33~5635	chr17	33470267	-	HPV33	5635	+	168	168	2	134	34
130	subset.insertion_seqs.fa	chr11~7149966~HPV33~5905	chr11	7149966	-	HPV33	5905	+	1	1	0	0	1
131	subset.insertion_seqs.fa	chr11~33289361~HPV33~4788	chr11	33289361	-	HPV33	4788	-	1	1	0	0	1
132	subset.insertion_seqs.fa	chr11~58985789~HPV33~3819	chr11	58985789	-	HPV33	3819	-	1	1	0	0	1
133	subset.insertion_seqs.fa	chr5~61204118~HPV33~5932	chr5	61204118	-	HPV33	5932	+	1	1	0	0	1
134	subset.insertion_seqs.fa	chr5~69082735~HPV33~0	chr5	69082735	-	HPV33	0	?	1	1	0	2	0
135	subset.insertion_seqs.fa	chr5~111812161~HPV33~937	chr5	111812161	-	HPV33	937	-	1	1	0	1	0
136	subset.insertion_seqs.fa	chr5~112883773~HPV33~4102	chr5	112883773	-	HPV33	4102	-	175	175	2	178	1
137	subset.insertion_seqs.fa	chr13~22949043~HPV33~734	chr13	22949043	-	HPV33	734	+	185	185	2	47	142
138	subset.insertion_seqs.fa	chr13~28823596~HPV33~1716	chr13	28823596	-	HPV33	1716	+	193	193	1	97	101
139	subset.insertion_seqs.fa	chr13~41745723~HPV33~5917	chr13	41745723	-	HPV33	5917	+	1	1	0	0	1
140	subset.insertion_seqs.fa	chr13~52637060~HPV33~2021	chr13	52637060	-	HPV33	2021	-	1	1	0	1	0
141	subset.insertion_seqs.fa	chr13~69478593~HPV33~7710	chr13	69478593	-	HPV33	7710	+	1	1	0	0	1
142	subset.insertion_seqs.fa	chr13~85063792~HPV33~6671	chr13	85063792	-	HPV33	6671	-	1	1	0	0	1
143	subset.insertion_seqs.fa	chr13~86155655~HPV33~0	chr13	86155655	-	HPV33	0	?	1	1	0	1	1
144	subset.insertion_seqs.fa	chr15~64720767~HPV33~888	chr15	64720767	-	HPV33	888	-	1	1	0	0	1
145	subset.insertion_seqs.fa	chr15~69557799~HPV33~6505	chr15	69557799	-	HPV33	6505	+	193	193	2	197	0
146	subset.insertion_seqs.fa	chr15~72486703~HPV33~6651	chr15	72486703	-	HPV33	6651	-	1	1	0	0	1
147	subset.insertion_seqs.fa	chrX~83772453~HPV33~0	chrX	83772453	-	HPV33	0	?	1	1	0	1	1
148	subset.insertion_seqs.fa	chrX~95923151~HPV33~6671	chrX	95923151	-	HPV33	6671	+	1	1	0	1	0
149	subset.insertion_seqs.fa	chrX~108647654~HPV33~3573	chrX	108647654	-	HPV33	3573	-	1	1	0	0	1
150	subset.insertion_seqs.fa	chrX~113165863~HPV33~6705	chrX	113165863	-	HPV33	6705	-	1	1	0	0	1
151	subset.insertion_seqs.fa	chrX~113208453~HPV33~3740	chrX	113208453	-	HPV33	3740	-	1	1	0	0	1
152	subset.insertion_seqs.fa	chrX~123155953~HPV33~1456	chrX	123155953	-	HPV33	1456	-	194	194	2	198	0
153	subset.insertion_seqs.fa	chrX~151629025~HPV33~0	chrX	151629025	-	HPV33	0	?	1	1	0	1	1
154	subset.insertion_seqs.fa	chr22~31796537~HPV33~2153	chr22	31796537	-	HPV33	2153	+	162	162	2	64	98
155	subset.insertion_seqs.fa	chr22~41689484~HPV33~1431	chr22	41689484	-	HPV33	1431	+	184	184	2	3	188
156	subset.insertion_seqs.fa	chr8~41020494~HPV33~3558	chr8	41020494	-	HPV33	3558	-	1	1	0	1	0
157	subset.insertion_seqs.fa	chr8~72525162~HPV33~6589	chr8	72525162	-	HPV33	6589	-	164	164	2	154	10
158	subset.insertion_seqs.fa	chr1~20132289~HPV33~2039	chr1	20132289	-	HPV33	2039	-	1	1	0	0	1
159	subset.insertion_seqs.fa	chr1~186211499~HPV33~6002	chr1	186211499	-	HPV33	6002	+	1	1	0	0	1
160	subset.insertion_seqs.fa	chr7~20604829~HPV33~7588	chr7	20604829	-	HPV33	7588	+	1	1	0	0	1
161	subset.insertion_seqs.fa	chr7~65294097~HPV33~6973	chr7	65294097	-	HPV33	6973	+	1	1	0	1	0
162	subset.insertion_seqs.fa	chr14~21806354~HPV33~5861	chr14	21806354	-	HPV33	5861	+	1	1	0	0	1
163	subset.insertion_seqs.fa	chr14~28350836~HPV33~6652	chr14	28350836	-	HPV33	6652	+	134	134	0	134	0
164	subset.insertion_seqs.fa	chr14~47814862~HPV33~6115	chr14	47814862	-	HPV33	6115	+	152	152	0	62	90
165	subset.insertion_seqs.fa	chr14~71500724~HPV33~6158	chr14	71500724	-	HPV33	6158	-	1	1	0	0	1
166	subset.insertion_seqs.fa	chr19~11911514~HPV33~0	chr19	11911514	-	HPV33	0	?	1	1	0	0	1
167	subset.insertion_seqs.fa	chr19~14421076~HPV33~1544	chr19	14421076	-	HPV33	1544	-	1	1	0	0	1
168	subset.insertion_seqs.fa	chr19~39421899~HPV33~3763	chr19	39421899	-	HPV33	3763	-	1	1	0	0	1
169	subset.insertion_seqs.fa	chr19~41038533~HPV33~5936	chr19	41038533	-	HPV33	5936	+	1	1	0	0	1
170	subset.insertion_seqs.fa	chr19~41149567~HPV33~842	chr19	41149567	-	HPV33	842	-	1	1	0	0	1
171	subset.insertion_seqs.fa	chr19~49501670~HPV33~5596	chr19	49501670	-	HPV33	5596	+	182	182	2	125	61
172	subset.insertion_seqs.fa	chr20~22511052~HPV33~1826	chr20	22511052	-	HPV33	1826	-	1	1	0	0	1
173	subset.insertion_seqs.fa	chr3~48093530~HPV33~1907	chr3	48093530	-	HPV33	1907	-	1	1	0	0	1
174	subset.insertion_seqs.fa	chr3~86536293~HPV33~0	chr3	86536293	-	HPV33	0	?	1	1	0	1	1
175	subset.insertion_seqs.fa	chr3~104925772~HPV33~7389	chr3	104925772	-	HPV33	7389	+	1	1	0	0	1
176	subset.insertion_seqs.fa	chr3~151141573~HPV33~4903	chr3	151141573	-	HPV33	4903	-	166	166	0	166	0
177	subset.insertion_seqs.fa	chr3~158177305~HPV33~0	chr3	158177305	-	HPV33	0	?	1	1	0	0	1
0	subset.insertion_seqs.fa	chr12~2791946~HPV16~440	chr12	2791946	+	HPV16	440	+	1	1	0	0	1
1	subset.insertion_seqs.fa	chr12~28684894~HPV16~2799	chr12	28684894	+	HPV16	2799	+	1	1	0	0	1
2	subset.insertion_seqs.fa	chr12~45994294~HPV16~3335	chr12	45994294	+	HPV16	3335	-	1	1	0	1	0
3	subset.insertion_seqs.fa	chr12~79833692~HPV16~1479	chr12	79833692	+	HPV16	1479	-	1	1	0	0	1
4	subset.insertion_seqs.fa	chr12~103578521~HPV16~7287	chr12	103578521	+	HPV16	7287	-	1	1	0	1	0
5	subset.insertion_seqs.fa	chr12~120916506~HPV16~2613	chr12	120916506	+	HPV16	2613	+	1	1	0	0	1
6	subset.insertion_seqs.fa	chr3~73560293~HPV16~4942	chr3	73560293	+	HPV16	4942	-	183	183	1	187	0
7	subset.insertion_seqs.fa	chr3~141640098~HPV16~291	chr3	141640098	+	HPV16	291	+	1	1	0	0	1
8	subset.insertion_seqs.fa	chr3~163401987~HPV16~394	chr3	163401987	+	HPV16	394	+	1	1	0	0	1
9	subset.insertion_seqs.fa	chr3~174885862~HPV16~2131	chr3	174885862	+	HPV16	2131	+	167	167	2	40	131
10	subset.insertion_seqs.fa	chr11~47562319~HPV16~3463	chr11	47562319	+	HPV16	3463	-	1	1	0	0	1
11	subset.insertion_seqs.fa	chr11~64047803~HPV16~362	chr11	64047803	+	HPV16	362	+	1	1	0	0	1
12	subset.insertion_seqs.fa	chr11~91587822~HPV16~3435	chr11	91587822	+	HPV16	3435	+	161	161	1	100	64
13	subset.insertion_seqs.fa	chr11~103798318~HPV16~2869	chr11	103798318	+	HPV16	2869	+	169	169	2	173	0
14	subset.insertion_seqs.fa	chr13~20273040~HPV16~3401	chr13	20273040	+	HPV16	3401	-	161	161	1	160	4
15	subset.insertion_seqs.fa	chr13~29289600~HPV16~6651	chr13	29289600	+	HPV16	6651	-	1	1	0	0	1
16	subset.insertion_seqs.fa	chr13~81860753~HPV16~1077	chr13	81860753	+	HPV16	1077	+	1	1	0	0	1
17	subset.insertion_seqs.fa	chr6~19376487~HPV16~2844	chr6	19376487	+	HPV16	2844	+	1	1	0	0	1
18	subset.insertion_seqs.fa	chr6~30776270~HPV16~6911	chr6	30776270	+	HPV16	6911	-	1	1	0	0	1
19	subset.insertion_seqs.fa	chr6~43134649~HPV16~256	chr6	43134649	+	HPV16	256	+	1	1	0	0	1
20	subset.insertion_seqs.fa	chr6~73715882~HPV16~297	chr6	73715882	+	HPV16	297	+	1	1	0	0	1
21	subset.insertion_seqs.fa	chr6~126503808~HPV16~4270	chr6	126503808	+	HPV16	4270	+	2	2	0	0	2
22	subset.insertion_seqs.fa	chr6~129449322~HPV16~0	chr6	129449322	+	HPV16	0	?	1	1	0	1	1
23	subset.insertion_seqs.fa	chr5~8026343~HPV16~4096	chr5	8026343	+	HPV16	4096	-	149	149	1	153	0
24	subset.insertion_seqs.fa	chr5~95896788~HPV16~1283	chr5	95896788	+	HPV16	1283	-	157	157	1	159	0
25	subset.insertion_seqs.fa	chr5~104695283~HPV16~2589	chr5	104695283	+	HPV16	2589	+	1	1	0	0	1
26	subset.insertion_seqs.fa	chr10~2643298~HPV16~0	chr10	2643298	+	HPV16	0	?	1	1	0	1	1
27	subset.insertion_seqs.fa	chr10~21965880~HPV16~6991	chr10	21965880	+	HPV16	6991	-	1	1	0	1	0
28	subset.insertion_seqs.fa	chr10~47087353~HPV16~2981	chr10	47087353	+	HPV16	2981	+	1	1	0	0	1
29	subset.insertion_seqs.fa	chr10~49807473~HPV16~6991	chr10	49807473	+	HPV16	6991	-	154	154	0	120	34
30	subset.insertion_seqs.fa	chr10~90823887~HPV16~7879	chr10	90823887	+	HPV16	7879	-	157	157	1	47	112
31	subset.insertion_seqs.fa	chr10~127849035~HPV16~3443	chr10	127849035	+	HPV16	3443	+	1	1	0	0	1
32	subset.insertion_seqs.fa	chr20~20439335~HPV16~3236	chr20	20439335	+	HPV16	3236	-	1	1	0	0	1
33	subset.insertion_seqs.fa	chr20~56601722~HPV16~2160	chr20	56601722	+	HPV16	2160	-	1	1	0	0	1
34	subset.insertion_seqs.fa	chr15~22883747~HPV16~2619	chr15	22883747	+	HPV16	2619	+	1	1	0	0	1
35	subset.insertion_seqs.fa	chr15~26828238~HPV16~7040	chr15	26828238	+	HPV16	7040	-	1	1	0	0	1
36	subset.insertion_seqs.fa	chr15~35529395~HPV16~7560	chr15	35529395	+	HPV16	7560	-	1	1	0	0	1
37	subset.insertion_seqs.fa	chr15~53888319~HPV16~5232	chr15	53888319	+	HPV16	5232	+	1	1	0	0	1
38	subset.insertion_seqs.fa	chr15~65011098~HPV16~1500	chr15	65011098	+	HPV16	1500	-	1	1	0	0	1
39	subset.insertion_seqs.fa	chr17~23796096~HPV16~5973	chr17	23796096	+	HPV16	5973	-	1	1	0	0	1
40	subset.insertion_seqs.fa	chr17~61952040~HPV16~4193	chr17	61952040	+	HPV16	4193	-	1	1	0	0	1
41	subset.insertion_seqs.fa	chr17~65500820~HPV16~1743	chr17	65500820	+	HPV16	1743	-	175	175	1	178	0
42	subset.insertion_seqs.fa	chr17~69518111~HPV16~553	chr17	69518111	+	HPV16	553	+	1	1	0	0	1
43	subset.insertion_seqs.fa	chr14~22895291~HPV16~2554	chr14	22895291	+	HPV16	2554	+	146	146	2	0	152
44	subset.insertion_seqs.fa	chr14~31242314~HPV16~6948	chr14	31242314	+	HPV16	6948	-	1	1	0	0	1
45	subset.insertion_seqs.fa	chr14~69353019~HPV16~1733	chr14	69353019	+	HPV16	1733	+	1	1	0	1	0
46	subset.insertion_seqs.fa	chr9~13662632~HPV16~1449	chr9	13662632	+	HPV16	1449	+	165	165	0	1	169
47	subset.insertion_seqs.fa	chr9~40844275~HPV16~5994	chr9	40844275	+	HPV16	5994	-	1	1	0	0	1
48	subset.insertion_seqs.fa	chr9~88199980~HPV16~5600	chr9	88199980	+	HPV16	5600	-	1	1	1	0	1
49	subset.insertion_seqs.fa	chr9~102493831~HPV16~335	chr9	102493831	+	HPV16	335	+	1	1	0	0	1
50	subset.insertion_seqs.fa	chr9~106257929~HPV16~0	chr9	106257929	+	HPV16	0	?	1	1	0	0	1
51	subset.insertion_seqs.fa	chr22~22971379~HPV16~911	chr22	22971379	+	HPV16	911	+	171	171	1	0	175
52	subset.insertion_seqs.fa	chr22~29697105~HPV16~5383	chr22	29697105	+	HPV16	5383	-	1	1	0	1	0
53	subset.insertion_seqs.fa	chr2~5260992~HPV16~1252	chr2	5260992	+	HPV16	1252	+	1	1	0	0	1
54	subset.insertion_seqs.fa	chr2~38128251~HPV16~7867	chr2	38128251	+	HPV16	7867	-	1	1	0	0	1
55	subset.insertion_seqs.fa	chr2~40529078~HPV16~5158	chr2	40529078	+	HPV16	5158	+	1	1	0	0	1
56	subset.insertion_seqs.fa	chr2~52401625~HPV16~4567	chr2	52401625	+	HPV16	4567	+	1	1	0	1	0
57	subset.insertion_seqs.fa	chr2~103543306~HPV16~487	chr2	103543306	+	HPV16	487	+	1	1	0	0	1
58	subset.insertion_seqs.fa	chr2~126651915~HPV16~2335	chr2	126651915	+	HPV16	2335	+	1	1	0	0	1
59	subset.insertion_seqs.fa	chr2~140674173~HPV16~1433	chr2	140674173	+	HPV16	1433	-	1	1	0	0	1
60	subset.insertion_seqs.fa	chr1~21691567~HPV16~2554	chr1	21691567	+	HPV16	2554	+	1	1	1	0	1
61	subset.insertion_seqs.fa	chr1~65439750~HPV16~2554	chr1	65439750	+	HPV16	2554	+	2	2	1	0	2
62	subset.insertion_seqs.fa	chr1~95071468~HPV16~1722	chr1	95071468	+	HPV16	1722	-	7	7	1	5	7
63	subset.insertion_seqs.fa	chr1~150914636~HPV16~296	chr1	150914636	+	HPV16	296	+	1	1	0	0	1
64	subset.insertion_seqs.fa	chr1~169440424~HPV16~3556	chr1	169440424	+	HPV16	3556	+	1	1	0	0	1
65	subset.insertion_seqs.fa	chr1~201421249~HPV16~7410	chr1	201421249	+	HPV16	7410	-	152	152	2	156	0
66	subset.insertion_seqs.fa	chr1~239881077~HPV16~0	chr1	239881077	+	HPV16	0	?	1	1	0	0	1
67	subset.insertion_seqs.fa	chr1~240082220~HPV16~6857	chr1	240082220	+	HPV16	6857	-	1	1	0	1	0
68	subset.insertion_seqs.fa	chr19~33720391~HPV16~5407	chr19	33720391	+	HPV16	5407	+	88	88	1	91	0
69	subset.insertion_seqs.fa	chr19~35202958~HPV16~3167	chr19	35202958	+	HPV16	3167	+	160	160	1	119	43
70	subset.insertion_seqs.fa	chrX~3694196~HPV16~2812	chrX	3694196	+	HPV16	2812	+	1	1	0	0	1
71	subset.insertion_seqs.fa	chrX~47856077~HPV16~4306	chrX	47856077	+	HPV16	4306	+	1	1	0	0	1
72	subset.insertion_seqs.fa	chrX~68560359~HPV16~1743	chrX	68560359	+	HPV16	1743	+	1	1	0	0	1
73	subset.insertion_seqs.fa	chrX~70934367~HPV16~2922	chrX	70934367	+	HPV16	2922	+	1	1	0	0	1
74	subset.insertion_seqs.fa	chrX~73476682~HPV16~1650	chrX	73476682	+	HPV16	1650	+	1	1	0	0	1
75	subset.insertion_seqs.fa	chrX~151122819~HPV16~1116	chrX	151122819	+	HPV16	1116	+	1	1	0	0	1
76	subset.insertion_seqs.fa	chr8~6250123~HPV16~2622	chr8	6250123	+	HPV16	2622	+	1	1	0	0	1
77	subset.insertion_seqs.fa	chr8~23874178~HPV16~1556	chr8	23874178	+	HPV16	1556	-	1	1	0	0	1
78	subset.insertion_seqs.fa	chr8~57131909~HPV16~4079	chr8	57131909	+	HPV16	4079	+	1	1	0	0	1
79	subset.insertion_seqs.fa	chr8~70416317~HPV16~5086	chr8	70416317	+	HPV16	5086	-	152	152	1	133	21
80	subset.insertion_seqs.fa	chr8~94353099~HPV16~2318	chr8	94353099	+	HPV16	2318	-	1	1	0	1	0
81	subset.insertion_seqs.fa	chr8~101422878~HPV16~3504	chr8	101422878	+	HPV16	3504	-	108	108	0	11	97
82	subset.insertion_seqs.fa	chr8~137899366~HPV16~1011	chr8	137899366	+	HPV16	1011	-	167	167	2	172	0
83	subset.insertion_seqs.fa	chr4~4250603~HPV16~1722	chr4	4250603	+	HPV16	1722	-	168	168	0	96	80
84	subset.insertion_seqs.fa	chr4~19901823~HPV16~7269	chr4	19901823	+	HPV16	7269	-	154	154	2	49	109
85	subset.insertion_seqs.fa	chr4~37178118~HPV16~3179	chr4	37178118	+	HPV16	3179	+	1	1	0	0	1
86	subset.insertion_seqs.fa	chr4~41271068~HPV16~0	chr4	41271068	+	HPV16	0	?	1	1	0	1	1
87	subset.insertion_seqs.fa	chr4~168504601~HPV16~2654	chr4	168504601	+	HPV16	2654	+	1	1	0	0	1
88	subset.insertion_seqs.fa	chr7~36488772~HPV16~0	chr7	36488772	+	HPV16	0	?	1	1	0	1	1
89	subset.insertion_seqs.fa	chr7~53022721~HPV16~2797	chr7	53022721	+	HPV16	2797	+	158	158	1	161	0
90	subset.insertion_seqs.fa	chr7~53480924~HPV16~5295	chr7	53480924	+	HPV16	5295	+	1	1	0	0	1
91	subset.insertion_seqs.fa	chr7~97368210~HPV16~0	chr7	97368210	+	HPV16	0	?	1	1	0	1	1
92	subset.insertion_seqs.fa	chr7~98148331~HPV16~2771	chr7	98148331	+	HPV16	2771	+	1	1	0	0	1
93	subset.insertion_seqs.fa	chr18~3531324~HPV16~0	chr18	3531324	+	HPV16	0	?	1	1	0	0	1
94	subset.insertion_seqs.fa	chr18~54021771~HPV16~318	chr18	54021771	+	HPV16	318	+	1	1	0	0	1
95	subset.insertion_seqs.fa	chr14~50910489~HPV16~3136	chr14	50910489	-	HPV16	3136	+	1	1	0	0	1
96	subset.insertion_seqs.fa	chr14~69352881~HPV16~1453	chr14	69352881	-	HPV16	1453	+	165	165	1	168	0
97	subset.insertion_seqs.fa	chr9~7295585~HPV16~5600	chr9	7295585	-	HPV16	5600	-	168	168	2	98	74
98	subset.insertion_seqs.fa	chr9~36515626~HPV16~2441	chr9	36515626	-	HPV16	2441	-	1	1	1	1	0
99	subset.insertion_seqs.fa	chr9~111395393~HPV16~6837	chr9	111395393	-	HPV16	6837	-	169	169	2	171	2
100	subset.insertion_seqs.fa	chr9~121708468~HPV16~1396	chr9	121708468	-	HPV16	1396	-	172	172	5	176	0
101	subset.insertion_seqs.fa	chr9~129846738~HPV16~0	chr9	129846738	-	HPV16	0	?	1	1	0	0	1
102	subset.insertion_seqs.fa	chr17~46791372~HPV16~1348	chr17	46791372	-	HPV16	1348	+	1	1	0	0	1
103	subset.insertion_seqs.fa	chr20~5942765~HPV16~6379	chr20	5942765	-	HPV16	6379	-	158	158	1	159	1
104	subset.insertion_seqs.fa	chr20~8398780~HPV16~6104	chr20	8398780	-	HPV16	6104	+	107	107	0	107	0
105	subset.insertion_seqs.fa	chr20~56601585~HPV16~2441	chr20	56601585	-	HPV16	2441	-	162	162	1	54	111
106	subset.insertion_seqs.fa	chr15~67904592~HPV16~6145	chr15	67904592	-	HPV16	6145	+	155	155	0	116	39
107	subset.insertion_seqs.fa	chr15~77771254~HPV16~4710	chr15	77771254	-	HPV16	4710	-	171	171	0	171	0
108	subset.insertion_seqs.fa	chr5~10843213~HPV16~7635	chr5	10843213	-	HPV16	7635	+	1	1	0	0	1
109	subset.insertion_seqs.fa	chr5~24481788~HPV16~6206	chr5	24481788	-	HPV16	6206	+	1	1	0	0	1
110	subset.insertion_seqs.fa	chr5~64903273~HPV16~1562	chr5	64903273	-	HPV16	1562	-	1	1	0	0	1
111	subset.insertion_seqs.fa	chr5~77404311~HPV16~2956	chr5	77404311	-	HPV16	2956	-	1	1	0	0	1
112	subset.insertion_seqs.fa	chr5~110856790~HPV16~5434	chr5	110856790	-	HPV16	5434	-	1	1	0	0	1
113	subset.insertion_seqs.fa	chr5~147888725~HPV16~4529	chr5	147888725	-	HPV16	4529	-	134	134	1	136	0
114	subset.insertion_seqs.fa	chr5~151283036~HPV16~3280	chr5	151283036	-	HPV16	3280	+	1	1	0	0	1
115	subset.insertion_seqs.fa	chr10~72536340~HPV16~2670	chr10	72536340	-	HPV16	2670	-	1	1	0	0	1
116	subset.insertion_seqs.fa	chr10~96383773~HPV16~1331	chr10	96383773	-	HPV16	1331	+	1	1	0	0	1
117	subset.insertion_seqs.fa	chr10~108001267~HPV16~322	chr10	108001267	-	HPV16	322	-	1	1	0	1	0
118	subset.insertion_seqs.fa	chr13~20272903~HPV16~3052	chr13	20272903	-	HPV16	3052	+	1	1	0	1	0
119	subset.insertion_seqs.fa	chr13~25425806~HPV16~0	chr13	25425806	-	HPV16	0	?	1	1	0	1	1
120	subset.insertion_seqs.fa	chr13~51466602~HPV16~4360	chr13	51466602	-	HPV16	4360	-	1	1	0	0	1
121	subset.insertion_seqs.fa	chr11~16347289~HPV16~4668	chr11	16347289	-	HPV16	4668	-	164	164	3	166	1
122	subset.insertion_seqs.fa	chr11~19363238~HPV16~1580	chr11	19363238	-	HPV16	1580	-	1	1	0	0	1
123	subset.insertion_seqs.fa	chr11~48940556~HPV16~6616	chr11	48940556	-	HPV16	6616	+	1	1	0	1	0
124	subset.insertion_seqs.fa	chr11~50805558~HPV16~5886	chr11	50805558	-	HPV16	5886	+	1	1	0	0	1
125	subset.insertion_seqs.fa	chr11~91587685~HPV16~3788	chr11	91587685	-	HPV16	3788	-	1	1	0	1	0
126	subset.insertion_seqs.fa	chr11~97654274~HPV16~3353	chr11	97654274	-	HPV16	3353	+	159	159	1	159	2
127	subset.insertion_seqs.fa	chr11~98111715~HPV16~5132	chr11	98111715	-	HPV16	5132	+	165	165	3	83	86
128	subset.insertion_seqs.fa	chr3~4173400~HPV16~1446	chr3	4173400	-	HPV16	1446	+	1	1	1	0	1
129	subset.insertion_seqs.fa	chr3~39767850~HPV16~7495	chr3	39767850	-	HPV16	7495	+	1	1	0	0	1
130	subset.insertion_seqs.fa	chr3~63729274~HPV16~569	chr3	63729274	-	HPV16	569	-	1	1	0	0	1
131	subset.insertion_seqs.fa	chr3~184784448~HPV16~7100	chr3	184784448	-	HPV16	7100	+	1	1	0	1	0
132	subset.insertion_seqs.fa	chr3~185615483~HPV16~446	chr3	185615483	-	HPV16	446	-	1	1	0	0	1
133	subset.insertion_seqs.fa	chr12~103578384~HPV16~7567	chr12	103578384	-	HPV16	7567	-	133	133	1	113	23
134	subset.insertion_seqs.fa	chr12~120426787~HPV16~0	chr12	120426787	-	HPV16	0	?	1	1	0	1	1
135	subset.insertion_seqs.fa	chr12~128465294~HPV16~1722	chr12	128465294	-	HPV16	1722	-	1	1	1	1	0
136	subset.insertion_seqs.fa	chr18~27088480~HPV16~0	chr18	27088480	-	HPV16	0	?	1	1	0	1	1
137	subset.insertion_seqs.fa	chr18~57040334~HPV16~6272	chr18	57040334	-	HPV16	6272	+	165	165	2	168	1
138	subset.insertion_seqs.fa	chr18~70954793~HPV16~4006	chr18	70954793	-	HPV16	4006	+	116	116	1	44	74
139	subset.insertion_seqs.fa	chr4~76120555~HPV16~0	chr4	76120555	-	HPV16	0	?	1	1	0	0	1
140	subset.insertion_seqs.fa	chr4~109658461~HPV16~2888	chr4	109658461	-	HPV16	2888	-	1	1	0	0	1
141	subset.insertion_seqs.fa	chr7~33120106~HPV16~1722	chr7	33120106	-	HPV16	1722	-	1	1	1	0	1
142	subset.insertion_seqs.fa	chr7~40177304~HPV16~0	chr7	40177304	-	HPV16	0	?	1	1	0	1	1
143	subset.insertion_seqs.fa	chr7~45547950~HPV16~0	chr7	45547950	-	HPV16	0	?	1	1	0	1	1
144	subset.insertion_seqs.fa	chr7~65990659~HPV16~6903	chr7	65990659	-	HPV16	6903	+	1	1	0	0	1
145	subset.insertion_seqs.fa	chrX~53923148~HPV16~6521	chrX	53923148	-	HPV16	6521	+	143	143	0	36	110
146	subset.insertion_seqs.fa	chrX~84382557~HPV16~92	chrX	84382557	-	HPV16	92	+	179	179	1	54	128
147	subset.insertion_seqs.fa	chrX~139075761~HPV16~3316	chrX	139075761	-	HPV16	3316	+	131	131	2	80	55
148	subset.insertion_seqs.fa	chr8~4650256~HPV16~6699	chr8	4650256	-	HPV16	6699	+	133	133	0	106	30
149	subset.insertion_seqs.fa	chr8~5885912~HPV16~1282	chr8	5885912	-	HPV16	1282	-	1	1	0	0	1
150	subset.insertion_seqs.fa	chr8~13424400~HPV16~410	chr8	13424400	-	HPV16	410	-	1	1	0	0	1
151	subset.insertion_seqs.fa	chr8~31746956~HPV16~466	chr8	31746956	-	HPV16	466	-	2	2	0	0	2
152	subset.insertion_seqs.fa	chr8~34595342~HPV16~0	chr8	34595342	-	HPV16	0	?	1	1	0	1	1
153	subset.insertion_seqs.fa	chr8~89838694~HPV16~2920	chr8	89838694	-	HPV16	2920	-	1	1	0	0	1
154	subset.insertion_seqs.fa	chr16~47150797~HPV16~540	chr16	47150797	-	HPV16	540	-	1	1	0	0	1
155	subset.insertion_seqs.fa	chr19~45986683~HPV16~3351	chr19	45986683	-	HPV16	3351	+	1	1	0	1	0
156	subset.insertion_seqs.fa	chr2~15501003~HPV16~4368	chr2	15501003	-	HPV16	4368	-	127	127	1	55	74
157	subset.insertion_seqs.fa	chr2~35902704~HPV16~1286	chr2	35902704	-	HPV16	1286	-	2	2	0	0	2
158	subset.insertion_seqs.fa	chr2~37196030~HPV16~0	chr2	37196030	-	HPV16	0	?	1	1	0	1	0
159	subset.insertion_seqs.fa	chr2~38623191~HPV16~3980	chr2	38623191	-	HPV16	3980	+	1	1	0	0	1
160	subset.insertion_seqs.fa	chr2~173498017~HPV16~0	chr2	173498017	-	HPV16	0	?	1	1	0	1	1
161	subset.insertion_seqs.fa	chr2~192283745~HPV16~149	chr2	192283745	-	HPV16	149	+	154	154	1	44	113
162	subset.insertion_seqs.fa	chr1~34557023~HPV16~1541	chr1	34557023	-	HPV16	1541	-	1	1	0	0	1
163	subset.insertion_seqs.fa	chr1~42492783~HPV16~347	chr1	42492783	-	HPV16	347	-	1	1	0	0	1
164	subset.insertion_seqs.fa	chr1~57840876~HPV16~7706	chr1	57840876	-	HPV16	7706	+	1	1	0	0	1
165	subset.insertion_seqs.fa	chr1~73966009~HPV16~1375	chr1	73966009	-	HPV16	1375	-	1	1	0	1	0
166	subset.insertion_seqs.fa	chr1~155020456~HPV16~6668	chr1	155020456	-	HPV16	6668	+	1	1	0	0	1
167	subset.insertion_seqs.fa	chr1~181957887~HPV16~1388	chr1	181957887	-	HPV16	1388	-	1	1	0	0	1
168	subset.insertion_seqs.fa	chr22~47977271~HPV16~2563	chr22	47977271	-	HPV16	2563	+	155	155	1	154	4
0	subset.insertion_seqs.fa	chr16~22262525~HPV31~2502	chr16	22262525	+	HPV31	2502	-	1	1	0	0	1
1	subset.insertion_seqs.fa	chr16~59687027~HPV31~1312	chr16	59687027	+	HPV31	1312	-	1	1	0	0	1
2	subset.insertion_seqs.fa	chr21~18516123~HPV31~1897	chr21	18516123	+	HPV31	1897	+	1	1	0	1	0
3	subset.insertion_seqs.fa	chr21~24941134~HPV31~2801	chr21	24941134	+	HPV31	2801	-	152	152	1	94	61
4	subset.insertion_seqs.fa	chr21~43983085~HPV31~6528	chr21	43983085	+	HPV31	6528	+	191	191	1	192	1
5	subset.insertion_seqs.fa	chr18~44311354~HPV31~3543	chr18	44311354	+	HPV31	3543	-	1	1	0	0	1
6	subset.insertion_seqs.fa	chr11~46606830~HPV31~0	chr11	46606830	+	HPV31	0	?	1	1	0	0	1
7	subset.insertion_seqs.fa	chr11~79890525~HPV31~4347	chr11	79890525	+	HPV31	4347	-	162	162	0	165	1
8	subset.insertion_seqs.fa	chr11~122082694~HPV31~765	chr11	122082694	+	HPV31	765	+	1	1	0	0	1
9	subset.insertion_seqs.fa	chr17~54965679~HPV31~2571	chr17	54965679	+	HPV31	2571	-	1	1	0	0	1
10	subset.insertion_seqs.fa	chr17~78902409~HPV31~2706	chr17	78902409	+	HPV31	2706	-	2	2	0	0	2
11	subset.insertion_seqs.fa	chr4~45524331~HPV31~2625	chr4	45524331	+	HPV31	2625	-	1	1	0	0	1
12	subset.insertion_seqs.fa	chr4~72684976~HPV31~2608	chr4	72684976	+	HPV31	2608	-	1	1	0	0	1
13	subset.insertion_seqs.fa	chr4~128824310~HPV31~2625	chr4	128824310	+	HPV31	2625	-	1	1	0	0	1
14	subset.insertion_seqs.fa	chr4~187846465~HPV31~311	chr4	187846465	+	HPV31	311	+	1	1	0	0	1
15	subset.insertion_seqs.fa	chr10~5631764~HPV31~4474	chr10	5631764	+	HPV31	4474	+	1	1	0	0	1
16	subset.insertion_seqs.fa	chr10~115117436~HPV31~2398	chr10	115117436	+	HPV31	2398	-	1	1	0	0	1
17	subset.insertion_seqs.fa	chrY~14398769~HPV31~6871	chrY	14398769	+	HPV31	6871	-	187	187	4	161	28
18	subset.insertion_seqs.fa	chr7~52895359~HPV31~3526	chr7	52895359	+	HPV31	3526	-	1	1	0	0	1
19	subset.insertion_seqs.fa	chr7~93094732~HPV31~3275	chr7	93094732	+	HPV31	3275	-	1	1	0	0	1
20	subset.insertion_seqs.fa	chr7~101007618~HPV31~2240	chr7	101007618	+	HPV31	2240	-	1	1	0	0	1
21	subset.insertion_seqs.fa	chr7~140608692~HPV31~3165	chr7	140608692	+	HPV31	3165	+	1	1	0	0	1
22	subset.insertion_seqs.fa	chr9~4245701~HPV31~5300	chr9	4245701	+	HPV31	5300	+	184	184	4	185	1
23	subset.insertion_seqs.fa	chr9~5593170~HPV31~4341	chr9	5593170	+	HPV31	4341	-	159	159	0	117	43
24	subset.insertion_seqs.fa	chr9~24054851~HPV31~256	chr9	24054851	+	HPV31	256	+	1	1	0	0	1
25	subset.insertion_seqs.fa	chr9~31932325~HPV31~3501	chr9	31932325	+	HPV31	3501	-	1	1	0	0	1
26	subset.insertion_seqs.fa	chr20~12953321~HPV31~3740	chr20	12953321	+	HPV31	3740	-	158	158	3	14	147
27	subset.insertion_seqs.fa	chr20~20162730~HPV31~4878	chr20	20162730	+	HPV31	4878	+	198	198	1	201	0
28	subset.insertion_seqs.fa	chr20~22209097~HPV31~192	chr20	22209097	+	HPV31	192	+	1	1	0	0	1
29	subset.insertion_seqs.fa	chr20~37068550~HPV31~3411	chr20	37068550	+	HPV31	3411	-	176	176	0	105	71
30	subset.insertion_seqs.fa	chr20~51241754~HPV31~3660	chr20	51241754	+	HPV31	3660	+	176	176	4	156	23
31	subset.insertion_seqs.fa	chr20~51641709~HPV31~2715	chr20	51641709	+	HPV31	2715	-	1	1	0	0	1
32	subset.insertion_seqs.fa	chr13~21166512~HPV31~463	chr13	21166512	+	HPV31	463	+	194	194	0	103	94
33	subset.insertion_seqs.fa	chr13~109354665~HPV31~2686	chr13	109354665	+	HPV31	2686	+	1	1	0	1	0
34	subset.insertion_seqs.fa	chr13~112741281~HPV31~2194	chr13	112741281	+	HPV31	2194	+	196	196	1	173	26
35	subset.insertion_seqs.fa	chr2~11168228~HPV31~0	chr2	11168228	+	HPV31	0	?	1	1	0	0	1
36	subset.insertion_seqs.fa	chr2~24056404~HPV31~4422	chr2	24056404	+	HPV31	4422	+	1	1	0	0	1
37	subset.insertion_seqs.fa	chr2~27451576~HPV31~2664	chr2	27451576	+	HPV31	2664	-	1	1	0	0	1
38	subset.insertion_seqs.fa	chr2~42251084~HPV31~2109	chr2	42251084	+	HPV31	2109	+	197	197	1	57	143
39	subset.insertion_seqs.fa	chr2~81639711~HPV31~254	chr2	81639711	+	HPV31	254	+	1	1	0	0	1
40	subset.insertion_seqs.fa	chr2~86473259~HPV31~3299	chr2	86473259	+	HPV31	3299	+	1	1	0	1	0
41	subset.insertion_seqs.fa	chr2~129114892~HPV31~817	chr2	129114892	+	HPV31	817	+	1	1	0	0	1
42	subset.insertion_seqs.fa	chr2~179391916~HPV31~3598	chr2	179391916	+	HPV31	3598	-	1	1	0	0	1
43	subset.insertion_seqs.fa	chr2~183479826~HPV31~3871	chr2	183479826	+	HPV31	3871	+	1	1	0	0	1
44	subset.insertion_seqs.fa	chr2~202004171~HPV31~462	chr2	202004171	+	HPV31	462	+	6	6	3	3	6
45	subset.insertion_seqs.fa	chr2~220917778~HPV31~0	chr2	220917778	+	HPV31	0	?	1	1	0	0	1
46	subset.insertion_seqs.fa	chr2~233169807~HPV31~911	chr2	233169807	+	HPV31	911	+	198	198	1	200	1
47	subset.insertion_seqs.fa	chr6~58097038~HPV31~6789	chr6	58097038	+	HPV31	6789	-	191	191	1	47	147
48	subset.insertion_seqs.fa	chr6~64406836~HPV31~178	chr6	64406836	+	HPV31	178	+	1	1	0	0	1
49	subset.insertion_seqs.fa	chr6~67644125~HPV31~4105	chr6	67644125	+	HPV31	4105	+	152	152	0	155	2
50	subset.insertion_seqs.fa	chr8~10959993~HPV31~3982	chr8	10959993	+	HPV31	3982	-	188	188	4	181	9
51	subset.insertion_seqs.fa	chr8~14416268~HPV31~4327	chr8	14416268	+	HPV31	4327	-	1	1	0	1	0
52	subset.insertion_seqs.fa	chr8~22426443~HPV31~2844	chr8	22426443	+	HPV31	2844	+	1	1	0	0	1
53	subset.insertion_seqs.fa	chr8~63196411~HPV31~843	chr8	63196411	+	HPV31	843	-	1	1	0	0	1
54	subset.insertion_seqs.fa	chr8~75760322~HPV31~1266	chr8	75760322	+	HPV31	1266	-	1	1	0	1	0
55	subset.insertion_seqs.fa	chr1~27441779~HPV31~2458	chr1	27441779	+	HPV31	2458	-	1	1	0	0	1
56	subset.insertion_seqs.fa	chr1~29269142~HPV31~2891	chr1	29269142	+	HPV31	2891	+	157	157	1	140	21
57	subset.insertion_seqs.fa	chr1~52396692~HPV31~267	chr1	52396692	+	HPV31	267	+	1	1	0	1	0
58	subset.insertion_seqs.fa	chr1~57690289~HPV31~2447	chr1	57690289	+	HPV31	2447	-	197	197	1	31	169
59	subset.insertion_seqs.fa	chr1~61821286~HPV31~0	chr1	61821286	+	HPV31	0	?	1	1	0	0	1
60	subset.insertion_seqs.fa	chr1~202788593~HPV31~4107	chr1	202788593	+	HPV31	4107	+	27	27	1	5	27
61	subset.insertion_seqs.fa	chr1~237826260~HPV31~349	chr1	237826260	+	HPV31	349	+	1	1	0	0	1
62	subset.insertion_seqs.fa	chr1~242868211~HPV31~432	chr1	242868211	+	HPV31	432	+	1	1	0	0	1
63	subset.insertion_seqs.fa	chr12~55811598~HPV31~0	chr12	55811598	+	HPV31	0	?	1	1	0	1	0
64	subset.insertion_seqs.fa	chr12~79626531~HPV31~2759	chr12	79626531	+	HPV31	2759	-	1	1	0	0	1
65	subset.insertion_seqs.fa	chr12~95770801~HPV31~3368	chr12	95770801	+	HPV31	3368	+	197	197	1	200	0
66	subset.insertion_seqs.fa	chr12~122811616~HPV31~2723	chr12	122811616	+	HPV31	2723	-	1	1	0	0	1
67	subset.insertion_seqs.fa	chr19~4177836~HPV31~2745	chr19	4177836	+	HPV31	2745	-	1	1	0	0	1
68	subset.insertion_seqs.fa	chr19~11291452~HPV31~2700	chr19	11291452	+	HPV31	2700	+	1	1	0	0	1
69	subset.insertion_seqs.fa	chr19~15411988~HPV31~743	chr19	15411988	+	HPV31	743	+	1	1	0	0	1
70	subset.insertion_seqs.fa	chr19~18190744~HPV31~923	chr19	18190744	+	HPV31	923	+	1	1	0	1	0
71	subset.insertion_seqs.fa	chr5~28719712~HPV31~3548	chr5	28719712	+	HPV31	3548	-	1	1	0	0	1
72	subset.insertion_seqs.fa	chr5~158914086~HPV31~5137	chr5	158914086	+	HPV31	5137	-	187	187	4	189	0
73	subset.insertion_seqs.fa	chr5~179742101~HPV31~2868	chr5	179742101	+	HPV31	2868	+	1	1	0	1	0
74	subset.insertion_seqs.fa	chrX~10845068~HPV31~6195	chrX	10845068	+	HPV31	6195	-	177	177	1	181	0
75	subset.insertion_seqs.fa	chrX~14160952~HPV31~3740	chrX	14160952	+	HPV31	3740	-	5	5	2	2	5
76	subset.insertion_seqs.fa	chrX~18831653~HPV31~2490	chrX	18831653	+	HPV31	2490	-	1	1	0	0	1
77	subset.insertion_seqs.fa	chrX~110671876~HPV31~1383	chrX	110671876	+	HPV31	1383	+	1	1	0	1	0
78	subset.insertion_seqs.fa	chrX~128695182~HPV31~4937	chrX	128695182	+	HPV31	4937	-	183	183	1	186	1
79	subset.insertion_seqs.fa	chrX~137393806~HPV31~2310	chrX	137393806	+	HPV31	2310	-	1	1	0	0	1
80	subset.insertion_seqs.fa	chr3~1873085~HPV31~4791	chr3	1873085	+	HPV31	4791	+	1	1	0	1	0
81	subset.insertion_seqs.fa	chr3~28541483~HPV31~6457	chr3	28541483	+	HPV31	6457	+	1	1	0	1	0
82	subset.insertion_seqs.fa	chr3~63699728~HPV31~171	chr3	63699728	+	HPV31	171	+	1	1	0	0	1
83	subset.insertion_seqs.fa	chr6~16710721~HPV31~3183	chr6	16710721	-	HPV31	3183	+	1	1	0	0	1
84	subset.insertion_seqs.fa	chr6~53444849~HPV31~1596	chr6	53444849	-	HPV31	1596	-	1	1	0	0	1
85	subset.insertion_seqs.fa	chr6~84060844~HPV31~2614	chr6	84060844	-	HPV31	2614	+	1	1	0	0	1
86	subset.insertion_seqs.fa	chr6~87899070~HPV31~1180	chr6	87899070	-	HPV31	1180	-	182	182	4	119	65
87	subset.insertion_seqs.fa	chr6~103167667~HPV31~1146	chr6	103167667	-	HPV31	1146	+	1	1	0	1	0
88	subset.insertion_seqs.fa	chr2~22973790~HPV31~2218	chr2	22973790	-	HPV31	2218	+	1	1	0	0	1
89	subset.insertion_seqs.fa	chr2~108771606~HPV31~4727	chr2	108771606	-	HPV31	4727	-	172	172	1	137	39
90	subset.insertion_seqs.fa	chr2~146459441~HPV31~0	chr2	146459441	-	HPV31	0	?	1	1	0	1	0
91	subset.insertion_seqs.fa	chr2~179391846~HPV31~3544	chr2	179391846	-	HPV31	3544	+	1	1	0	0	1
92	subset.insertion_seqs.fa	chr2~213539960~HPV31~2772	chr2	213539960	-	HPV31	2772	-	163	163	4	46	119
93	subset.insertion_seqs.fa	chr2~217169886~HPV31~223	chr2	217169886	-	HPV31	223	-	1	1	0	0	1
94	subset.insertion_seqs.fa	chr14~57711621~HPV31~1878	chr14	57711621	-	HPV31	1878	+	197	197	1	200	0
95	subset.insertion_seqs.fa	chr13~28675724~HPV31~1398	chr13	28675724	-	HPV31	1398	-	1	1	0	1	0
96	subset.insertion_seqs.fa	chr13~73908680~HPV31~738	chr13	73908680	-	HPV31	738	+	1	1	0	1	0
97	subset.insertion_seqs.fa	chr13~85697090~HPV31~0	chr13	85697090	-	HPV31	0	?	1	1	0	0	1
98	subset.insertion_seqs.fa	chrX~76775305~HPV31~335	chrX	76775305	-	HPV31	335	-	1	1	0	0	1
99	subset.insertion_seqs.fa	chrX~106830768~HPV31~0	chrX	106830768	-	HPV31	0	?	1	1	0	1	0
100	subset.insertion_seqs.fa	chrX~110671542~HPV31~1320	chrX	110671542	-	HPV31	1320	+	191	191	1	94	100
101	subset.insertion_seqs.fa	chrX~146053642~HPV31~2305	chrX	146053642	-	HPV31	2305	-	1	1	0	0	1
102	subset.insertion_seqs.fa	chrX~146594483~HPV31~2251	chrX	146594483	-	HPV31	2251	+	1	1	0	1	0
103	subset.insertion_seqs.fa	chr3~1872754~HPV31~4728	chr3	1872754	-	HPV31	4728	+	195	195	1	198	0
104	subset.insertion_seqs.fa	chr3~9848430~HPV31~3923	chr3	9848430	-	HPV31	3923	-	1	1	0	0	1
105	subset.insertion_seqs.fa	chr3~52158965~HPV31~2572	chr3	52158965	-	HPV31	2572	+	1	1	0	0	1
106	subset.insertion_seqs.fa	chr3~83748960~HPV31~3291	chr3	83748960	-	HPV31	3291	+	1	1	0	0	1
107	subset.insertion_seqs.fa	chr3~102919990~HPV31~510	chr3	102919990	-	HPV31	510	-	1	1	0	0	1
108	subset.insertion_seqs.fa	chr3~112862557~HPV31~2652	chr3	112862557	-	HPV31	2652	+	1	1	0	0	1
109	subset.insertion_seqs.fa	chr19~11291122~HPV31~2661	chr19	11291122	-	HPV31	2661	+	179	179	1	78	104
110	subset.insertion_seqs.fa	chr19~23214059~HPV31~2196	chr19	23214059	-	HPV31	2196	+	1	1	0	1	0
111	subset.insertion_seqs.fa	chr19~23932124~HPV31~6731	chr19	23932124	-	HPV31	6731	+	149	149	1	101	52
112	subset.insertion_seqs.fa	chr5~19550252~HPV31~3437	chr5	19550252	-	HPV31	3437	+	1	1	0	0	1
113	subset.insertion_seqs.fa	chr5~122143276~HPV31~2318	chr5	122143276	-	HPV31	2318	+	183	183	1	186	1
114	subset.insertion_seqs.fa	chr5~169492867~HPV31~0	chr5	169492867	-	HPV31	0	?	1	1	0	0	1
115	subset.insertion_seqs.fa	chr8~5546732~HPV31~3263	chr8	5546732	-	HPV31	3263	+	1	1	0	1	0
116	subset.insertion_seqs.fa	chr8~6273435~HPV31~3368	chr8	6273435	-	HPV31	3368	+	1	1	0	0	1
117	subset.insertion_seqs.fa	chr8~14415938~HPV31~4390	chr8	14415938	-	HPV31	4390	-	154	154	1	160	0
118	subset.insertion_seqs.fa	chr8~49041067~HPV31~4038	chr8	49041067	-	HPV31	4038	-	1	1	0	0	1
119	subset.insertion_seqs.fa	chr8~57407211~HPV31~0	chr8	57407211	-	HPV31	0	?	1	1	0	1	0
120	subset.insertion_seqs.fa	chr8~86599319~HPV31~6356	chr8	86599319	-	HPV31	6356	-	2	2	0	2	0
121	subset.insertion_seqs.fa	chr8~105161364~HPV31~2416	chr8	105161364	-	HPV31	2416	-	2	2	0	0	2
122	subset.insertion_seqs.fa	chr8~107037219~HPV31~5027	chr8	107037219	-	HPV31	5027	-	184	184	4	184	2
123	subset.insertion_seqs.fa	chr8~111673771~HPV31~405	chr8	111673771	-	HPV31	405	-	1	1	0	0	1
124	subset.insertion_seqs.fa	chr8~111961985~HPV31~2843	chr8	111961985	-	HPV31	2843	-	1	1	0	1	0
125	subset.insertion_seqs.fa	chr12~19922812~HPV31~1549	chr12	19922812	-	HPV31	1549	-	1	1	0	0	1
126	subset.insertion_seqs.fa	chr12~39198908~HPV31~0	chr12	39198908	-	HPV31	0	?	1	1	0	0	1
127	subset.insertion_seqs.fa	chr1~49430090~HPV31~905	chr1	49430090	-	HPV31	905	-	1	1	0	0	1
128	subset.insertion_seqs.fa	chr1~52396362~HPV31~204	chr1	52396362	-	HPV31	204	+	196	196	1	199	0
129	subset.insertion_seqs.fa	chr1~192164547~HPV31~6179	chr1	192164547	-	HPV31	6179	+	180	180	4	76	106
130	subset.insertion_seqs.fa	chr1~202788544~HPV31~0	chr1	202788544	-	HPV31	0	?	24	24	0	17	14
131	subset.insertion_seqs.fa	chr4~38052333~HPV31~4536	chr4	38052333	-	HPV31	4536	-	1	1	0	0	1
132	subset.insertion_seqs.fa	chr4~38992887~HPV31~3136	chr4	38992887	-	HPV31	3136	+	1	1	0	0	1
133	subset.insertion_seqs.fa	chr4~54822400~HPV31~2455	chr4	54822400	-	HPV31	2455	+	1	1	0	0	1
134	subset.insertion_seqs.fa	chr4~65591089~HPV31~2017	chr4	65591089	-	HPV31	2017	-	182	182	4	184	0
135	subset.insertion_seqs.fa	chr4~75165689~HPV31~256	chr4	75165689	-	HPV31	256	-	1	1	0	0	1
136	subset.insertion_seqs.fa	chr4~155621540~HPV31~2625	chr4	155621540	-	HPV31	2625	+	1	1	0	0	1
137	subset.insertion_seqs.fa	chr10~33507805~HPV31~717	chr10	33507805	-	HPV31	717	+	1	1	0	1	0
138	subset.insertion_seqs.fa	chr10~54283852~HPV31~3397	chr10	54283852	-	HPV31	3397	-	1	1	0	0	1
139	subset.insertion_seqs.fa	chr10~69362368~HPV31~6065	chr10	69362368	-	HPV31	6065	+	164	164	1	168	0
140	subset.insertion_seqs.fa	chr10~89620006~HPV31~6521	chr10	89620006	-	HPV31	6521	-	1	1	0	0	1
141	subset.insertion_seqs.fa	chr10~96877598~HPV31~2465	chr10	96877598	-	HPV31	2465	+	1	1	0	0	1
142	subset.insertion_seqs.fa	chr10~98111774~HPV31~3105	chr10	98111774	-	HPV31	3105	+	1	1	0	1	0
143	subset.insertion_seqs.fa	chr15~52459216~HPV31~3721	chr15	52459216	-	HPV31	3721	+	1	1	1	0	1
144	subset.insertion_seqs.fa	chr15~99276163~HPV31~2360	chr15	99276163	-	HPV31	2360	-	1	1	0	0	1
145	subset.insertion_seqs.fa	chr15~100512205~HPV31~5057	chr15	100512205	-	HPV31	5057	-	188	188	4	188	2
146	subset.insertion_seqs.fa	chr18~80015346~HPV31~3575	chr18	80015346	-	HPV31	3575	+	1	1	0	0	1
147	subset.insertion_seqs.fa	chr11~44800095~HPV31~877	chr11	44800095	-	HPV31	877	-	1	1	0	0	1
148	subset.insertion_seqs.fa	chr17~531783~HPV31~533	chr17	531783	-	HPV31	533	-	1	1	0	0	1
149	subset.insertion_seqs.fa	chr17~4619405~HPV31~2505	chr17	4619405	-	HPV31	2505	+	1	1	0	0	1
150	subset.insertion_seqs.fa	chr17~30865656~HPV31~7579	chr17	30865656	-	HPV31	7579	-	139	139	2	139	1
151	subset.insertion_seqs.fa	chr17~49264624~HPV31~4665	chr17	49264624	-	HPV31	4665	-	163	163	4	143	22
152	subset.insertion_seqs.fa	chr17~54542423~HPV31~2140	chr17	54542423	-	HPV31	2140	+	1	1	0	0	1
153	subset.insertion_seqs.fa	chr17~71962380~HPV31~2490	chr17	71962380	-	HPV31	2490	-	1	1	0	1	0
154	subset.insertion_seqs.fa	chr21~18515792~HPV31~1834	chr21	18515792	-	HPV31	1834	+	194	194	1	179	18
155	subset.insertion_seqs.fa	chr21~27378610~HPV31~1603	chr21	27378610	-	HPV31	1603	-	186	186	4	188	0
156	subset.insertion_seqs.fa	chr21~31583957~HPV31~4248	chr21	31583957	-	HPV31	4248	-	145	145	0	1	145
157	subset.insertion_seqs.fa	chr21~33470655~HPV31~0	chr21	33470655	-	HPV31	0	?	1	1	0	1	1
158	subset.insertion_seqs.fa	chr21~34910392~HPV31~4398	chr21	34910392	-	HPV31	4398	+	176	176	1	160	20
159	subset.insertion_seqs.fa	chr16~59686697~HPV31~1376	chr16	59686697	-	HPV31	1376	-	197	197	1	66	134
160	subset.insertion_seqs.fa	chr16~65846520~HPV31~3383	chr16	65846520	-	HPV31	3383	+	183	183	1	187	0
161	subset.insertion_seqs.fa	chr9~2398472~HPV31~199	chr9	2398472	-	HPV31	199	-	1	1	0	0	1
162	subset.insertion_seqs.fa	chr9~104428829~HPV31~1257	chr9	104428829	-	HPV31	1257	+	1	1	0	1	0
163	subset.insertion_seqs.fa	chr20~22208765~HPV31~129	chr20	22208765	-	HPV31	129	+	197	197	2	1	199
164	subset.insertion_seqs.fa	chr7~104992509~HPV31~4940	chr7	104992509	-	HPV31	4940	+	183	183	1	159	28
165	subset.insertion_seqs.fa	chr7~116782383~HPV31~2355	chr7	116782383	-	HPV31	2355	-	183	183	1	187	0
166	subset.insertion_seqs.fa	chr7~121167811~HPV31~2480	chr7	121167811	-	HPV31	2480	+	1	1	0	0	1
167	subset.insertion_seqs.fa	chr7~150320638~HPV31~573	chr7	150320638	-	HPV31	573	-	1	1	0	0	1
168	subset.insertion_seqs.fa	chr7~152627489~HPV31~0	chr7	152627489	-	HPV31	0	?	1	1	0	0	1
0	subset.insertion_seqs.fa	chr18~7864064~HPV18~1403	chr18	7864064	+	HPV18	1403	-	1	1	0	0	1
1	subset.insertion_seqs.fa	chr18~29166320~HPV18~1396	chr18	29166320	+	HPV18	1396	+	1	1	0	0	1
2	subset.insertion_seqs.fa	chr18~54075110~HPV18~0	chr18	54075110	+	HPV18	0	?	1	1	0	1	0
3	subset.insertion_seqs.fa	chrX~46686583~HPV18~4342	chrX	46686583	+	HPV18	4342	-	158	158	0	158	1
4	subset.insertion_seqs.fa	chrX~65806341~HPV18~6576	chrX	65806341	+	HPV18	6576	-	198	198	0	154	48
5	subset.insertion_seqs.fa	chrX~73739932~HPV18~1666	chrX	73739932	+	HPV18	1666	-	1	1	1	0	1
6	subset.insertion_seqs.fa	chrX~79990999~HPV18~1445	chrX	79990999	+	HPV18	1445	-	1	1	0	1	0
7	subset.insertion_seqs.fa	chrX~103582660~HPV18~1460	chrX	103582660	+	HPV18	1460	-	1	1	0	0	1
8	subset.insertion_seqs.fa	chrX~112492870~HPV18~0	chrX	112492870	+	HPV18	0	?	1	1	0	1	1
9	subset.insertion_seqs.fa	chrX~130466315~HPV18~0	chrX	130466315	+	HPV18	0	?	1	1	0	1	1
10	subset.insertion_seqs.fa	chr4~156543074~HPV18~0	chr4	156543074	+	HPV18	0	?	1	1	0	1	0
11	subset.insertion_seqs.fa	chr13~34248749~HPV18~6547	chr13	34248749	+	HPV18	6547	-	197	197	0	201	0
12	subset.insertion_seqs.fa	chr1~16086244~HPV18~1503	chr1	16086244	+	HPV18	1503	-	1	1	0	0	1
13	subset.insertion_seqs.fa	chr1~112430319~HPV18~0	chr1	112430319	+	HPV18	0	?	1	1	0	0	1
14	subset.insertion_seqs.fa	chr1~174540507~HPV18~5712	chr1	174540507	+	HPV18	5712	-	1	1	0	0	1
15	subset.insertion_seqs.fa	chr10~94215181~HPV18~5397	chr10	94215181	+	HPV18	5397	-	174	174	0	174	1
16	subset.insertion_seqs.fa	chr10~120333595~HPV18~0	chr10	120333595	+	HPV18	0	?	1	1	0	0	1
17	subset.insertion_seqs.fa	chr10~125963408~HPV18~7643	chr10	125963408	+	HPV18	7643	-	1	1	0	0	1
18	subset.insertion_seqs.fa	chr21~17465041~HPV18~3840	chr21	17465041	+	HPV18	3840	-	2	2	0	0	2
19	subset.insertion_seqs.fa	chr11~5010489~HPV18~4715	chr11	5010489	+	HPV18	4715	+	204	204	0	208	0
20	subset.insertion_seqs.fa	chr11~50754881~HPV18~6311	chr11	50754881	+	HPV18	6311	+	1	1	1	1	0
21	subset.insertion_seqs.fa	chr11~63496370~HPV18~1365	chr11	63496370	+	HPV18	1365	+	1	1	0	0	1
22	subset.insertion_seqs.fa	chr11~72424773~HPV18~5075	chr11	72424773	+	HPV18	5075	-	1	1	0	1	0
23	subset.insertion_seqs.fa	chr12~7219539~HPV18~1455	chr12	7219539	+	HPV18	1455	+	1	1	0	0	1
24	subset.insertion_seqs.fa	chr12~46716028~HPV18~1430	chr12	46716028	+	HPV18	1430	-	1	1	0	0	1
25	subset.insertion_seqs.fa	chr12~60497739~HPV18~7694	chr12	60497739	+	HPV18	7694	-	196	196	1	5	194
26	subset.insertion_seqs.fa	chr12~65127705~HPV18~6782	chr12	65127705	+	HPV18	6782	-	2	2	0	2	0
27	subset.insertion_seqs.fa	chr12~98548124~HPV18~2357	chr12	98548124	+	HPV18	2357	-	183	183	0	93	90
28	subset.insertion_seqs.fa	chr14~32692412~HPV18~1098	chr14	32692412	+	HPV18	1098	-	152	152	2	152	1
29	subset.insertion_seqs.fa	chr16~64211227~HPV18~1472	chr16	64211227	+	HPV18	1472	-	199	199	1	205	0
30	subset.insertion_seqs.fa	chr9~30681930~HPV18~7469	chr9	30681930	+	HPV18	7469	-	1	1	0	0	1
31	subset.insertion_seqs.fa	chr9~30828791~HPV18~3089	chr9	30828791	+	HPV18	3089	-	1	1	0	1	0
32	subset.insertion_seqs.fa	chr9~110203313~HPV18~2625	chr9	110203313	+	HPV18	2625	+	1	1	0	0	1
33	subset.insertion_seqs.fa	chr17~38684370~HPV18~5003	chr17	38684370	+	HPV18	5003	-	1	1	0	0	1
34	subset.insertion_seqs.fa	chr17~42959297~HPV18~3995	chr17	42959297	+	HPV18	3995	+	1	1	0	0	1
35	subset.insertion_seqs.fa	chr17~48898020~HPV18~5922	chr17	48898020	+	HPV18	5922	-	199	199	1	200	1
36	subset.insertion_seqs.fa	chr7~12456199~HPV18~3872	chr7	12456199	+	HPV18	3872	-	197	197	1	199	0
37	subset.insertion_seqs.fa	chr7~24416117~HPV18~5397	chr7	24416117	+	HPV18	5397	-	170	170	0	170	4
38	subset.insertion_seqs.fa	chr7~124980433~HPV18~5860	chr7	124980433	+	HPV18	5860	-	1	1	0	0	1
39	subset.insertion_seqs.fa	chr8~20368789~HPV18~3727	chr8	20368789	+	HPV18	3727	+	1	1	0	0	1
40	subset.insertion_seqs.fa	chr8~31291478~HPV18~1404	chr8	31291478	+	HPV18	1404	-	1	1	0	0	1
41	subset.insertion_seqs.fa	chr8~54991077~HPV18~0	chr8	54991077	+	HPV18	0	?	1	1	0	1	1
42	subset.insertion_seqs.fa	chr8~58376908~HPV18~0	chr8	58376908	+	HPV18	0	?	1	1	0	1	1
43	subset.insertion_seqs.fa	chr8~88901923~HPV18~1320	chr8	88901923	+	HPV18	1320	-	8	8	0	2	9
44	subset.insertion_seqs.fa	chr5~91404294~HPV18~6325	chr5	91404294	+	HPV18	6325	+	196	196	0	197	1
45	subset.insertion_seqs.fa	chr2~7092538~HPV18~3815	chr2	7092538	+	HPV18	3815	+	1	1	0	0	1
46	subset.insertion_seqs.fa	chr2~80038610~HPV18~0	chr2	80038610	+	HPV18	0	?	1	1	0	1	1
47	subset.insertion_seqs.fa	chr2~118108489~HPV18~6750	chr2	118108489	+	HPV18	6750	-	2	2	0	1	1
48	subset.insertion_seqs.fa	chr2~155753409~HPV18~1666	chr2	155753409	+	HPV18	1666	-	192	192	0	40	156
49	subset.insertion_seqs.fa	chr2~234750577~HPV18~3441	chr2	234750577	+	HPV18	3441	+	1	1	1	0	1
50	subset.insertion_seqs.fa	chr20~20718065~HPV18~2423	chr20	20718065	+	HPV18	2423	+	1	1	0	0	1
51	subset.insertion_seqs.fa	chr20~46238871~HPV18~4052	chr20	46238871	+	HPV18	4052	+	195	195	1	194	3
52	subset.insertion_seqs.fa	chr20~52026065~HPV18~2411	chr20	52026065	+	HPV18	2411	+	195	195	0	91	108
53	subset.insertion_seqs.fa	chr19~317282~HPV18~5066	chr19	317282	+	HPV18	5066	-	7	7	0	4	7
54	subset.insertion_seqs.fa	chr19~52488875~HPV18~3796	chr19	52488875	+	HPV18	3796	-	5	5	0	3	5
55	subset.insertion_seqs.fa	chr19~53536675~HPV18~3072	chr19	53536675	+	HPV18	3072	-	168	168	0	147	22
56	subset.insertion_seqs.fa	chr3~55193905~HPV18~1153	chr3	55193905	+	HPV18	1153	+	196	196	0	27	173
57	subset.insertion_seqs.fa	chr3~85855749~HPV18~0	chr3	85855749	+	HPV18	0	?	1	1	0	0	1
58	subset.insertion_seqs.fa	chr3~115463436~HPV18~0	chr3	115463436	+	HPV18	0	?	1	1	0	1	0
59	subset.insertion_seqs.fa	chr3~130129757~HPV18~3444	chr3	130129757	+	HPV18	3444	+	176	176	0	27	154
60	subset.insertion_seqs.fa	chr15~54003775~HPV18~3787	chr15	54003775	+	HPV18	3787	-	1	1	0	0	1
61	subset.insertion_seqs.fa	chr11~8621071~HPV18~6885	chr11	8621071	-	HPV18	6885	-	202	202	1	204	1
62	subset.insertion_seqs.fa	chr11~35588185~HPV18~0	chr11	35588185	-	HPV18	0	?	1	1	0	0	1
63	subset.insertion_seqs.fa	chr11~50748227~HPV18~5663	chr11	50748227	-	HPV18	5663	+	1	1	0	0	1
64	subset.insertion_seqs.fa	chr11~55538230~HPV18~3882	chr11	55538230	-	HPV18	3882	-	1	1	0	0	1
65	subset.insertion_seqs.fa	chr21~19152141~HPV18~5784	chr21	19152141	-	HPV18	5784	+	1	1	0	0	1
66	subset.insertion_seqs.fa	chr10~91028924~HPV18~5731	chr10	91028924	-	HPV18	5731	+	1	1	0	0	1
67	subset.insertion_seqs.fa	chr10~107895412~HPV18~3870	chr10	107895412	-	HPV18	3870	+	2	2	0	1	1
68	subset.insertion_seqs.fa	chr1~26195757~HPV18~3692	chr1	26195757	-	HPV18	3692	+	180	180	0	100	84
69	subset.insertion_seqs.fa	chr1~32773243~HPV18~4494	chr1	32773243	-	HPV18	4494	-	166	166	2	167	0
70	subset.insertion_seqs.fa	chr1~35517696~HPV18~5750	chr1	35517696	-	HPV18	5750	+	1	1	0	0	1
71	subset.insertion_seqs.fa	chr1~40875100~HPV18~4015	chr1	40875100	-	HPV18	4015	+	1	1	0	0	1
72	subset.insertion_seqs.fa	chr1~104340441~HPV18~1410	chr1	104340441	-	HPV18	1410	+	1	1	0	0	1
73	subset.insertion_seqs.fa	chr1~107166644~HPV18~5039	chr1	107166644	-	HPV18	5039	-	198	198	1	198	2
74	subset.insertion_seqs.fa	chr1~112586147~HPV18~3870	chr1	112586147	-	HPV18	3870	-	1	1	0	0	1
75	subset.insertion_seqs.fa	chr1~193871737~HPV18~1666	chr1	193871737	-	HPV18	1666	-	1	1	1	0	1
76	subset.insertion_seqs.fa	chr14~62374724~HPV18~4683	chr14	62374724	-	HPV18	4683	+	157	157	0	147	12
77	subset.insertion_seqs.fa	chr14~90377260~HPV18~4160	chr14	90377260	-	HPV18	4160	-	1	1	1	0	1
78	subset.insertion_seqs.fa	chr12~78842847~HPV18~0	chr12	78842847	-	HPV18	0	?	1	1	0	0	1
79	subset.insertion_seqs.fa	chrX~17019003~HPV18~0	chrX	17019003	-	HPV18	0	?	1	1	0	1	1
80	subset.insertion_seqs.fa	chr18~1875685~HPV18~1048	chr18	1875685	-	HPV18	1048	-	198	198	1	200	0
81	subset.insertion_seqs.fa	chr18~4607425~HPV18~3276	chr18	4607425	-	HPV18	3276	-	196	196	1	146	52
82	subset.insertion_seqs.fa	chr18~6318789~HPV18~0	chr18	6318789	-	HPV18	0	?	1	1	0	1	0
83	subset.insertion_seqs.fa	chr18~13542448~HPV18~5948	chr18	13542448	-	HPV18	5948	-	202	202	1	204	1
84	subset.insertion_seqs.fa	chr18~13695033~HPV18~1402	chr18	13695033	-	HPV18	1402	+	1	1	0	0	1
85	subset.insertion_seqs.fa	chr18~17611288~HPV18~6555	chr18	17611288	-	HPV18	6555	-	1	1	0	0	1
86	subset.insertion_seqs.fa	chr18~73407386~HPV18~3808	chr18	73407386	-	HPV18	3808	-	181	181	0	165	20
87	subset.insertion_seqs.fa	chr18~73440279~HPV18~2921	chr18	73440279	-	HPV18	2921	+	204	204	0	208	0
88	subset.insertion_seqs.fa	chr6~29407742~HPV18~1396	chr6	29407742	-	HPV18	1396	+	1	1	0	0	1
89	subset.insertion_seqs.fa	chr6~50410596~HPV18~5094	chr6	50410596	-	HPV18	5094	+	147	147	0	148	0
90	subset.insertion_seqs.fa	chr6~122521580~HPV18~0	chr6	122521580	-	HPV18	0	?	1	1	0	1	1
91	subset.insertion_seqs.fa	chr13~113182969~HPV18~3411	chr13	113182969	-	HPV18	3411	+	169	169	0	170	0
92	subset.insertion_seqs.fa	chr4~16110010~HPV18~6870	chr4	16110010	-	HPV18	6870	-	94	94	1	40	57
93	subset.insertion_seqs.fa	chr4~76161277~HPV18~5153	chr4	76161277	-	HPV18	5153	-	202	202	0	205	1
94	subset.insertion_seqs.fa	chr4~92530410~HPV18~1739	chr4	92530410	-	HPV18	1739	-	183	183	1	98	87
95	subset.insertion_seqs.fa	chr4~170878390~HPV18~6729	chr4	170878390	-	HPV18	6729	+	1	1	0	1	0
96	subset.insertion_seqs.fa	chr4~177955222~HPV18~5696	chr4	177955222	-	HPV18	5696	+	1	1	0	0	1
97	subset.insertion_seqs.fa	chr20~62846905~HPV18~0	chr20	62846905	-	HPV18	0	?	1	1	0	1	1
98	subset.insertion_seqs.fa	chr5~21697514~HPV18~5124	chr5	21697514	-	HPV18	5124	+	200	200	0	204	0
99	subset.insertion_seqs.fa	chr5~179023370~HPV18~4160	chr5	179023370	-	HPV18	4160	-	1	1	1	0	1
100	subset.insertion_seqs.fa	chr2~125598299~HPV18~3164	chr2	125598299	-	HPV18	3164	+	1	1	0	1	0
101	subset.insertion_seqs.fa	chr2~134345894~HPV18~5134	chr2	134345894	-	HPV18	5134	+	186	186	0	187	3
102	subset.insertion_seqs.fa	chr2~172683217~HPV18~2522	chr2	172683217	-	HPV18	2522	-	2	2	0	0	2
103	subset.insertion_seqs.fa	chr2~184219517~HPV18~4910	chr2	184219517	-	HPV18	4910	+	205	205	1	95	113
104	subset.insertion_seqs.fa	chr2~194531840~HPV18~4200	chr2	194531840	-	HPV18	4200	-	175	175	0	93	86
105	subset.insertion_seqs.fa	chr3~19853852~HPV18~1459	chr3	19853852	-	HPV18	1459	+	1	1	0	0	1
106	subset.insertion_seqs.fa	chr3~25993226~HPV18~0	chr3	25993226	-	HPV18	0	?	1	1	0	1	1
107	subset.insertion_seqs.fa	chr3~63866457~HPV18~0	chr3	63866457	-	HPV18	0	?	1	1	0	1	1
108	subset.insertion_seqs.fa	chr3~150011839~HPV18~1483	chr3	150011839	-	HPV18	1483	+	1	1	0	0	1
109	subset.insertion_seqs.fa	chr3~172382611~HPV18~1666	chr3	172382611	-	HPV18	1666	-	1	1	1	0	1
110	subset.insertion_seqs.fa	chr15~54003728~HPV18~0	chr15	54003728	-	HPV18	0	?	1	1	0	0	1
111	subset.insertion_seqs.fa	chr15~82983834~HPV18~3074	chr15	82983834	-	HPV18	3074	-	1	1	1	1	0
112	subset.insertion_seqs.fa	chr19~47181483~HPV18~0	chr19	47181483	-	HPV18	0	?	1	1	0	0	1
113	subset.insertion_seqs.fa	chr22~16996660~HPV18~1557	chr22	16996660	-	HPV18	1557	+	1	1	0	1	0
114	subset.insertion_seqs.fa	chr22~24714858~HPV18~3650	chr22	24714858	-	HPV18	3650	+	1	1	0	0	1
115	subset.insertion_seqs.fa	chr22~36753133~HPV18~3650	chr22	36753133	-	HPV18	3650	-	202	202	0	194	12
116	subset.insertion_seqs.fa	chrY~4525660~HPV18~0	chrY	4525660	-	HPV18	0	?	1	1	0	0	1
117	subset.insertion_seqs.fa	chr16~6418542~HPV18~6512	chr16	6418542	-	HPV18	6512	+	1	1	0	0	1
118	subset.insertion_seqs.fa	chr16~35948757~HPV18~5690	chr16	35948757	-	HPV18	5690	+	1	1	0	0	1
119	subset.insertion_seqs.fa	chr16~66297725~HPV18~4399	chr16	66297725	-	HPV18	4399	-	145	145	0	145	1
120	subset.insertion_seqs.fa	chr8~47118635~HPV18~2628	chr8	47118635	-	HPV18	2628	+	198	198	0	88	114
121	subset.insertion_seqs.fa	chr7~55853223~HPV18~0	chr7	55853223	-	HPV18	0	?	1	1	0	1	1
122	subset.insertion_seqs.fa	chr7~81153251~HPV18~4872	chr7	81153251	-	HPV18	4872	+	199	199	0	113	91
123	subset.insertion_seqs.fa	chr7~87434113~HPV18~5096	chr7	87434113	-	HPV18	5096	+	1	1	0	1	0
124	subset.insertion_seqs.fa	chr7~90481200~HPV18~3584	chr7	90481200	-	HPV18	3584	-	1	1	0	0	1
125	subset.insertion_seqs.fa	chr7~98320877~HPV18~6508	chr7	98320877	-	HPV18	6508	+	1	1	0	0	1
126	subset.insertion_seqs.fa	chr7~98599820~HPV18~3806	chr7	98599820	-	HPV18	3806	-	1	1	0	0	1
127	subset.insertion_seqs.fa	chr7~99076732~HPV18~1975	chr7	99076732	-	HPV18	1975	+	127	127	0	131	0
128	subset.insertion_seqs.fa	chr7~153307468~HPV18~1326	chr7	153307468	-	HPV18	1326	+	1	1	0	0	1
129	subset.insertion_seqs.fa	chr17~9404796~HPV18~4419	chr17	9404796	-	HPV18	4419	-	143	143	0	92	52
130	subset.insertion_seqs.fa	chr17~42959231~HPV18~3976	chr17	42959231	-	HPV18	3976	-	1	1	0	0	1
131	subset.insertion_seqs.fa	chr9~40881207~HPV18~0	chr9	40881207	-	HPV18	0	?	1	1	0	0	1
132	subset.insertion_seqs.fa	chr9~43622036~HPV18~6518	chr9	43622036	-	HPV18	6518	-	1	1	0	0	1
133	subset.insertion_seqs.fa	chr9~84934101~HPV18~885	chr9	84934101	-	HPV18	885	-	204	204	0	208	0
0	subset.insertion_seqs.fa	chr4~8659136~HPV35~4831	chr4	8659136	+	HPV35	4831	-	1	1	0	0	1
1	subset.insertion_seqs.fa	chr4~20600517~HPV35~4533	chr4	20600517	+	HPV35	4533	-	2	2	0	0	2
2	subset.insertion_seqs.fa	chr4~28638094~HPV35~3680	chr4	28638094	+	HPV35	3680	+	1	1	0	1	0
3	subset.insertion_seqs.fa	chr4~51581923~HPV35~6253	chr4	51581923	+	HPV35	6253	+	1	1	0	1	0
4	subset.insertion_seqs.fa	chr4~83545509~HPV35~4901	chr4	83545509	+	HPV35	4901	-	171	171	0	63	109
5	subset.insertion_seqs.fa	chr4~85983109~HPV35~0	chr4	85983109	+	HPV35	0	?	1	1	0	0	1
6	subset.insertion_seqs.fa	chr4~145412997~HPV35~0	chr4	145412997	+	HPV35	0	?	1	1	0	0	1
7	subset.insertion_seqs.fa	chr21~37646774~HPV35~2235	chr21	37646774	+	HPV35	2235	+	1	1	0	0	1
8	subset.insertion_seqs.fa	chr21~43032952~HPV35~1751	chr21	43032952	+	HPV35	1751	-	175	175	1	143	34
9	subset.insertion_seqs.fa	chr1~155883528~HPV35~4544	chr1	155883528	+	HPV35	4544	-	1	1	0	1	0
10	subset.insertion_seqs.fa	chr10~79625941~HPV35~2233	chr10	79625941	+	HPV35	2233	-	169	169	1	126	46
11	subset.insertion_seqs.fa	chr10~79938632~HPV35~4333	chr10	79938632	+	HPV35	4333	+	165	165	1	168	0
12	subset.insertion_seqs.fa	chr15~40235097~HPV35~4271	chr15	40235097	+	HPV35	4271	-	1	1	0	1	0
13	subset.insertion_seqs.fa	chr15~43408942~HPV35~5655	chr15	43408942	+	HPV35	5655	+	171	171	0	166	6
14	subset.insertion_seqs.fa	chr15~72301965~HPV35~4735	chr15	72301965	+	HPV35	4735	-	161	161	1	72	92
15	subset.insertion_seqs.fa	chr9~106465384~HPV35~1627	chr9	106465384	+	HPV35	1627	-	1	1	0	0	1
16	subset.insertion_seqs.fa	chr20~42501392~HPV35~1536	chr20	42501392	+	HPV35	1536	-	165	165	1	167	1
17	subset.insertion_seqs.fa	chr20~44049953~HPV35~3417	chr20	44049953	+	HPV35	3417	+	165	165	2	84	83
18	subset.insertion_seqs.fa	chr2~153499114~HPV35~0	chr2	153499114	+	HPV35	0	?	1	1	0	0	1
19	subset.insertion_seqs.fa	chr8~56863416~HPV35~3077	chr8	56863416	+	HPV35	3077	+	1	1	0	1	0
20	subset.insertion_seqs.fa	chr8~96750949~HPV35~3647	chr8	96750949	+	HPV35	3647	+	1	1	0	0	1
21	subset.insertion_seqs.fa	chr8~107562095~HPV35~4763	chr8	107562095	+	HPV35	4763	-	1	1	0	0	1
22	subset.insertion_seqs.fa	chr19~16068439~HPV35~2018	chr19	16068439	+	HPV35	2018	+	1	1	1	1	0
23	subset.insertion_seqs.fa	chr19~23390969~HPV35~3417	chr19	23390969	+	HPV35	3417	+	1	1	1	1	0
24	subset.insertion_seqs.fa	chr19~41191342~HPV35~2560	chr19	41191342	+	HPV35	2560	+	1	1	0	0	1
25	subset.insertion_seqs.fa	chr19~50945416~HPV35~6247	chr19	50945416	+	HPV35	6247	-	120	120	1	86	34
26	subset.insertion_seqs.fa	chrX~71002780~HPV35~0	chrX	71002780	+	HPV35	0	?	1	1	0	1	1
27	subset.insertion_seqs.fa	chrX~115098918~HPV35~557	chrX	115098918	+	HPV35	557	+	172	172	0	108	65
28	subset.insertion_seqs.fa	chrX~135978543~HPV35~0	chrX	135978543	+	HPV35	0	?	1	1	0	0	1
29	subset.insertion_seqs.fa	chr5~6955856~HPV35~3035	chr5	6955856	+	HPV35	3035	+	1	1	0	0	1
30	subset.insertion_seqs.fa	chr5~54848858~HPV35~4461	chr5	54848858	+	HPV35	4461	-	152	152	1	154	0
31	subset.insertion_seqs.fa	chr5~118336265~HPV35~2896	chr5	118336265	+	HPV35	2896	+	2	2	1	3	0
32	subset.insertion_seqs.fa	chr22~20841139~HPV35~7377	chr22	20841139	+	HPV35	7377	-	132	132	0	24	109
33	subset.insertion_seqs.fa	chr6~153100739~HPV35~3080	chr6	153100739	+	HPV35	3080	-	161	161	0	144	20
34	subset.insertion_seqs.fa	chr17~39268259~HPV35~0	chr17	39268259	+	HPV35	0	?	1	1	0	1	1
35	subset.insertion_seqs.fa	chr17~73060664~HPV35~4050	chr17	73060664	+	HPV35	4050	-	148	148	1	126	24
36	subset.insertion_seqs.fa	chr12~38334962~HPV35~0	chr12	38334962	+	HPV35	0	?	1	1	0	2	0
37	subset.insertion_seqs.fa	chr12~38927136~HPV35~5174	chr12	38927136	+	HPV35	5174	+	1	1	0	1	0
38	subset.insertion_seqs.fa	chr12~55809473~HPV35~7231	chr12	55809473	+	HPV35	7231	-	1	1	0	0	1
39	subset.insertion_seqs.fa	chr18~62716179~HPV35~6508	chr18	62716179	+	HPV35	6508	-	143	143	1	144	0
40	subset.insertion_seqs.fa	chr14~37564204~HPV35~3357	chr14	37564204	+	HPV35	3357	-	167	167	1	154	16
41	subset.insertion_seqs.fa	chr3~43852832~HPV35~0	chr3	43852832	+	HPV35	0	?	1	1	0	2	0
42	subset.insertion_seqs.fa	chr3~46573418~HPV35~3140	chr3	46573418	+	HPV35	3140	-	1	1	0	0	1
43	subset.insertion_seqs.fa	chr3~88783225~HPV35~2431	chr3	88783225	+	HPV35	2431	+	1	1	0	1	0
44	subset.insertion_seqs.fa	chr3~96305427~HPV35~0	chr3	96305427	+	HPV35	0	?	1	1	0	2	0
45	subset.insertion_seqs.fa	chr3~106597172~HPV35~1029	chr3	106597172	+	HPV35	1029	+	1	1	0	0	1
46	subset.insertion_seqs.fa	chr15~40234959~HPV35~4551	chr15	40234959	-	HPV35	4551	-	152	152	1	155	0
47	subset.insertion_seqs.fa	chr15~72301828~HPV35~4386	chr15	72301828	-	HPV35	4386	+	1	1	0	0	1
48	subset.insertion_seqs.fa	chr1~121772860~HPV35~0	chr1	121772860	-	HPV35	0	?	1	1	0	0	1
49	subset.insertion_seqs.fa	chr1~209671320~HPV35~2441	chr1	209671320	-	HPV35	2441	-	152	152	0	153	0
50	subset.insertion_seqs.fa	chr10~7403499~HPV35~6038	chr10	7403499	-	HPV35	6038	+	1	1	0	0	1
51	subset.insertion_seqs.fa	chr10~49149296~HPV35~6813	chr10	49149296	-	HPV35	6813	-	162	162	1	164	1
52	subset.insertion_seqs.fa	chr10~79938488~HPV35~4682	chr10	79938488	-	HPV35	4682	-	1	1	0	1	0
53	subset.insertion_seqs.fa	chr10~100168805~HPV35~3507	chr10	100168805	-	HPV35	3507	-	1	1	1	0	1
54	subset.insertion_seqs.fa	chr4~5775495~HPV35~1125	chr4	5775495	-	HPV35	1125	-	174	174	0	156	19
55	subset.insertion_seqs.fa	chr4~28637957~HPV35~3399	chr4	28637957	-	HPV35	3399	+	154	154	1	155	2
56	subset.insertion_seqs.fa	chr4~69265814~HPV35~2896	chr4	69265814	-	HPV35	2896	+	4	4	1	2	4
57	subset.insertion_seqs.fa	chr4~73870793~HPV35~618	chr4	73870793	-	HPV35	618	+	173	173	1	124	51
58	subset.insertion_seqs.fa	chr4~99191639~HPV35~3246	chr4	99191639	-	HPV35	3246	-	1	1	0	1	0
59	subset.insertion_seqs.fa	chr4~125920262~HPV35~2611	chr4	125920262	-	HPV35	2611	-	169	169	0	168	3
60	subset.insertion_seqs.fa	chr20~42501254~HPV35~1187	chr20	42501254	-	HPV35	1187	+	1	1	0	1	0
61	subset.insertion_seqs.fa	chr2~4013584~HPV35~6011	chr2	4013584	-	HPV35	6011	+	176	176	3	178	1
62	subset.insertion_seqs.fa	chr2~134911433~HPV35~6943	chr2	134911433	-	HPV35	6943	+	1	1	0	0	1
63	subset.insertion_seqs.fa	chr2~186571592~HPV35~3076	chr2	186571592	-	HPV35	3076	+	1	1	0	0	1
64	subset.insertion_seqs.fa	chr2~241264258~HPV35~2332	chr2	241264258	-	HPV35	2332	-	1	1	0	0	1
65	subset.insertion_seqs.fa	chr8~56863277~HPV35~2797	chr8	56863277	-	HPV35	2797	+	129	129	2	133	0
66	subset.insertion_seqs.fa	chr8~59404774~HPV35~4107	chr8	59404774	-	HPV35	4107	+	148	148	2	98	52
67	subset.insertion_seqs.fa	chr13~73417853~HPV35~0	chr13	73417853	-	HPV35	0	?	1	1	0	0	1
68	subset.insertion_seqs.fa	chr13~112277644~HPV35~2990	chr13	112277644	-	HPV35	2990	-	172	172	1	8	166
69	subset.insertion_seqs.fa	chr16~50200331~HPV35~6081	chr16	50200331	-	HPV35	6081	+	1	1	0	1	0
70	subset.insertion_seqs.fa	chr16~81984510~HPV35~3853	chr16	81984510	-	HPV35	3853	-	1	1	0	0	1
71	subset.insertion_seqs.fa	chr11~38631853~HPV35~3815	chr11	38631853	-	HPV35	3815	+	118	118	1	61	59
72	subset.insertion_seqs.fa	chr11~65510042~HPV35~0	chr11	65510042	-	HPV35	0	?	1	1	0	0	1
73	subset.insertion_seqs.fa	chr11~101491354~HPV35~2297	chr11	101491354	-	HPV35	2297	-	1	1	0	0	1
74	subset.insertion_seqs.fa	chr11~116881059~HPV35~0	chr11	116881059	-	HPV35	0	?	1	1	0	0	1
75	subset.insertion_seqs.fa	chr11~128452701~HPV35~6871	chr11	128452701	-	HPV35	6871	+	118	118	0	117	1
76	subset.insertion_seqs.fa	chr5~35844786~HPV35~0	chr5	35844786	-	HPV35	0	?	1	1	0	1	1
77	subset.insertion_seqs.fa	chr5~83185416~HPV35~1357	chr5	83185416	-	HPV35	1357	-	166	166	0	166	0
78	subset.insertion_seqs.fa	chr5~145584984~HPV35~0	chr5	145584984	-	HPV35	0	?	1	1	0	0	1
79	subset.insertion_seqs.fa	chr7~69300157~HPV35~2124	chr7	69300157	-	HPV35	2124	-	1	1	0	0	1
80	subset.insertion_seqs.fa	chr7~87012129~HPV35~0	chr7	87012129	-	HPV35	0	?	1	1	0	1	1
81	subset.insertion_seqs.fa	chr7~148919683~HPV35~4515	chr7	148919683	-	HPV35	4515	-	148	148	1	149	2
82	subset.insertion_seqs.fa	chr7~149168804~HPV35~0	chr7	149168804	-	HPV35	0	?	1	1	0	1	1
83	subset.insertion_seqs.fa	chr19~18289019~HPV35~4422	chr19	18289019	-	HPV35	4422	+	1	1	0	0	1
84	subset.insertion_seqs.fa	chr19~19071625~HPV35~7001	chr19	19071625	-	HPV35	7001	+	1	1	0	1	0
85	subset.insertion_seqs.fa	chr19~50945279~HPV35~5897	chr19	50945279	-	HPV35	5897	+	1	1	0	1	0
86	subset.insertion_seqs.fa	chrX~6420966~HPV35~3810	chrX	6420966	-	HPV35	3810	-	171	171	0	146	28
87	subset.insertion_seqs.fa	chrX~25005367~HPV35~4021	chrX	25005367	-	HPV35	4021	-	159	159	1	160	0
88	subset.insertion_seqs.fa	chrX~64665469~HPV35~4527	chrX	64665469	-	HPV35	4527	+	1	1	0	0	1
89	subset.insertion_seqs.fa	chr18~31129360~HPV35~0	chr18	31129360	-	HPV35	0	?	1	1	0	2	0
90	subset.insertion_seqs.fa	chr18~56561231~HPV35~5870	chr18	56561231	-	HPV35	5870	-	160	160	0	160	1
91	subset.insertion_seqs.fa	chr18~71026198~HPV35~2727	chr18	71026198	-	HPV35	2727	-	166	166	0	169	0
92	subset.insertion_seqs.fa	chr12~1522801~HPV35~3015	chr12	1522801	-	HPV35	3015	+	1	1	0	0	1
93	subset.insertion_seqs.fa	chr12~38926995~HPV35~4894	chr12	38926995	-	HPV35	4894	+	163	163	1	149	17
94	subset.insertion_seqs.fa	chr12~122349420~HPV35~3507	chr12	122349420	-	HPV35	3507	-	4	4	1	1	4
95	subset.insertion_seqs.fa	chr3~52566005~HPV35~2326	chr3	52566005	-	HPV35	2326	-	1	1	0	0	1
96	subset.insertion_seqs.fa	chr3~78144257~HPV35~2016	chr3	78144257	-	HPV35	2016	+	146	146	1	59	91
97	subset.insertion_seqs.fa	chr3~88783088~HPV35~2150	chr3	88783088	-	HPV35	2150	+	137	137	1	137	1
98	subset.insertion_seqs.fa	chr3~167056411~HPV35~4869	chr3	167056411	-	HPV35	4869	+	167	167	1	167	1
99	subset.insertion_seqs.fa	chr3~180345254~HPV35~0	chr3	180345254	-	HPV35	0	?	1	1	0	0	1
100	subset.insertion_seqs.fa	chr22~23612355~HPV35~2287	chr22	23612355	-	HPV35	2287	-	1	1	0	0	1
101	subset.insertion_seqs.fa	chr22~25036207~HPV35~3006	chr22	25036207	-	HPV35	3006	+	151	151	0	85	72
102	subset.insertion_seqs.fa	chr22~27505457~HPV35~5610	chr22	27505457	-	HPV35	5610	+	173	173	0	163	11
103	subset.insertion_seqs.fa	chr17~36225200~HPV35~0	chr17	36225200	-	HPV35	0	?	1	1	0	1	1
104	subset.insertion_seqs.fa	chr6~22528369~HPV35~1181	chr6	22528369	-	HPV35	1181	-	174	174	1	176	0
105	subset.insertion_seqs.fa	chr6~56718102~HPV35~5938	chr6	56718102	-	HPV35	5938	+	1	1	0	1	0
106	subset.insertion_seqs.fa	chr6~96980446~HPV35~3451	chr6	96980446	-	HPV35	3451	-	151	151	0	30	127
107	subset.insertion_seqs.fa	chr6~109850583~HPV35~4131	chr6	109850583	-	HPV35	4131	-	1	1	0	0	1
