#sample	entry	chrB	orientA	score	coordB	chrA	coordA	end	orientB	virus_brkend_grp	match	total	multiqc_index
subset.insertion_seqs.fa	chr15~21496294~-~HPV35~264~+	HPV35	-	4	264	chr15	21496294	21496262	+	HPV35:264	43	5	
subset.insertion_seqs.fa	chr15~20922597~-~HPV35~264~+	HPV35	-	4	264	chr15	20922597	20922565	+	HPV35:264	43	9	
subset.insertion_seqs.fa	KI270727.1~223418~-~HPV35~264~+	HPV35	-	3	264	KI270727.1	223418	223385	+	HPV35:264	43	3	
subset.insertion_seqs.fa	chr17~31259699~-~HPV35~264~-	HPV35	-	4	264	chr17	31259699	31259728	-	HPV35:264	41	7	
subset.insertion_seqs.fa	chr15~21933574~-~HPV35~264~+	HPV35	-	4	264	chr15	21933574	21933544	+	HPV35:264	43	8	
subset.insertion_seqs.fa	chrX~115098918~-~HPV35~558~+	HPV35	-	10	558	chrX	115098918	115098886	+	HPV35:558	43	9	
subset.insertion_seqs.fa	chr5~78065645~-~HPV35~558~+	HPV35	-	4	558	chr5	78065645	78065612	+	HPV35:558	41	3	
subset.insertion_seqs.fa	chr4~184177345~-~HPV35~558~+	HPV35	-	4	558	chr4	184177345	184177307	+	HPV35:558	39	2	
subset.insertion_seqs.fa	chr15~71024093~-~HPV35~558~+	HPV35	-	4	558	chr15	71024093	71024060	+	HPV35:558	41	3	
subset.insertion_seqs.fa	chr1~248898063~-~HPV35~558~+	HPV35	-	4	558	chr1	248898063	248898034	+	HPV35:558	29	2	
subset.insertion_seqs.fa	chr5~39598883~-~HPV35~558~-	HPV35	-	4	558	chr5	39598883	39598914	-	HPV35:558	32	4	
subset.insertion_seqs.fa	chr20~55522714~-~HPV35~558~-	HPV35	-	4	558	chr20	55522714	55522746	-	HPV35:558	41	5	
subset.insertion_seqs.fa	chr4~5775494~-~HPV35~599~-	HPV35	-	10	599	chr4	5775494	5775526	-	HPV35:599	43	9	
subset.insertion_seqs.fa	chr4~73870796~-~HPV35~618~-	HPV35	-	10	618	chr4	73870796	73870829	-	HPV35:618	43	5	
subset.insertion_seqs.fa	chr6~22528369~+~HPV35~1181~+	HPV35	+	10	1181	chr6	22528369	22528402	+	HPV35:1181	43	5	
subset.insertion_seqs.fa	chr20~42501391~+~HPV35~1536~-	HPV35	+	10	1536	chr20	42501391	42501352	-	HPV35:1536	41	4	
subset.insertion_seqs.fa	chr20~42501392~+~HPV35~1534~-	HPV35	+	7	1534	chr20	42501392	42501357	-	HPV35:1534	34	1	
subset.insertion_seqs.fa	chr21~43032951~+~HPV35~1751~-	HPV35	+	10	1751	chr21	43032951	43032918	-	HPV35:1751	43	5	
subset.insertion_seqs.fa	chr1~209671319~-~HPV35~1915~-	HPV35	-	10	1915	chr1	209671319	209671351	-	HPV35:1915	43	9	
subset.insertion_seqs.fa	chr4~125920262~-~HPV35~1998~-	HPV35	-	10	1998	chr4	125920262	125920295	-	HPV35:1998	43	5	
subset.insertion_seqs.fa	chr15~39790587~-~HPV35~2016~-	HPV35	-	7	2016	chr15	39790587	39790630	-	HPV35:2016	43	1	
subset.insertion_seqs.fa	chr18~59711104~-~HPV35~2016~-	HPV35	-	7	2016	chr18	59711104	59711135	-	HPV35:2016	31	1	
subset.insertion_seqs.fa	chr6~39241741~-~HPV35~2016~+	HPV35	-	7	2016	chr6	39241741	39241711	+	HPV35:2016	30	1	
subset.insertion_seqs.fa	chr3~88783088~-~HPV35~2150~-	HPV35	-	10	2150	chr3	88783088	88783126	-	HPV35:2150	40	6	
subset.insertion_seqs.fa	chr17~20310254~+~HPV35~2233~+	HPV35	+	7	2233	chr17	20310254	20310280	+	HPV35:2233	26	1	
subset.insertion_seqs.fa	chrX~155541562~+~HPV35~2233~+	HPV35	+	4	2233	chrX	155541562	155541591	+	HPV35:2233	29	2	
subset.insertion_seqs.fa	chrX~84431368~+~HPV35~2233~+	HPV35	+	4	2233	chrX	84431368	84431398	+	HPV35:2233	30	2	
subset.insertion_seqs.fa	chr8~131451053~+~HPV35~2233~+	HPV35	+	1	2233	chr8	131451053	131451082	+	HPV35:2233	29	1	
subset.insertion_seqs.fa	chr8~9166452~+~HPV35~2233~+	HPV35	+	1	2233	chr8	9166452	9166481	+	HPV35:2233	29	1	
subset.insertion_seqs.fa	chr7~94952472~+~HPV35~2233~+	HPV35	+	1	2233	chr7	94952472	94952501	+	HPV35:2233	29	1	
subset.insertion_seqs.fa	chr4~144979623~+~HPV35~2233~+	HPV35	+	1	2233	chr4	144979623	144979652	+	HPV35:2233	28	1	
subset.insertion_seqs.fa	chr2~57648778~+~HPV35~2233~+	HPV35	+	1	2233	chr2	57648778	57648807	+	HPV35:2233	28	1	
subset.insertion_seqs.fa	chr13~28878848~+~HPV35~2233~+	HPV35	+	1	2233	chr13	28878848	28878876	+	HPV35:2233	28	1	
subset.insertion_seqs.fa	chr13~76968979~+~HPV35~2233~+	HPV35	+	1	2233	chr13	76968979	76969008	+	HPV35:2233	28	1	
subset.insertion_seqs.fa	chr10~56250840~+~HPV35~2233~+	HPV35	+	1	2233	chr10	56250840	56250869	+	HPV35:2233	29	1	
subset.insertion_seqs.fa	chr1~30552146~+~HPV35~2233~+	HPV35	+	1	2233	chr1	30552146	30552175	+	HPV35:2233	29	1	
subset.insertion_seqs.fa	chr1~152177418~+~HPV35~2233~+	HPV35	+	1	2233	chr1	152177418	152177446	+	HPV35:2233	28	1	
subset.insertion_seqs.fa	chrX~99928477~+~HPV35~2233~-	HPV35	+	1	2233	chrX	99928477	99928448	-	HPV35:2233	29	1	
subset.insertion_seqs.fa	chrX~110656086~+~HPV35~2233~-	HPV35	+	1	2233	chrX	110656086	110656057	-	HPV35:2233	28	1	
subset.insertion_seqs.fa	chrX~92503370~+~HPV35~2233~-	HPV35	+	1	2233	chrX	92503370	92503341	-	HPV35:2233	28	1	
subset.insertion_seqs.fa	chr4~48638602~+~HPV35~2233~-	HPV35	+	1	2233	chr4	48638602	48638573	-	HPV35:2233	28	1	
subset.insertion_seqs.fa	chr3~110131880~+~HPV35~2233~-	HPV35	+	1	2233	chr3	110131880	110131851	-	HPV35:2233	29	1	
subset.insertion_seqs.fa	chr22~28512420~+~HPV35~2233~-	HPV35	+	1	2233	chr22	28512420	28512391	-	HPV35:2233	29	1	
subset.insertion_seqs.fa	chr1~60845665~+~HPV35~2233~-	HPV35	+	1	2233	chr1	60845665	60845636	-	HPV35:2233	29	1	
subset.insertion_seqs.fa	chr4~59554973~+~HPV35~2233~+	HPV35	+	7	2233	chr4	59554973	59555002	+	HPV35:2233	28	1	
subset.insertion_seqs.fa	chr7~144091051~+~HPV35~2233~+	HPV35	+	1	2233	chr7	144091051	144091081	+	HPV35:2233	28	1	
subset.insertion_seqs.fa	chr6~110172178~+~HPV35~2233~-	HPV35	+	1	2233	chr6	110172178	110172147	-	HPV35:2233	29	1	
subset.insertion_seqs.fa	chr10~79625941~+~HPV35~2233~-	HPV35	+	10	2233	chr10	79625941	79625904	-	HPV35:2233	43	3	
subset.insertion_seqs.fa	chr18~71026201~-~HPV35~2198~-	HPV35	-	7	2198	chr18	71026201	71026244	-	HPV35:2198	42	1	
subset.insertion_seqs.fa	chr18~71026198~-~HPV35~2201~-	HPV35	-	10	2201	chr18	71026198	71026234	-	HPV35:2201	43	4	
subset.insertion_seqs.fa	chrY~4183828~+~HPV35~2542~+	HPV35	+	4	2542	chrY	4183828	4183866	+	HPV35:2542	41	4	
subset.insertion_seqs.fa	chrX~90606091~+~HPV35~2542~+	HPV35	+	4	2542	chrX	90606091	90606129	+	HPV35:2542	42	4	
subset.insertion_seqs.fa	chr8~56863278~-~HPV35~2797~-	HPV35	-	10	2797	chr8	56863278	56863319	-	HPV35:2797	41	7	
subset.insertion_seqs.fa	chr8~56863277~-~HPV35~2799~-	HPV35	-	7	2799	chr8	56863277	56863312	-	HPV35:2799	34	1	
subset.insertion_seqs.fa	chr9~104641137~-~HPV35~2896~+	HPV35	-	1	2896	chr9	104641137	104641106	+	HPV35:2896	30	1	
subset.insertion_seqs.fa	chr4~134433416~-~HPV35~2896~+	HPV35	-	1	2896	chr4	134433416	134433385	+	HPV35:2896	31	1	
subset.insertion_seqs.fa	chr10~115702145~-~HPV35~2896~+	HPV35	-	1	2896	chr10	115702145	115702114	+	HPV35:2896	30	1	
subset.insertion_seqs.fa	chrX~93450757~-~HPV35~2896~-	HPV35	-	1	2896	chrX	93450757	93450788	-	HPV35:2896	31	1	
subset.insertion_seqs.fa	chrX~21280978~-~HPV35~2896~-	HPV35	-	1	2896	chrX	21280978	21281009	-	HPV35:2896	31	1	
subset.insertion_seqs.fa	chrX~14768945~-~HPV35~2896~-	HPV35	-	1	2896	chrX	14768945	14768976	-	HPV35:2896	30	1	
subset.insertion_seqs.fa	chrX~67899702~-~HPV35~2896~-	HPV35	-	1	2896	chrX	67899702	67899733	-	HPV35:2896	29	1	
subset.insertion_seqs.fa	chr6~96980447~-~HPV35~2896~-	HPV35	-	10	2896	chr6	96980447	96980488	-	HPV35:2896	41	4	
subset.insertion_seqs.fa	chr4~131437342~-~HPV35~2896~-	HPV35	-	1	2896	chr4	131437342	131437373	-	HPV35:2896	31	1	
subset.insertion_seqs.fa	chr3~161526436~-~HPV35~2896~-	HPV35	-	4	2896	chr3	161526436	161526472	-	HPV35:2896	39	2	
subset.insertion_seqs.fa	chr2~187050936~-~HPV35~2896~-	HPV35	-	1	2896	chr2	187050936	187050967	-	HPV35:2896	30	1	
subset.insertion_seqs.fa	chr2~146548~-~HPV35~2896~-	HPV35	-	1	2896	chr2	146548	146576	-	HPV35:2896	27	1	
subset.insertion_seqs.fa	chr13~82736800~-~HPV35~2896~-	HPV35	-	1	2896	chr13	82736800	82736831	-	HPV35:2896	30	1	
subset.insertion_seqs.fa	chrX~82169818~-~HPV35~2896~+	HPV35	-	1	2896	chrX	82169818	82169780	+	HPV35:2896	37	1	
subset.insertion_seqs.fa	chrX~140400409~-~HPV35~2896~+	HPV35	-	1	2896	chrX	140400409	140400371	+	HPV35:2896	37	1	
subset.insertion_seqs.fa	chrX~155396349~-~HPV35~2896~+	HPV35	-	1	2896	chrX	155396349	155396311	+	HPV35:2896	36	1	
subset.insertion_seqs.fa	chr7~43672395~-~HPV35~2896~+	HPV35	-	1	2896	chr7	43672395	43672357	+	HPV35:2896	37	1	
subset.insertion_seqs.fa	chr5~4607501~-~HPV35~2896~+	HPV35	-	1	2896	chr5	4607501	4607463	+	HPV35:2896	37	1	
subset.insertion_seqs.fa	chr14~40827774~-~HPV35~2896~+	HPV35	-	1	2896	chr14	40827774	40827736	+	HPV35:2896	36	1	
subset.insertion_seqs.fa	chr13~84510193~-~HPV35~2896~+	HPV35	-	1	2896	chr13	84510193	84510155	+	HPV35:2896	36	1	
subset.insertion_seqs.fa	chr11~79864192~-~HPV35~2896~+	HPV35	-	1	2896	chr11	79864192	79864154	+	HPV35:2896	36	1	
subset.insertion_seqs.fa	chr11~32130081~-~HPV35~2896~+	HPV35	-	1	2896	chr11	32130081	32130044	+	HPV35:2896	35	1	
subset.insertion_seqs.fa	chr1~51162143~-~HPV35~2896~+	HPV35	-	1	2896	chr1	51162143	51162105	+	HPV35:2896	36	1	
subset.insertion_seqs.fa	chr9~25468288~-~HPV35~2896~-	HPV35	-	1	2896	chr9	25468288	25468326	-	HPV35:2896	37	1	
subset.insertion_seqs.fa	chr5~61093544~-~HPV35~2896~-	HPV35	-	1	2896	chr5	61093544	61093582	-	HPV35:2896	37	1	
subset.insertion_seqs.fa	chr4~91209498~-~HPV35~2896~-	HPV35	-	1	2896	chr4	91209498	91209536	-	HPV35:2896	36	1	
subset.insertion_seqs.fa	chr2~180389545~-~HPV35~2896~-	HPV35	-	1	2896	chr2	180389545	180389583	-	HPV35:2896	37	1	
subset.insertion_seqs.fa	chr17~6859107~-~HPV35~2896~-	HPV35	-	1	2896	chr17	6859107	6859145	-	HPV35:2896	37	1	
subset.insertion_seqs.fa	chr10~85368311~-~HPV35~2896~-	HPV35	-	1	2896	chr10	85368311	85368349	-	HPV35:2896	37	1	
subset.insertion_seqs.fa	chrX~74391900~-~HPV35~2896~+	HPV35	-	7	2896	chrX	74391900	74391875	+	HPV35:2896	25	1	
subset.insertion_seqs.fa	chr6~96980447~-~HPV35~2898~-	HPV35	-	7	2898	chr6	96980447	96980481	-	HPV35:2898	33	1	
subset.insertion_seqs.fa	chr13~112277643~+~HPV35~2990~+	HPV35	+	4	2990	chr13	112277643	112277675	+	HPV35:2990	43	6	
subset.insertion_seqs.fa	chr13~112278391~+~HPV35~2990~+	HPV35	+	4	2990	chr13	112278391	112278422	+	HPV35:2990	33	4	
subset.insertion_seqs.fa	chr13~112278595~+~HPV35~2990~+	HPV35	+	4	2990	chr13	112278595	112278626	+	HPV35:2990	33	4	
subset.insertion_seqs.fa	chr13~112279037~+~HPV35~2990~+	HPV35	+	4	2990	chr13	112279037	112279069	+	HPV35:2990	36	4	
subset.insertion_seqs.fa	chr13~112279785~+~HPV35~2990~+	HPV35	+	4	2990	chr13	112279785	112279818	+	HPV35:2990	42	5	
subset.insertion_seqs.fa	chr13~112280975~+~HPV35~2990~+	HPV35	+	4	2990	chr13	112280975	112281007	+	HPV35:2990	42	6	
subset.insertion_seqs.fa	chr13~112281484~+~HPV35~2990~+	HPV35	+	4	2990	chr13	112281484	112281517	+	HPV35:2990	42	5	
subset.insertion_seqs.fa	chr13~112287568~+~HPV35~2990~+	HPV35	+	4	2990	chr13	112287568	112287604	+	HPV35:2990	42	2	
subset.insertion_seqs.fa	chr13~112287160~+~HPV35~2990~+	HPV35	+	4	2990	chr13	112287160	112287190	+	HPV35:2990	36	4	
subset.insertion_seqs.fa	chr13~112286854~+~HPV35~2990~+	HPV35	+	4	2990	chr13	112286854	112286890	+	HPV35:2990	42	3	
subset.insertion_seqs.fa	chr13~112285325~+~HPV35~2990~+	HPV35	+	4	2990	chr13	112285325	112285356	+	HPV35:2990	36	4	
subset.insertion_seqs.fa	chr13~112285087~+~HPV35~2990~+	HPV35	+	4	2990	chr13	112285087	112285120	+	HPV35:2990	42	5	
subset.insertion_seqs.fa	chr13~112284781~+~HPV35~2990~+	HPV35	+	4	2990	chr13	112284781	112284812	+	HPV35:2990	36	5	
subset.insertion_seqs.fa	chr13~112284237~+~HPV35~2990~+	HPV35	+	4	2990	chr13	112284237	112284272	+	HPV35:2990	42	4	
subset.insertion_seqs.fa	chr13~112283217~+~HPV35~2990~+	HPV35	+	4	2990	chr13	112283217	112283250	+	HPV35:2990	42	5	
subset.insertion_seqs.fa	chr13~112283115~+~HPV35~2990~+	HPV35	+	4	2990	chr13	112283115	112283147	+	HPV35:2990	36	4	
subset.insertion_seqs.fa	chr13~112282470~+~HPV35~2990~+	HPV35	+	4	2990	chr13	112282470	112282504	+	HPV35:2990	42	4	
subset.insertion_seqs.fa	chr13~112289064~+~HPV35~2990~+	HPV35	+	4	2990	chr13	112289064	112289095	+	HPV35:2990	42	3	
subset.insertion_seqs.fa	chr13~112292225~+~HPV35~2990~+	HPV35	+	4	2990	chr13	112292225	112292262	+	HPV35:2990	42	2	
subset.insertion_seqs.fa	chr13~112293415~+~HPV35~2990~+	HPV35	+	4	2990	chr13	112293415	112293452	+	HPV35:2990	42	2	
subset.insertion_seqs.fa	chr13~112293857~+~HPV35~2990~+	HPV35	+	1	2990	chr13	112293857	112293887	+	HPV35:2990	29	1	
subset.insertion_seqs.fa	chr13~112295252~+~HPV35~2990~+	HPV35	+	1	2990	chr13	112295252	112295282	+	HPV35:2990	29	1	
subset.insertion_seqs.fa	chr13~112296102~+~HPV35~2990~+	HPV35	+	1	2990	chr13	112296102	112296132	+	HPV35:2990	29	1	
subset.insertion_seqs.fa	chr13~112296544~+~HPV35~2990~+	HPV35	+	1	2990	chr13	112296544	112296574	+	HPV35:2990	29	1	
subset.insertion_seqs.fa	chr13~112288010~+~HPV35~2990~+	HPV35	+	4	2990	chr13	112288010	112288047	+	HPV35:2990	42	2	
subset.insertion_seqs.fa	chr13~112289302~+~HPV35~2990~+	HPV35	+	1	2990	chr13	112289302	112289333	+	HPV35:2990	30	1	
subset.insertion_seqs.fa	chr13~112294401~+~HPV35~2990~+	HPV35	+	1	2990	chr13	112294401	112294432	+	HPV35:2990	30	1	
subset.insertion_seqs.fa	chr13~112311126~+~HPV35~2990~+	HPV35	+	1	2990	chr13	112311126	112311157	+	HPV35:2990	30	1	
subset.insertion_seqs.fa	chr13~112278833~+~HPV35~2990~+	HPV35	+	4	2990	chr13	112278833	112278868	+	HPV35:2990	36	2	
subset.insertion_seqs.fa	chr13~112284883~+~HPV35~2990~+	HPV35	+	4	2990	chr13	112284883	112284919	+	HPV35:2990	42	3	
subset.insertion_seqs.fa	chr13~112291002~+~HPV35~2990~+	HPV35	+	1	2990	chr13	112291002	112291045	+	HPV35:2990	42	1	
subset.insertion_seqs.fa	chr6~153100738~+~HPV35~3087~-	HPV35	+	10	3087	chr6	153100738	153100702	-	HPV35:3087	43	4	
subset.insertion_seqs.fa	chrX~6420966~-~HPV35~3284~-	HPV35	-	10	3284	chrX	6420966	6421002	-	HPV35:3284	43	4	
subset.insertion_seqs.fa	chr14~37564201~+~HPV35~3357~-	HPV35	+	10	3357	chr14	37564201	37564171	-	HPV35:3357	40	5	
subset.insertion_seqs.fa	chr2~89061256~+~HPV35~3358~+	HPV35	+	10	3358	chr2	89061256	89061284	+	HPV35:3358	32	4	
subset.insertion_seqs.fa	chr2~90139319~+~HPV35~3358~-	HPV35	+	4	3358	chr2	90139319	90139291	-	HPV35:3358	32	3	
subset.insertion_seqs.fa	chr14~37564204~+~HPV35~3352~-	HPV35	+	7	3352	chr14	37564204	37564172	-	HPV35:3352	32	1	
subset.insertion_seqs.fa	chr2~89061258~+~HPV35~3357~+	HPV35	+	1	3357	chr2	89061258	89061287	+	HPV35:3357	29	1	
subset.insertion_seqs.fa	chr2~90200599~+~HPV35~3357~-	HPV35	+	1	3357	chr2	90200599	90200570	-	HPV35:3357	29	1	
subset.insertion_seqs.fa	chr2~90139317~+~HPV35~3357~-	HPV35	+	1	3357	chr2	90139317	90139288	-	HPV35:3357	29	1	
subset.insertion_seqs.fa	chr2~89107074~+~HPV35~3358~+	HPV35	+	4	3358	chr2	89107074	89107116	+	HPV35:3358	42	3	
subset.insertion_seqs.fa	chr2~90200601~+~HPV35~3358~-	HPV35	+	4	3358	chr2	90200601	90200564	-	HPV35:3358	40	2	
subset.insertion_seqs.fa	chr2~90093541~+~HPV35~3358~-	HPV35	+	4	3358	chr2	90093541	90093499	-	HPV35:3358	42	3	
subset.insertion_seqs.fa	chr4~28637957~-~HPV35~3399~-	HPV35	-	10	3399	chr4	28637957	28637992	-	HPV35:3399	39	2	
subset.insertion_seqs.fa	chr7~80376463~-~HPV35~3417~+	HPV35	-	4	3417	chr7	80376463	80376430	+	HPV35:3417	36	3	
subset.insertion_seqs.fa	chr6~110236347~-~HPV35~3417~+	HPV35	-	4	3417	chr6	110236347	110236313	+	HPV35:3417	40	4	
subset.insertion_seqs.fa	chr22~45904993~-~HPV35~3417~+	HPV35	-	4	3417	chr22	45904993	45904959	+	HPV35:3417	40	4	
subset.insertion_seqs.fa	chr20~44049953~-~HPV35~3417~+	HPV35	-	10	3417	chr20	44049953	44049920	+	HPV35:3417	43	5	
subset.insertion_seqs.fa	chr18~14008588~-~HPV35~3417~+	HPV35	-	4	3417	chr18	14008588	14008557	+	HPV35:3417	34	3	
subset.insertion_seqs.fa	chr7~156260807~-~HPV35~3417~-	HPV35	-	4	3417	chr7	156260807	156260839	-	HPV35:3417	33	2	
subset.insertion_seqs.fa	chr5~23685253~-~HPV35~3417~-	HPV35	-	4	3417	chr5	23685253	23685288	-	HPV35:3417	41	4	
subset.insertion_seqs.fa	chrX~94806928~-~HPV35~3417~+	HPV35	-	1	3417	chrX	94806928	94806885	+	HPV35:3417	40	1	
subset.insertion_seqs.fa	chrX~71855021~-~HPV35~3417~+	HPV35	-	1	3417	chrX	71855021	71854978	+	HPV35:3417	40	1	
subset.insertion_seqs.fa	chr8~61399015~-~HPV35~3417~+	HPV35	-	1	3417	chr8	61399015	61398972	+	HPV35:3417	41	1	
subset.insertion_seqs.fa	chr12~99555124~-~HPV35~3417~+	HPV35	-	1	3417	chr12	99555124	99555079	+	HPV35:3417	41	1	
subset.insertion_seqs.fa	chr8~120429044~-~HPV35~3417~-	HPV35	-	1	3417	chr8	120429044	120429086	-	HPV35:3417	38	1	
subset.insertion_seqs.fa	chr3~186344279~-~HPV35~3417~-	HPV35	-	1	3417	chr3	186344279	186344326	-	HPV35:3417	42	1	
subset.insertion_seqs.fa	chr3~41429448~-~HPV35~3417~-	HPV35	-	1	3417	chr3	41429448	41429490	-	HPV35:3417	40	1	
subset.insertion_seqs.fa	chr21~27760659~-~HPV35~3417~-	HPV35	-	1	3417	chr21	27760659	27760703	-	HPV35:3417	41	1	
subset.insertion_seqs.fa	chr1~68416748~-~HPV35~3417~-	HPV35	-	1	3417	chr1	68416748	68416788	-	HPV35:3417	39	1	
subset.insertion_seqs.fa	chr16~5843595~-~HPV35~3417~-	HPV35	-	1	3417	chr16	5843595	5843625	-	HPV35:3417	30	1	
subset.insertion_seqs.fa	chr5~16770894~+~HPV35~3507~+	HPV35	+	1	3507	chr5	16770894	16770921	+	HPV35:3507	27	1	
subset.insertion_seqs.fa	chr1~230258355~+~HPV35~3507~+	HPV35	+	1	3507	chr1	230258355	230258382	+	HPV35:3507	27	1	
subset.insertion_seqs.fa	chr6~158836571~+~HPV35~3507~-	HPV35	+	1	3507	chr6	158836571	158836544	-	HPV35:3507	27	1	
subset.insertion_seqs.fa	chr3~155397301~+~HPV35~3507~-	HPV35	+	1	3507	chr3	155397301	155397275	-	HPV35:3507	26	1	
subset.insertion_seqs.fa	chr10~133398291~+~HPV35~3507~-	HPV35	+	1	3507	chr10	133398291	133398264	-	HPV35:3507	27	1	
subset.insertion_seqs.fa	chrX~27993365~+~HPV35~3507~+	HPV35	+	1	3507	chrX	27993365	27993395	+	HPV35:3507	30	1	
subset.insertion_seqs.fa	chr3~153697459~+~HPV35~3507~+	HPV35	+	1	3507	chr3	153697459	153697489	+	HPV35:3507	28	1	
subset.insertion_seqs.fa	chr2~202396923~+~HPV35~3507~+	HPV35	+	1	3507	chr2	202396923	202396953	+	HPV35:3507	30	1	
subset.insertion_seqs.fa	chr16~10453743~+~HPV35~3507~+	HPV35	+	1	3507	chr16	10453743	10453773	+	HPV35:3507	30	1	
subset.insertion_seqs.fa	chr14~102104335~+~HPV35~3507~+	HPV35	+	1	3507	chr14	102104335	102104365	+	HPV35:3507	30	1	
subset.insertion_seqs.fa	chr9~134248672~+~HPV35~3507~-	HPV35	+	1	3507	chr9	134248672	134248642	-	HPV35:3507	29	1	
subset.insertion_seqs.fa	chr5~181125876~+~HPV35~3507~-	HPV35	+	1	3507	chr5	181125876	181125846	-	HPV35:3507	30	1	
subset.insertion_seqs.fa	chr3~109306864~+~HPV35~3507~-	HPV35	+	1	3507	chr3	109306864	109306834	-	HPV35:3507	30	1	
subset.insertion_seqs.fa	chr1~79665737~+~HPV35~3507~-	HPV35	+	1	3507	chr1	79665737	79665707	-	HPV35:3507	30	1	
subset.insertion_seqs.fa	chr9~95382930~+~HPV35~3507~+	HPV35	+	1	3507	chr9	95382930	95382960	+	HPV35:3507	29	1	
subset.insertion_seqs.fa	chr5~175416344~+~HPV35~3507~+	HPV35	+	1	3507	chr5	175416344	175416374	+	HPV35:3507	29	1	
subset.insertion_seqs.fa	chr18~36049027~+~HPV35~3507~+	HPV35	+	1	3507	chr18	36049027	36049057	+	HPV35:3507	29	1	
subset.insertion_seqs.fa	chr17~35805520~+~HPV35~3507~+	HPV35	+	1	3507	chr17	35805520	35805550	+	HPV35:3507	29	1	
subset.insertion_seqs.fa	chr15~79224193~+~HPV35~3507~+	HPV35	+	1	3507	chr15	79224193	79224223	+	HPV35:3507	29	1	
subset.insertion_seqs.fa	chr17~44120633~+~HPV35~3507~-	HPV35	+	1	3507	chr17	44120633	44120603	-	HPV35:3507	29	1	
subset.insertion_seqs.fa	chr15~84885622~+~HPV35~3507~-	HPV35	+	1	3507	chr15	84885622	84885592	-	HPV35:3507	29	1	
subset.insertion_seqs.fa	chr15~21069243~+~HPV35~3507~-	HPV35	+	1	3507	chr15	21069243	21069213	-	HPV35:3507	29	1	
subset.insertion_seqs.fa	chr12~38334962~+~HPV35~3507~-	HPV35	+	1	3507	chr12	38334962	38334932	-	HPV35:3507	30	1	
subset.insertion_seqs.fa	chr12~117891307~+~HPV35~3507~-	HPV35	+	1	3507	chr12	117891307	117891277	-	HPV35:3507	29	1	
subset.insertion_seqs.fa	chr11~116713141~+~HPV35~3507~-	HPV35	+	1	3507	chr11	116713141	116713111	-	HPV35:3507	29	1	
subset.insertion_seqs.fa	chr2~30441491~+~HPV35~3505~+	HPV35	+	1	3505	chr2	30441491	30441522	+	HPV35:3505	30	1	
subset.insertion_seqs.fa	chr2~24057497~+~HPV35~3505~+	HPV35	+	1	3505	chr2	24057497	24057528	+	HPV35:3505	30	1	
subset.insertion_seqs.fa	chr17~40609238~+~HPV35~3505~+	HPV35	+	1	3505	chr17	40609238	40609269	+	HPV35:3505	30	1	
subset.insertion_seqs.fa	chr1~153200823~+~HPV35~3505~+	HPV35	+	1	3505	chr1	153200823	153200854	+	HPV35:3505	30	1	
subset.insertion_seqs.fa	chr5~177597305~+~HPV35~3505~-	HPV35	+	1	3505	chr5	177597305	177597271	-	HPV35:3505	32	1	
subset.insertion_seqs.fa	chr21~23092011~+~HPV35~3505~-	HPV35	+	1	3505	chr21	23092011	23091980	-	HPV35:3505	30	1	
subset.insertion_seqs.fa	chr2~30442110~+~HPV35~3505~-	HPV35	+	1	3505	chr2	30442110	30442079	-	HPV35:3505	30	1	
subset.insertion_seqs.fa	chr19~6402798~+~HPV35~3505~-	HPV35	+	1	3505	chr19	6402798	6402767	-	HPV35:3505	30	1	
subset.insertion_seqs.fa	chr17~35027617~+~HPV35~3505~-	HPV35	+	1	3505	chr17	35027617	35027583	-	HPV35:3505	32	1	
subset.insertion_seqs.fa	chr17~900156~+~HPV35~3505~-	HPV35	+	1	3505	chr17	900156	900124	-	HPV35:3505	31	1	
subset.insertion_seqs.fa	chr17~62085395~+~HPV35~3505~-	HPV35	+	1	3505	chr17	62085395	62085364	-	HPV35:3505	30	1	
subset.insertion_seqs.fa	chr10~45991644~+~HPV35~3505~-	HPV35	+	1	3505	chr10	45991644	45991610	-	HPV35:3505	32	1	
subset.insertion_seqs.fa	chr1~155025040~+~HPV35~3505~-	HPV35	+	1	3505	chr1	155025040	155025009	-	HPV35:3505	30	1	
subset.insertion_seqs.fa	chr1~108286246~-~HPV35~3590~+	HPV35	-	1	3590	chr1	108286246	108286212	+	HPV35:3590	34	1	
subset.insertion_seqs.fa	chr1~108408132~-~HPV35~3590~-	HPV35	-	1	3590	chr1	108408132	108408166	-	HPV35:3590	34	1	
subset.insertion_seqs.fa	chr1~108286247~-~HPV35~3592~+	HPV35	-	4	3592	chr1	108286247	108286208	+	HPV35:3592	41	6	
subset.insertion_seqs.fa	chr1~108408131~-~HPV35~3592~-	HPV35	-	4	3592	chr1	108408131	108408170	-	HPV35:3592	41	6	
subset.insertion_seqs.fa	chrX~98851528~-~HPV35~3815~+	HPV35	-	4	3815	chrX	98851528	98851498	+	HPV35:3815	38	3	
subset.insertion_seqs.fa	chr9~102809045~-~HPV35~3815~+	HPV35	-	4	3815	chr9	102809045	102809008	+	HPV35:3815	40	5	
subset.insertion_seqs.fa	chr6~159366511~-~HPV35~3815~+	HPV35	-	4	3815	chr6	159366511	159366474	+	HPV35:3815	41	4	
subset.insertion_seqs.fa	chr6~129408959~-~HPV35~3815~+	HPV35	-	4	3815	chr6	129408959	129408922	+	HPV35:3815	41	5	
subset.insertion_seqs.fa	chr5~41995720~-~HPV35~3815~+	HPV35	-	4	3815	chr5	41995720	41995690	+	HPV35:3815	38	3	
subset.insertion_seqs.fa	chr4~113926172~-~HPV35~3815~+	HPV35	-	4	3815	chr4	113926172	113926135	+	HPV35:3815	40	5	
subset.insertion_seqs.fa	chr4~174981385~-~HPV35~3815~+	HPV35	-	4	3815	chr4	174981385	174981354	+	HPV35:3815	39	3	
subset.insertion_seqs.fa	chr3~166888951~-~HPV35~3815~+	HPV35	-	4	3815	chr3	166888951	166888914	+	HPV35:3815	40	5	
subset.insertion_seqs.fa	chr19~22233933~-~HPV35~3815~+	HPV35	-	4	3815	chr19	22233933	22233902	+	HPV35:3815	40	3	
subset.insertion_seqs.fa	chr19~22020711~-~HPV35~3815~+	HPV35	-	4	3815	chr19	22020711	22020674	+	HPV35:3815	40	5	
subset.insertion_seqs.fa	chr17~70820956~-~HPV35~3815~+	HPV35	-	4	3815	chr17	70820956	70820919	+	HPV35:3815	40	5	
subset.insertion_seqs.fa	chr13~82972382~-~HPV35~3815~+	HPV35	-	4	3815	chr13	82972382	82972345	+	HPV35:3815	39	5	
subset.insertion_seqs.fa	chr13~66180187~-~HPV35~3815~+	HPV35	-	4	3815	chr13	66180187	66180157	+	HPV35:3815	39	3	
subset.insertion_seqs.fa	chr12~81935907~-~HPV35~3815~+	HPV35	-	4	3815	chr12	81935907	81935870	+	HPV35:3815	39	5	
subset.insertion_seqs.fa	chr10~133498548~-~HPV35~3815~+	HPV35	-	4	3815	chr10	133498548	133498517	+	HPV35:3815	40	3	
subset.insertion_seqs.fa	chr1~105524283~-~HPV35~3815~+	HPV35	-	4	3815	chr1	105524283	105524252	+	HPV35:3815	30	2	
subset.insertion_seqs.fa	chr1~91462754~-~HPV35~3815~+	HPV35	-	4	3815	chr1	91462754	91462717	+	HPV35:3815	40	5	
subset.insertion_seqs.fa	chrX~139400956~-~HPV35~3815~-	HPV35	-	4	3815	chrX	139400956	139400993	-	HPV35:3815	40	5	
subset.insertion_seqs.fa	chrX~123548440~-~HPV35~3815~-	HPV35	-	4	3815	chrX	123548440	123548471	-	HPV35:3815	30	2	
subset.insertion_seqs.fa	chrX~86310765~-~HPV35~3815~-	HPV35	-	4	3815	chrX	86310765	86310802	-	HPV35:3815	39	5	
subset.insertion_seqs.fa	chrX~91063009~-~HPV35~3815~-	HPV35	-	4	3815	chrX	91063009	91063040	-	HPV35:3815	39	3	
subset.insertion_seqs.fa	chrX~75472565~-~HPV35~3815~-	HPV35	-	4	3815	chrX	75472565	75472602	-	HPV35:3815	40	5	
subset.insertion_seqs.fa	chr9~27641497~-~HPV35~3815~-	HPV35	-	4	3815	chr9	27641497	27641528	-	HPV35:3815	39	3	
subset.insertion_seqs.fa	chr9~26109032~-~HPV35~3815~-	HPV35	-	4	3815	chr9	26109032	26109063	-	HPV35:3815	40	3	
subset.insertion_seqs.fa	chr9~10960294~-~HPV35~3815~-	HPV35	-	4	3815	chr9	10960294	10960325	-	HPV35:3815	40	3	
subset.insertion_seqs.fa	chr7~96455726~-~HPV35~3815~-	HPV35	-	4	3815	chr7	96455726	96455758	-	HPV35:3815	40	3	
subset.insertion_seqs.fa	chr7~124619026~-~HPV35~3815~-	HPV35	-	4	3815	chr7	124619026	124619057	-	HPV35:3815	30	2	
subset.insertion_seqs.fa	chr7~26123584~-~HPV35~3815~-	HPV35	-	4	3815	chr7	26123584	26123620	-	HPV35:3815	39	5	
subset.insertion_seqs.fa	chr6~83362316~-~HPV35~3815~-	HPV35	-	4	3815	chr6	83362316	83362345	-	HPV35:3815	38	3	
subset.insertion_seqs.fa	chr5~92219570~-~HPV35~3815~-	HPV35	-	4	3815	chr5	92219570	92219607	-	HPV35:3815	40	5	
subset.insertion_seqs.fa	chr4~149044601~-~HPV35~3815~-	HPV35	-	4	3815	chr4	149044601	149044638	-	HPV35:3815	40	4	
subset.insertion_seqs.fa	chr4~63568971~-~HPV35~3815~-	HPV35	-	4	3815	chr4	63568971	63569001	-	HPV35:3815	39	3	
subset.insertion_seqs.fa	chr22~34519621~-~HPV35~3815~-	HPV35	-	4	3815	chr22	34519621	34519652	-	HPV35:3815	39	3	
subset.insertion_seqs.fa	chr21~28304499~-~HPV35~3815~-	HPV35	-	4	3815	chr21	28304499	28304535	-	HPV35:3815	39	5	
subset.insertion_seqs.fa	chr2~56621525~-~HPV35~3815~-	HPV35	-	4	3815	chr2	56621525	56621556	-	HPV35:3815	39	3	
subset.insertion_seqs.fa	chr15~46986942~-~HPV35~3815~-	HPV35	-	4	3815	chr15	46986942	46986973	-	HPV35:3815	38	3	
subset.insertion_seqs.fa	chr14~44669958~-~HPV35~3815~-	HPV35	-	4	3815	chr14	44669958	44669995	-	HPV35:3815	40	5	
subset.insertion_seqs.fa	chr12~5822314~-~HPV35~3815~-	HPV35	-	4	3815	chr12	5822314	5822351	-	HPV35:3815	39	5	
subset.insertion_seqs.fa	chr12~126053327~-~HPV35~3815~-	HPV35	-	4	3815	chr12	126053327	126053357	-	HPV35:3815	38	3	
subset.insertion_seqs.fa	chr11~38631859~-~HPV35~3815~-	HPV35	-	4	3815	chr11	38631859	38631896	-	HPV35:3815	42	5	
subset.insertion_seqs.fa	chrY~6904233~-~HPV35~3815~+	HPV35	-	4	3815	chrY	6904233	6904191	+	HPV35:3815	41	2	
subset.insertion_seqs.fa	chrX~112209202~-~HPV35~3815~+	HPV35	-	4	3815	chrX	112209202	112209160	+	HPV35:3815	41	2	
subset.insertion_seqs.fa	chr8~94297763~-~HPV35~3815~+	HPV35	-	1	3815	chr8	94297763	94297720	+	HPV35:3815	40	1	
subset.insertion_seqs.fa	chr18~2834963~-~HPV35~3815~+	HPV35	-	1	3815	chr18	2834963	2834920	+	HPV35:3815	40	1	
subset.insertion_seqs.fa	chr10~65505703~-~HPV35~3815~+	HPV35	-	1	3815	chr10	65505703	65505660	+	HPV35:3815	39	1	
subset.insertion_seqs.fa	chr1~50167842~-~HPV35~3815~+	HPV35	-	1	3815	chr1	50167842	50167799	+	HPV35:3815	39	1	
subset.insertion_seqs.fa	chr3~100241274~-~HPV35~3815~-	HPV35	-	1	3815	chr3	100241274	100241317	-	HPV35:3815	40	1	
subset.insertion_seqs.fa	chr12~117654736~-~HPV35~3815~-	HPV35	-	1	3815	chr12	117654736	117654779	-	HPV35:3815	40	1	
subset.insertion_seqs.fa	chr12~81766048~-~HPV35~3815~-	HPV35	-	1	3815	chr12	81766048	81766091	-	HPV35:3815	39	1	
subset.insertion_seqs.fa	chr11~109498022~-~HPV35~3815~+	HPV35	-	1	3815	chr11	109498022	109497981	+	HPV35:3815	39	1	
subset.insertion_seqs.fa	chr6~9150742~-~HPV35~3815~-	HPV35	-	1	3815	chr6	9150742	9150783	-	HPV35:3815	40	1	
subset.insertion_seqs.fa	chrY~10618688~-~HPV35~3913~+	HPV35	-	1	3913	chrY	10618688	10618652	+	HPV35:3913	34	1	
subset.insertion_seqs.fa	chrY~10599118~-~HPV35~3913~+	HPV35	-	1	3913	chrY	10599118	10599082	+	HPV35:3913	34	1	
subset.insertion_seqs.fa	chrY~10248428~-~HPV35~3913~+	HPV35	-	1	3913	chrY	10248428	10248392	+	HPV35:3913	34	1	
subset.insertion_seqs.fa	chrY~10223854~-~HPV35~3913~+	HPV35	-	1	3913	chrY	10223854	10223818	+	HPV35:3913	34	1	
subset.insertion_seqs.fa	chrY~10625132~-~HPV35~3913~+	HPV35	-	1	3913	chrY	10625132	10625097	+	HPV35:3913	33	1	
subset.insertion_seqs.fa	chrX~62509437~-~HPV35~3913~+	HPV35	-	1	3913	chrX	62509437	62509401	+	HPV35:3913	34	1	
subset.insertion_seqs.fa	chrX~62526866~-~HPV35~3913~+	HPV35	-	1	3913	chrX	62526866	62526832	+	HPV35:3913	32	1	
subset.insertion_seqs.fa	chrX~62523989~-~HPV35~3913~+	HPV35	-	4	3913	chrX	62523989	62523956	+	HPV35:3913	32	2	
subset.insertion_seqs.fa	chr9~65850303~-~HPV35~3913~+	HPV35	-	4	3913	chr9	65850303	65850272	+	HPV35:3913	34	2	
subset.insertion_seqs.fa	chr9~63098918~-~HPV35~3913~+	HPV35	-	4	3913	chr9	63098918	63098886	+	HPV35:3913	34	2	
subset.insertion_seqs.fa	chr7~62548807~-~HPV35~3913~+	HPV35	-	4	3913	chr7	62548807	62548768	+	HPV35:3913	40	2	
subset.insertion_seqs.fa	chr7~57955755~-~HPV35~3913~+	HPV35	-	4	3913	chr7	57955755	57955722	+	HPV35:3913	39	4	
subset.insertion_seqs.fa	chr7~62572633~-~HPV35~3913~+	HPV35	-	1	3913	chr7	62572633	62572598	+	HPV35:3913	34	1	
subset.insertion_seqs.fa	chr7~57947120~-~HPV35~3913~+	HPV35	-	4	3913	chr7	57947120	57947084	+	HPV35:3913	38	2	
subset.insertion_seqs.fa	chr7~62644562~-~HPV35~3913~+	HPV35	-	1	3913	chr7	62644562	62644527	+	HPV35:3913	33	1	
subset.insertion_seqs.fa	chr7~62564712~-~HPV35~3913~+	HPV35	-	1	3913	chr7	62564712	62564677	+	HPV35:3913	32	1	
subset.insertion_seqs.fa	chr5~49624778~-~HPV35~3913~+	HPV35	-	4	3913	chr5	49624778	49624744	+	HPV35:3913	41	4	
subset.insertion_seqs.fa	chr5~49609793~-~HPV35~3913~+	HPV35	-	4	3913	chr5	49609793	49609754	+	HPV35:3913	40	2	
subset.insertion_seqs.fa	chr5~49630809~-~HPV35~3913~+	HPV35	-	4	3913	chr5	49630809	49630775	+	HPV35:3913	40	4	
subset.insertion_seqs.fa	chr5~49644089~-~HPV35~3913~+	HPV35	-	4	3913	chr5	49644089	49644050	+	HPV35:3913	40	2	
subset.insertion_seqs.fa	chr5~49645779~-~HPV35~3913~+	HPV35	-	4	3913	chr5	49645779	49645743	+	HPV35:3913	40	3	
subset.insertion_seqs.fa	chr5~49646116~-~HPV35~3913~+	HPV35	-	4	3913	chr5	49646116	49646078	+	HPV35:3913	40	2	
subset.insertion_seqs.fa	chr5~50154821~-~HPV35~3913~+	HPV35	-	4	3913	chr5	50154821	50154789	+	HPV35:3913	34	3	
subset.insertion_seqs.fa	chr5~46343904~-~HPV35~3913~+	HPV35	-	4	3913	chr5	46343904	46343866	+	HPV35:3913	39	2	
subset.insertion_seqs.fa	chr5~46352603~-~HPV35~3913~+	HPV35	-	4	3913	chr5	46352603	46352570	+	HPV35:3913	39	4	
subset.insertion_seqs.fa	chr5~49610472~-~HPV35~3913~+	HPV35	-	4	3913	chr5	49610472	49610434	+	HPV35:3913	39	2	
subset.insertion_seqs.fa	chr5~49612225~-~HPV35~3913~+	HPV35	-	4	3913	chr5	49612225	49612188	+	HPV35:3913	39	2	
subset.insertion_seqs.fa	chr5~49614264~-~HPV35~3913~+	HPV35	-	4	3913	chr5	49614264	49614231	+	HPV35:3913	34	2	
subset.insertion_seqs.fa	chr5~49626477~-~HPV35~3913~+	HPV35	-	4	3913	chr5	49626477	49626442	+	HPV35:3913	39	3	
subset.insertion_seqs.fa	chr5~49633525~-~HPV35~3913~+	HPV35	-	4	3913	chr5	49633525	49633490	+	HPV35:3913	39	3	
subset.insertion_seqs.fa	chr5~49642403~-~HPV35~3913~+	HPV35	-	4	3913	chr5	49642403	49642368	+	HPV35:3913	39	3	
subset.insertion_seqs.fa	chr5~49645108~-~HPV35~3913~+	HPV35	-	4	3913	chr5	49645108	49645074	+	HPV35:3913	34	2	
subset.insertion_seqs.fa	chr4~67399749~-~HPV35~3913~+	HPV35	-	4	3913	chr4	67399749	67399715	+	HPV35:3913	35	2	
subset.insertion_seqs.fa	chr4~67399070~-~HPV35~3913~+	HPV35	-	1	3913	chr4	67399070	67399035	+	HPV35:3913	34	1	
subset.insertion_seqs.fa	chr3~91543856~-~HPV35~3913~+	HPV35	-	4	3913	chr3	91543856	91543821	+	HPV35:3913	43	4	
subset.insertion_seqs.fa	chr3~91548280~-~HPV35~3913~+	HPV35	-	4	3913	chr3	91548280	91548243	+	HPV35:3913	42	3	
subset.insertion_seqs.fa	chr3~91549296~-~HPV35~3913~+	HPV35	-	4	3913	chr3	91549296	91549261	+	HPV35:3913	43	4	
subset.insertion_seqs.fa	chr3~91552185~-~HPV35~3913~+	HPV35	-	4	3913	chr3	91552185	91552148	+	HPV35:3913	42	3	
subset.insertion_seqs.fa	chr3~93706307~-~HPV35~3913~+	HPV35	-	4	3913	chr3	93706307	93706272	+	HPV35:3913	43	4	
subset.insertion_seqs.fa	chr3~93712080~-~HPV35~3913~+	HPV35	-	4	3913	chr3	93712080	93712045	+	HPV35:3913	43	4	
subset.insertion_seqs.fa	chr3~90600398~-~HPV35~3913~+	HPV35	-	4	3913	chr3	90600398	90600362	+	HPV35:3913	41	3	
subset.insertion_seqs.fa	chr3~90551417~-~HPV35~3913~+	HPV35	-	4	3913	chr3	90551417	90551384	+	HPV35:3913	40	4	
subset.insertion_seqs.fa	chr3~90629833~-~HPV35~3913~+	HPV35	-	4	3913	chr3	90629833	90629798	+	HPV35:3913	40	3	
subset.insertion_seqs.fa	chr3~93709195~-~HPV35~3913~+	HPV35	-	4	3913	chr3	93709195	93709160	+	HPV35:3913	42	4	
subset.insertion_seqs.fa	chr3~90405339~-~HPV35~3913~+	HPV35	-	4	3913	chr3	90405339	90405300	+	HPV35:3913	40	2	
subset.insertion_seqs.fa	chr3~90509261~-~HPV35~3913~+	HPV35	-	4	3913	chr3	90509261	90509222	+	HPV35:3913	40	2	
subset.insertion_seqs.fa	chr3~90613613~-~HPV35~3913~+	HPV35	-	4	3913	chr3	90613613	90613583	+	HPV35:3913	34	4	
subset.insertion_seqs.fa	chr3~90690869~-~HPV35~3913~+	HPV35	-	4	3913	chr3	90690869	90690837	+	HPV35:3913	34	3	
subset.insertion_seqs.fa	chr3~90715254~-~HPV35~3913~+	HPV35	-	4	3913	chr3	90715254	90715216	+	HPV35:3913	40	2	
subset.insertion_seqs.fa	chr3~91541990~-~HPV35~3913~+	HPV35	-	4	3913	chr3	91541990	91541957	+	HPV35:3913	35	2	
subset.insertion_seqs.fa	chr22~15195585~-~HPV35~3913~+	HPV35	-	4	3913	chr22	15195585	15195550	+	HPV35:3913	40	3	
subset.insertion_seqs.fa	chr22~15190303~-~HPV35~3913~+	HPV35	-	4	3913	chr22	15190303	15190268	+	HPV35:3913	40	4	
subset.insertion_seqs.fa	chr22~13017456~-~HPV35~3913~+	HPV35	-	1	3913	chr22	13017456	13017421	+	HPV35:3913	34	1	
subset.insertion_seqs.fa	chr22~15176312~-~HPV35~3913~+	HPV35	-	4	3913	chr22	15176312	15176277	+	HPV35:3913	39	3	
subset.insertion_seqs.fa	chr22~15194731~-~HPV35~3913~+	HPV35	-	1	3913	chr22	15194731	15194696	+	HPV35:3913	34	1	
subset.insertion_seqs.fa	chr22~16078162~-~HPV35~3913~+	HPV35	-	4	3913	chr22	16078162	16078129	+	HPV35:3913	34	3	
subset.insertion_seqs.fa	chr22~15171366~-~HPV35~3913~+	HPV35	-	4	3913	chr22	15171366	15171330	+	HPV35:3913	38	2	
subset.insertion_seqs.fa	chr22~13009481~-~HPV35~3913~+	HPV35	-	1	3913	chr22	13009481	13009447	+	HPV35:3913	33	1	
subset.insertion_seqs.fa	chr22~16037721~-~HPV35~3913~+	HPV35	-	4	3913	chr22	16037721	16037688	+	HPV35:3913	33	2	
subset.insertion_seqs.fa	chr22~13008982~-~HPV35~3913~+	HPV35	-	1	3913	chr22	13008982	13008947	+	HPV35:3913	33	1	
subset.insertion_seqs.fa	chr22~16007750~-~HPV35~3913~+	HPV35	-	4	3913	chr22	16007750	16007718	+	HPV35:3913	32	3	
subset.insertion_seqs.fa	chr21~7203792~-~HPV35~3913~+	HPV35	-	1	3913	chr21	7203792	7203756	+	HPV35:3913	35	1	
subset.insertion_seqs.fa	chr21~12976911~-~HPV35~3913~+	HPV35	-	4	3913	chr21	12976911	12976873	+	HPV35:3913	39	2	
subset.insertion_seqs.fa	chr21~5267869~-~HPV35~3913~+	HPV35	-	1	3913	chr21	5267869	5267834	+	HPV35:3913	33	1	
subset.insertion_seqs.fa	chr21~12974203~-~HPV35~3913~+	HPV35	-	1	3913	chr21	12974203	12974168	+	HPV35:3913	32	1	
subset.insertion_seqs.fa	chr21~8036128~-~HPV35~3913~+	HPV35	-	1	3913	chr21	8036128	8036093	+	HPV35:3913	32	1	
subset.insertion_seqs.fa	chr21~8032213~-~HPV35~3913~+	HPV35	-	1	3913	chr21	8032213	8032178	+	HPV35:3913	32	1	
subset.insertion_seqs.fa	chr21~8019441~-~HPV35~3913~+	HPV35	-	1	3913	chr21	8019441	8019406	+	HPV35:3913	32	1	
subset.insertion_seqs.fa	chr21~8015525~-~HPV35~3913~+	HPV35	-	1	3913	chr21	8015525	8015490	+	HPV35:3913	32	1	
subset.insertion_seqs.fa	chr20~30995516~-~HPV35~3913~+	HPV35	-	4	3913	chr20	30995516	30995478	+	HPV35:3913	39	2	
subset.insertion_seqs.fa	chr20~30165300~-~HPV35~3913~+	HPV35	-	4	3913	chr20	30165300	30165262	+	HPV35:3913	39	2	
subset.insertion_seqs.fa	chr20~30985308~-~HPV35~3913~+	HPV35	-	1	3913	chr20	30985308	30985273	+	HPV35:3913	33	1	
subset.insertion_seqs.fa	chr20~30976793~-~HPV35~3913~+	HPV35	-	4	3913	chr20	30976793	30976755	+	HPV35:3913	38	2	
subset.insertion_seqs.fa	chr2~94554726~-~HPV35~3913~+	HPV35	-	4	3913	chr2	94554726	94554688	+	HPV35:3913	39	2	
subset.insertion_seqs.fa	chr2~94556432~-~HPV35~3913~+	HPV35	-	1	3913	chr2	94556432	94556397	+	HPV35:3913	33	1	
subset.insertion_seqs.fa	chr19~27336476~-~HPV35~3913~+	HPV35	-	1	3913	chr19	27336476	27336441	+	HPV35:3913	33	1	
subset.insertion_seqs.fa	chr16~38279595~-~HPV35~3913~+	HPV35	-	4	3913	chr16	38279595	38279556	+	HPV35:3913	40	2	
subset.insertion_seqs.fa	chr16~38276202~-~HPV35~3913~+	HPV35	-	4	3913	chr16	38276202	38276166	+	HPV35:3913	40	3	
subset.insertion_seqs.fa	chr16~38267384~-~HPV35~3913~+	HPV35	-	4	3913	chr16	38267384	38267346	+	HPV35:3913	40	2	
subset.insertion_seqs.fa	chr15~19799133~-~HPV35~3913~+	HPV35	-	1	3913	chr15	19799133	19799098	+	HPV35:3913	34	1	
subset.insertion_seqs.fa	chr14~18264793~-~HPV35~3913~+	HPV35	-	4	3913	chr14	18264793	18264758	+	HPV35:3913	40	3	
subset.insertion_seqs.fa	chr14~18238518~-~HPV35~3913~+	HPV35	-	4	3913	chr14	18238518	18238480	+	HPV35:3913	40	2	
subset.insertion_seqs.fa	chr14~18259508~-~HPV35~3913~+	HPV35	-	4	3913	chr14	18259508	18259469	+	HPV35:3913	40	2	
subset.insertion_seqs.fa	chr14~16136661~-~HPV35~3913~+	HPV35	-	1	3913	chr14	16136661	16136626	+	HPV35:3913	34	1	
subset.insertion_seqs.fa	chr14~18275709~-~HPV35~3913~+	HPV35	-	1	3913	chr14	18275709	18275674	+	HPV35:3913	34	1	
subset.insertion_seqs.fa	chr14~18263939~-~HPV35~3913~+	HPV35	-	1	3913	chr14	18263939	18263904	+	HPV35:3913	34	1	
subset.insertion_seqs.fa	chr14~18259166~-~HPV35~3913~+	HPV35	-	4	3913	chr14	18259166	18259128	+	HPV35:3913	39	2	
subset.insertion_seqs.fa	chr14~18245514~-~HPV35~3913~+	HPV35	-	4	3913	chr14	18245514	18245476	+	HPV35:3913	39	2	
subset.insertion_seqs.fa	chr14~18238860~-~HPV35~3913~+	HPV35	-	4	3913	chr14	18238860	18238822	+	HPV35:3913	39	2	
subset.insertion_seqs.fa	chr14~18240567~-~HPV35~3913~+	HPV35	-	1	3913	chr14	18240567	18240533	+	HPV35:3913	33	1	
subset.insertion_seqs.fa	chr14~18265648~-~HPV35~3913~+	HPV35	-	4	3913	chr14	18265648	18265613	+	HPV35:3913	37	3	
subset.insertion_seqs.fa	chr14~18247219~-~HPV35~3913~+	HPV35	-	4	3913	chr14	18247219	18247181	+	HPV35:3913	37	2	
subset.insertion_seqs.fa	chr12~34718490~-~HPV35~3913~+	HPV35	-	4	3913	chr12	34718490	34718456	+	HPV35:3913	41	4	
subset.insertion_seqs.fa	chr12~34711367~-~HPV35~3913~+	HPV35	-	4	3913	chr12	34711367	34711334	+	HPV35:3913	35	2	
subset.insertion_seqs.fa	chr12~37633297~-~HPV35~3913~+	HPV35	-	4	3913	chr12	37633297	37633264	+	HPV35:3913	35	2	
subset.insertion_seqs.fa	chr12~34716462~-~HPV35~3913~+	HPV35	-	4	3913	chr12	34716462	34716426	+	HPV35:3913	38	3	
subset.insertion_seqs.fa	chr12~34833614~-~HPV35~3913~+	HPV35	-	4	3913	chr12	34833614	34833576	+	HPV35:3913	40	2	
subset.insertion_seqs.fa	chr12~34833954~-~HPV35~3913~+	HPV35	-	4	3913	chr12	34833954	34833916	+	HPV35:3913	40	2	
subset.insertion_seqs.fa	chr12~34835027~-~HPV35~3913~+	HPV35	-	4	3913	chr12	34835027	34834991	+	HPV35:3913	40	3	
subset.insertion_seqs.fa	chr12~37251742~-~HPV35~3913~+	HPV35	-	4	3913	chr12	37251742	37251704	+	HPV35:3913	40	2	
subset.insertion_seqs.fa	chr12~37258624~-~HPV35~3913~+	HPV35	-	4	3913	chr12	37258624	37258588	+	HPV35:3913	40	3	
subset.insertion_seqs.fa	chr12~37261731~-~HPV35~3913~+	HPV35	-	1	3913	chr12	37261731	37261695	+	HPV35:3913	35	1	
subset.insertion_seqs.fa	chr12~37263768~-~HPV35~3913~+	HPV35	-	4	3913	chr12	37263768	37263730	+	HPV35:3913	40	2	
subset.insertion_seqs.fa	chr12~37264444~-~HPV35~3913~+	HPV35	-	4	3913	chr12	37264444	37264410	+	HPV35:3913	35	2	
subset.insertion_seqs.fa	chr12~37266818~-~HPV35~3913~+	HPV35	-	4	3913	chr12	37266818	37266782	+	HPV35:3913	40	3	
subset.insertion_seqs.fa	chr12~34712041~-~HPV35~3913~+	HPV35	-	4	3913	chr12	34712041	34712008	+	HPV35:3913	39	4	
subset.insertion_seqs.fa	chr12~34713063~-~HPV35~3913~+	HPV35	-	1	3913	chr12	34713063	34713028	+	HPV35:3913	34	1	
subset.insertion_seqs.fa	chr12~34713400~-~HPV35~3913~+	HPV35	-	4	3913	chr12	34713400	34713365	+	HPV35:3913	39	3	
subset.insertion_seqs.fa	chr11~48796249~-~HPV35~3913~+	HPV35	-	4	3913	chr11	48796249	48796216	+	HPV35:3913	35	3	
subset.insertion_seqs.fa	chr11~48798971~-~HPV35~3913~+	HPV35	-	1	3913	chr11	48798971	48798936	+	HPV35:3913	34	1	
subset.insertion_seqs.fa	chr11~50719027~-~HPV35~3913~+	HPV35	-	4	3913	chr11	50719027	50718992	+	HPV35:3913	36	3	
subset.insertion_seqs.fa	chr11~50751757~-~HPV35~3913~+	HPV35	-	1	3913	chr11	50751757	50751722	+	HPV35:3913	34	1	
subset.insertion_seqs.fa	chr11~50779884~-~HPV35~3913~+	HPV35	-	4	3913	chr11	50779884	50779846	+	HPV35:3913	39	2	
subset.insertion_seqs.fa	chr11~55175450~-~HPV35~3913~+	HPV35	-	1	3913	chr11	55175450	55175415	+	HPV35:3913	33	1	
subset.insertion_seqs.fa	chr11~55233004~-~HPV35~3913~+	HPV35	-	1	3913	chr11	55233004	55232969	+	HPV35:3913	33	1	
subset.insertion_seqs.fa	chr11~55222279~-~HPV35~3913~+	HPV35	-	1	3913	chr11	55222279	55222244	+	HPV35:3913	32	1	
subset.insertion_seqs.fa	chr10~41833487~-~HPV35~3913~+	HPV35	-	4	3913	chr10	41833487	41833454	+	HPV35:3913	39	4	
subset.insertion_seqs.fa	chr10~41833998~-~HPV35~3913~+	HPV35	-	4	3913	chr10	41833998	41833963	+	HPV35:3913	39	3	
subset.insertion_seqs.fa	chr10~41830944~-~HPV35~3913~+	HPV35	-	4	3913	chr10	41830944	41830906	+	HPV35:3913	39	2	
subset.insertion_seqs.fa	chr10~39361950~-~HPV35~3913~+	HPV35	-	1	3913	chr10	39361950	39361915	+	HPV35:3913	34	1	
subset.insertion_seqs.fa	chr10~41835858~-~HPV35~3913~+	HPV35	-	4	3913	chr10	41835858	41835824	+	HPV35:3913	38	3	
subset.insertion_seqs.fa	chr1~124977875~-~HPV35~3913~+	HPV35	-	4	3913	chr1	124977875	124977837	+	HPV35:3913	38	2	
subset.insertion_seqs.fa	KI270738.1~98582~-~HPV35~3913~+	HPV35	-	3	3913	KI270738.1	98582	98548	+	HPV35:3913	38	4	
subset.insertion_seqs.fa	KI270738.1~96714~-~HPV35~3913~+	HPV35	-	0	3913	KI270738.1	96714	96678	+	HPV35:3913	34	1	
subset.insertion_seqs.fa	KI270738.1~87244~-~HPV35~3913~+	HPV35	-	0	3913	KI270738.1	87244	87209	+	HPV35:3913	33	1	
subset.insertion_seqs.fa	KI270728.1~749025~-~HPV35~3913~+	HPV35	-	1	3913	KI270728.1	749025	748990	+	HPV35:3913	34	1	
subset.insertion_seqs.fa	KI270579.1~6480~-~HPV35~3913~+	HPV35	-	0	3913	KI270579.1	6480	6444	+	HPV35:3913	35	1	
subset.insertion_seqs.fa	KI270538.1~79649~-~HPV35~3913~+	HPV35	-	3	3913	KI270538.1	79649	79616	+	HPV35:3913	34	3	
subset.insertion_seqs.fa	KI270538.1~76747~-~HPV35~3913~+	HPV35	-	3	3913	KI270538.1	76747	76714	+	HPV35:3913	34	3	
subset.insertion_seqs.fa	KI270538.1~57387~-~HPV35~3913~+	HPV35	-	3	3913	KI270538.1	57387	57355	+	HPV35:3913	34	3	
subset.insertion_seqs.fa	KI270538.1~57729~-~HPV35~3913~+	HPV35	-	3	3913	KI270538.1	57729	57691	+	HPV35:3913	38	2	
subset.insertion_seqs.fa	KI270517.1~1666~-~HPV35~3913~+	HPV35	-	3	3913	KI270517.1	1666	1634	+	HPV35:3913	33	3	
subset.insertion_seqs.fa	KI270442.1~141092~-~HPV35~3913~+	HPV35	-	3	3913	KI270442.1	141092	141058	+	HPV35:3913	39	4	
subset.insertion_seqs.fa	KI270411.1~689~-~HPV35~3913~+	HPV35	-	3	3913	KI270411.1	689	653	+	HPV35:3913	40	3	
subset.insertion_seqs.fa	KI270411.1~2046~-~HPV35~3913~+	HPV35	-	3	3913	KI270411.1	2046	2008	+	HPV35:3913	37	2	
subset.insertion_seqs.fa	KI270329.1~893~-~HPV35~3913~+	HPV35	-	3	3913	KI270329.1	893	858	+	HPV35:3913	39	3	
subset.insertion_seqs.fa	KI270317.1~36488~-~HPV35~3913~+	HPV35	-	3	3913	KI270317.1	36488	36452	+	HPV35:3913	40	3	
subset.insertion_seqs.fa	KI270310.1~974~-~HPV35~3913~+	HPV35	-	3	3913	KI270310.1	974	940	+	HPV35:3913	40	4	
subset.insertion_seqs.fa	KI270304.1~1374~-~HPV35~3913~+	HPV35	-	3	3913	KI270304.1	1374	1336	+	HPV35:3913	40	2	
subset.insertion_seqs.fa	KI270304.1~1034~-~HPV35~3913~+	HPV35	-	3	3913	KI270304.1	1034	998	+	HPV35:3913	40	3	
subset.insertion_seqs.fa	KI270303.1~105~-~HPV35~3913~+	HPV35	-	3	3913	KI270303.1	105	73	+	HPV35:3913	35	3	
subset.insertion_seqs.fa	GL000208.1~14749~-~HPV35~3913~+	HPV35	-	0	3913	GL000208.1	14749	14713	+	HPV35:3913	35	1	
subset.insertion_seqs.fa	GL000208.1~38796~-~HPV35~3913~+	HPV35	-	3	3913	GL000208.1	38796	38760	+	HPV35:3913	40	3	
subset.insertion_seqs.fa	GL000208.1~51904~-~HPV35~3913~+	HPV35	-	0	3913	GL000208.1	51904	51868	+	HPV35:3913	35	1	
subset.insertion_seqs.fa	GL000208.1~46275~-~HPV35~3913~+	HPV35	-	3	3913	GL000208.1	46275	46238	+	HPV35:3913	41	4	
subset.insertion_seqs.fa	GL000208.1~55309~-~HPV35~3913~+	HPV35	-	0	3913	GL000208.1	55309	55274	+	HPV35:3913	34	1	
subset.insertion_seqs.fa	GL000208.1~42207~-~HPV35~3913~+	HPV35	-	0	3913	GL000208.1	42207	42173	+	HPV35:3913	33	1	
subset.insertion_seqs.fa	GL000208.1~2828~-~HPV35~3913~+	HPV35	-	0	3913	GL000208.1	2828	2793	+	HPV35:3913	33	1	
subset.insertion_seqs.fa	GL000208.1~6413~-~HPV35~3913~+	HPV35	-	3	3913	GL000208.1	6413	6380	+	HPV35:3913	38	4	
subset.insertion_seqs.fa	GL000208.1~77308~-~HPV35~3913~+	HPV35	-	3	3913	GL000208.1	77308	77276	+	HPV35:3913	33	3	
subset.insertion_seqs.fa	GL000208.1~52758~-~HPV35~3913~+	HPV35	-	3	3913	GL000208.1	52758	52717	+	HPV35:3913	40	2	
subset.insertion_seqs.fa	GL000208.1~19043~-~HPV35~3913~+	HPV35	-	3	3913	GL000208.1	19043	19008	+	HPV35:3913	38	3	
subset.insertion_seqs.fa	GL000208.1~41525~-~HPV35~3913~+	HPV35	-	0	3913	GL000208.1	41525	41491	+	HPV35:3913	32	1	
subset.insertion_seqs.fa	chr9~60552355~-~HPV35~3913~+	HPV35	-	1	3913	chr9	60552355	60552316	+	HPV35:3913	36	1	
subset.insertion_seqs.fa	chr7~62563001~-~HPV35~3913~+	HPV35	-	1	3913	chr7	62563001	62562959	+	HPV35:3913	41	1	
subset.insertion_seqs.fa	chr5~46359919~-~HPV35~3913~+	HPV35	-	1	3913	chr5	46359919	46359878	+	HPV35:3913	39	1	
subset.insertion_seqs.fa	chr5~49622403~-~HPV35~3913~+	HPV35	-	1	3913	chr5	49622403	49622362	+	HPV35:3913	39	1	
subset.insertion_seqs.fa	chr5~49642743~-~HPV35~3913~+	HPV35	-	4	3913	chr5	49642743	49642706	+	HPV35:3913	39	2	
subset.insertion_seqs.fa	chr4~67400429~-~HPV35~3913~+	HPV35	-	1	3913	chr4	67400429	67400388	+	HPV35:3913	38	1	
subset.insertion_seqs.fa	chr3~93708516~-~HPV35~3913~+	HPV35	-	1	3913	chr3	93708516	93708475	+	HPV35:3913	40	1	
subset.insertion_seqs.fa	chr3~93711401~-~HPV35~3913~+	HPV35	-	1	3913	chr3	93711401	93711360	+	HPV35:3913	40	1	
subset.insertion_seqs.fa	chr3~90524322~-~HPV35~3913~+	HPV35	-	1	3913	chr3	90524322	90524282	+	HPV35:3913	39	1	
subset.insertion_seqs.fa	chr22~15171197~-~HPV35~3913~+	HPV35	-	1	3913	chr22	15171197	15171156	+	HPV35:3913	39	1	
subset.insertion_seqs.fa	chr22~15998569~-~HPV35~3913~+	HPV35	-	1	3913	chr22	15998569	15998530	+	HPV35:3913	38	1	
subset.insertion_seqs.fa	chr22~15998910~-~HPV35~3913~+	HPV35	-	1	3913	chr22	15998910	15998869	+	HPV35:3913	39	1	
subset.insertion_seqs.fa	chr22~15162659~-~HPV35~3913~+	HPV35	-	1	3913	chr22	15162659	15162620	+	HPV35:3913	37	1	
subset.insertion_seqs.fa	chr20~30164277~-~HPV35~3913~+	HPV35	-	4	3913	chr20	30164277	30164242	+	HPV35:3913	39	2	
subset.insertion_seqs.fa	chr20~29282302~-~HPV35~3913~+	HPV35	-	1	3913	chr20	29282302	29282263	+	HPV35:3913	37	1	
subset.insertion_seqs.fa	chr20~29714356~-~HPV35~3913~+	HPV35	-	1	3913	chr20	29714356	29714315	+	HPV35:3913	38	1	
subset.insertion_seqs.fa	chr16~38266023~-~HPV35~3913~+	HPV35	-	1	3913	chr16	38266023	38265982	+	HPV35:3913	40	1	
subset.insertion_seqs.fa	chr16~34206524~-~HPV35~3913~+	HPV35	-	4	3913	chr16	34206524	34206490	+	HPV35:3913	38	2	
subset.insertion_seqs.fa	chr15~19797087~-~HPV35~3913~+	HPV35	-	1	3913	chr15	19797087	19797046	+	HPV35:3913	38	1	
subset.insertion_seqs.fa	chr14~18240398~-~HPV35~3913~+	HPV35	-	1	3913	chr14	18240398	18240357	+	HPV35:3913	39	1	
subset.insertion_seqs.fa	chr14~18242957~-~HPV35~3913~+	HPV35	-	1	3913	chr14	18242957	18242916	+	HPV35:3913	39	1	
subset.insertion_seqs.fa	chr14~18240228~-~HPV35~3913~+	HPV35	-	4	3913	chr14	18240228	18240194	+	HPV35:3913	38	2	
subset.insertion_seqs.fa	chr14~18234079~-~HPV35~3913~+	HPV35	-	1	3913	chr14	18234079	18234040	+	HPV35:3913	36	1	
subset.insertion_seqs.fa	chr12~37257213~-~HPV35~3913~+	HPV35	-	1	3913	chr12	37257213	37257172	+	HPV35:3913	40	1	
subset.insertion_seqs.fa	chr12~37261050~-~HPV35~3913~+	HPV35	-	1	3913	chr12	37261050	37261010	+	HPV35:3913	39	1	
subset.insertion_seqs.fa	chr12~34714087~-~HPV35~3913~+	HPV35	-	4	3913	chr12	34714087	34714054	+	HPV35:3913	39	2	
subset.insertion_seqs.fa	chr12~37264784~-~HPV35~3913~+	HPV35	-	1	3913	chr12	37264784	37264743	+	HPV35:3913	39	1	
subset.insertion_seqs.fa	chr12~37266479~-~HPV35~3913~+	HPV35	-	1	3913	chr12	37266479	37266438	+	HPV35:3913	39	1	
subset.insertion_seqs.fa	chr11~48914118~-~HPV35~3913~+	HPV35	-	1	3913	chr11	48914118	48914079	+	HPV35:3913	36	1	
subset.insertion_seqs.fa	chr10~41839920~-~HPV35~3913~+	HPV35	-	4	3913	chr10	41839920	41839888	+	HPV35:3913	40	3	
subset.insertion_seqs.fa	chr1~124945942~-~HPV35~3913~+	HPV35	-	1	3913	chr1	124945942	124945901	+	HPV35:3913	37	1	
subset.insertion_seqs.fa	chr1~121776584~-~HPV35~3913~+	HPV35	-	1	3913	chr1	121776584	121776545	+	HPV35:3913	35	1	
subset.insertion_seqs.fa	KI270728.1~1757826~-~HPV35~3913~+	HPV35	-	1	3913	KI270728.1	1757826	1757785	+	HPV35:3913	39	1	
subset.insertion_seqs.fa	GL000208.1~51563~-~HPV35~3913~+	HPV35	-	0	3913	GL000208.1	51563	51522	+	HPV35:3913	39	1	
subset.insertion_seqs.fa	GL000208.1~7607~-~HPV35~3913~+	HPV35	-	0	3913	GL000208.1	7607	7568	+	HPV35:3913	37	1	
subset.insertion_seqs.fa	GL000208.1~9301~-~HPV35~3913~+	HPV35	-	0	3913	GL000208.1	9301	9262	+	HPV35:3913	37	1	
subset.insertion_seqs.fa	GL000208.1~10665~-~HPV35~3913~+	HPV35	-	0	3913	GL000208.1	10665	10626	+	HPV35:3913	36	1	
subset.insertion_seqs.fa	chr3~93448520~-~HPV35~3913~-	HPV35	-	1	3913	chr3	93448520	93448564	-	HPV35:3913	42	1	
subset.insertion_seqs.fa	chr9~63073538~-~HPV35~3913~+	HPV35	-	1	3913	chr9	63073538	63073508	+	HPV35:3913	29	1	
subset.insertion_seqs.fa	chr9~63072174~-~HPV35~3913~+	HPV35	-	1	3913	chr9	63072174	63072146	+	HPV35:3913	27	1	
subset.insertion_seqs.fa	chr3~90570526~-~HPV35~3913~+	HPV35	-	1	3913	chr3	90570526	90570497	+	HPV35:3913	29	1	
subset.insertion_seqs.fa	KI270304.1~694~-~HPV35~3913~+	HPV35	-	0	3913	KI270304.1	694	665	+	HPV35:3913	29	1	
subset.insertion_seqs.fa	chr5~46336422~-~HPV35~3913~+	HPV35	-	4	3913	chr5	46336422	46336392	+	HPV35:3913	31	2	
subset.insertion_seqs.fa	chr5~46435884~-~HPV35~3913~+	HPV35	-	4	3913	chr5	46435884	46435854	+	HPV35:3913	31	2	
subset.insertion_seqs.fa	chr5~50175428~-~HPV35~3913~+	HPV35	-	4	3913	chr5	50175428	50175398	+	HPV35:3913	31	2	
subset.insertion_seqs.fa	chr5~46333034~-~HPV35~3913~+	HPV35	-	4	3913	chr5	46333034	46333004	+	HPV35:3913	30	2	
subset.insertion_seqs.fa	chr3~90410595~-~HPV35~3913~+	HPV35	-	4	3913	chr3	90410595	90410565	+	HPV35:3913	31	2	
subset.insertion_seqs.fa	chr3~90489419~-~HPV35~3913~+	HPV35	-	1	3913	chr3	90489419	90489387	+	HPV35:3913	31	1	
subset.insertion_seqs.fa	chr3~90490784~-~HPV35~3913~+	HPV35	-	1	3913	chr3	90490784	90490752	+	HPV35:3913	31	1	
subset.insertion_seqs.fa	chr3~90501618~-~HPV35~3913~+	HPV35	-	1	3913	chr3	90501618	90501586	+	HPV35:3913	31	1	
subset.insertion_seqs.fa	chr21~7206914~-~HPV35~3913~+	HPV35	-	4	3913	chr21	7206914	7206884	+	HPV35:3913	31	2	
subset.insertion_seqs.fa	chr12~34832596~-~HPV35~3913~+	HPV35	-	1	3913	chr12	34832596	34832564	+	HPV35:3913	31	1	
subset.insertion_seqs.fa	chr11~50798520~-~HPV35~3913~+	HPV35	-	4	3913	chr11	50798520	50798490	+	HPV35:3913	31	2	
subset.insertion_seqs.fa	chr11~55227568~-~HPV35~3913~+	HPV35	-	4	3913	chr11	55227568	55227538	+	HPV35:3913	30	2	
subset.insertion_seqs.fa	GL000208.1~47637~-~HPV35~3913~+	HPV35	-	0	3913	GL000208.1	47637	47605	+	HPV35:3913	32	1	
subset.insertion_seqs.fa	chr7~62557661~-~HPV35~3913~+	HPV35	-	1	3913	chr7	62557661	62557635	+	HPV35:3913	26	1	
subset.insertion_seqs.fa	chr3~93720056~-~HPV35~3913~+	HPV35	-	1	3913	chr3	93720056	93720030	+	HPV35:3913	26	1	
subset.insertion_seqs.fa	chr3~93718351~-~HPV35~3913~+	HPV35	-	1	3913	chr3	93718351	93718325	+	HPV35:3913	26	1	
subset.insertion_seqs.fa	chr3~91282852~-~HPV35~3913~+	HPV35	-	1	3913	chr3	91282852	91282826	+	HPV35:3913	26	1	
subset.insertion_seqs.fa	chr3~91279815~-~HPV35~3913~+	HPV35	-	1	3913	chr3	91279815	91279789	+	HPV35:3913	26	1	
subset.insertion_seqs.fa	chr3~91260952~-~HPV35~3913~+	HPV35	-	1	3913	chr3	91260952	91260926	+	HPV35:3913	26	1	
subset.insertion_seqs.fa	chr3~90490272~-~HPV35~3913~+	HPV35	-	1	3913	chr3	90490272	90490246	+	HPV35:3913	26	1	
subset.insertion_seqs.fa	chr3~93720398~-~HPV35~3913~+	HPV35	-	1	3913	chr3	93720398	93720373	+	HPV35:3913	25	1	
subset.insertion_seqs.fa	chr5~47085786~-~HPV35~3913~+	HPV35	-	1	3913	chr5	47085786	47085758	+	HPV35:3913	27	1	
subset.insertion_seqs.fa	chr5~47075379~-~HPV35~3913~+	HPV35	-	1	3913	chr5	47075379	47075351	+	HPV35:3913	27	1	
subset.insertion_seqs.fa	chr5~47066684~-~HPV35~3913~+	HPV35	-	1	3913	chr5	47066684	47066656	+	HPV35:3913	27	1	
subset.insertion_seqs.fa	chr3~90475454~-~HPV35~3913~+	HPV35	-	1	3913	chr3	90475454	90475425	+	HPV35:3913	28	1	
subset.insertion_seqs.fa	chr3~90415853~-~HPV35~3913~+	HPV35	-	1	3913	chr3	90415853	90415825	+	HPV35:3913	27	1	
subset.insertion_seqs.fa	chr3~90417903~-~HPV35~3913~+	HPV35	-	1	3913	chr3	90417903	90417875	+	HPV35:3913	27	1	
subset.insertion_seqs.fa	chr3~90464189~-~HPV35~3913~+	HPV35	-	1	3913	chr3	90464189	90464161	+	HPV35:3913	27	1	
subset.insertion_seqs.fa	chr3~90633406~-~HPV35~3913~+	HPV35	-	1	3913	chr3	90633406	90633378	+	HPV35:3913	27	1	
subset.insertion_seqs.fa	chr3~90666015~-~HPV35~3913~+	HPV35	-	1	3913	chr3	90666015	90665987	+	HPV35:3913	27	1	
subset.insertion_seqs.fa	chr3~90686211~-~HPV35~3913~+	HPV35	-	1	3913	chr3	90686211	90686183	+	HPV35:3913	27	1	
subset.insertion_seqs.fa	chr3~90720845~-~HPV35~3913~+	HPV35	-	1	3913	chr3	90720845	90720817	+	HPV35:3913	27	1	
subset.insertion_seqs.fa	chr19~27336817~-~HPV35~3913~+	HPV35	-	1	3913	chr19	27336817	27336789	+	HPV35:3913	27	1	
subset.insertion_seqs.fa	chr11~55257235~-~HPV35~3913~+	HPV35	-	1	3913	chr11	55257235	55257207	+	HPV35:3913	27	1	
subset.insertion_seqs.fa	chr1~124985202~-~HPV35~3913~+	HPV35	-	1	3913	chr1	124985202	124985173	+	HPV35:3913	28	1	
subset.insertion_seqs.fa	KI270511.1~1771~-~HPV35~3913~+	HPV35	-	0	3913	KI270511.1	1771	1743	+	HPV35:3913	27	1	
subset.insertion_seqs.fa	chr5~47102378~-~HPV35~3913~+	HPV35	-	1	3913	chr5	47102378	47102348	+	HPV35:3913	29	1	
subset.insertion_seqs.fa	chr5~49624438~-~HPV35~3913~+	HPV35	-	7	3913	chr5	49624438	49624409	+	HPV35:3913	28	1	
subset.insertion_seqs.fa	chrX~25005367~+~HPV35~4021~+	HPV35	+	10	4021	chrX	25005367	25005404	+	HPV35:4021	43	3	
subset.insertion_seqs.fa	chr5~7290798~+~HPV35~4040~+	HPV35	+	4	4040	chr5	7290798	7290830	+	HPV35:4040	42	9	
subset.insertion_seqs.fa	chr15~28590164~+~HPV35~4040~+	HPV35	+	4	4040	chr15	28590164	28590196	+	HPV35:4040	43	9	
subset.insertion_seqs.fa	chr15~23304434~+~HPV35~4040~+	HPV35	+	4	4040	chr15	23304434	23304466	+	HPV35:4040	42	9	
subset.insertion_seqs.fa	KI270728.1~1002645~+~HPV35~4040~+	HPV35	+	4	4040	KI270728.1	1002645	1002674	+	HPV35:4040	32	5	
subset.insertion_seqs.fa	chr15~20505486~+~HPV35~4040~-	HPV35	+	4	4040	chr15	20505486	20505454	-	HPV35:4040	42	9	
subset.insertion_seqs.fa	chr17~73060664~+~HPV35~4040~-	HPV35	+	10	4040	chr17	73060664	73060631	-	HPV35:4040	43	5	
subset.insertion_seqs.fa	chr15~28833282~+~HPV35~4040~+	HPV35	+	4	4040	chr15	28833282	28833314	+	HPV35:4040	42	5	
subset.insertion_seqs.fa	chr15~22495576~+~HPV35~4040~+	HPV35	+	4	4040	chr15	22495576	22495608	+	HPV35:4040	42	5	
subset.insertion_seqs.fa	chr16~33128079~+~HPV35~4040~-	HPV35	+	4	4040	chr16	33128079	33128048	-	HPV35:4040	32	4	
subset.insertion_seqs.fa	chr16~32742328~+~HPV35~4040~+	HPV35	+	4	4040	chr16	32742328	32742360	+	HPV35:4040	32	2	
subset.insertion_seqs.fa	chr15~22758825~+~HPV35~4040~+	HPV35	+	4	4040	chr15	22758825	22758860	+	HPV35:4040	41	4	
subset.insertion_seqs.fa	chr16~32187098~+~HPV35~4040~-	HPV35	+	4	4040	chr16	32187098	32187065	-	HPV35:4040	35	3	
subset.insertion_seqs.fa	chr15~28321457~+~HPV35~4040~-	HPV35	+	4	4040	chr15	28321457	28321422	-	HPV35:4040	43	4	
subset.insertion_seqs.fa	chr8~59404774~-~HPV35~4107~-	HPV35	-	10	4107	chr8	59404774	59404810	-	HPV35:4107	43	5	
subset.insertion_seqs.fa	chr10~79938625~-~HPV35~4333~+	HPV35	-	10	4333	chr10	79938625	79938584	+	HPV35:4333	41	4	
subset.insertion_seqs.fa	chr10~79938626~-~HPV35~4335~+	HPV35	-	7	4335	chr10	79938626	79938591	+	HPV35:4335	34	1	
subset.insertion_seqs.fa	chr5~54848858~+~HPV35~4458~-	HPV35	+	7	4458	chr5	54848858	54848826	-	HPV35:4458	32	1	
subset.insertion_seqs.fa	chr5~54848857~+~HPV35~4461~-	HPV35	+	10	4461	chr5	54848857	54848818	-	HPV35:4461	42	4	
subset.insertion_seqs.fa	chr7~148919684~+~HPV35~4515~+	HPV35	+	10	4515	chr7	148919684	148919721	+	HPV35:4515	43	3	
subset.insertion_seqs.fa	chr15~40234959~+~HPV35~4551~+	HPV35	+	10	4551	chr15	40234959	40234998	+	HPV35:4551	41	6	
subset.insertion_seqs.fa	chr9~111481293~+~HPV35~4735~+	HPV35	+	4	4735	chr9	111481293	111481331	+	HPV35:4735	39	5	
subset.insertion_seqs.fa	chr9~3373865~+~HPV35~4735~+	HPV35	+	4	4735	chr9	3373865	3373898	+	HPV35:4735	34	2	
subset.insertion_seqs.fa	chr6~142211498~+~HPV35~4735~+	HPV35	+	4	4735	chr6	142211498	142211536	+	HPV35:4735	40	5	
subset.insertion_seqs.fa	chr6~36072553~+~HPV35~4735~+	HPV35	+	4	4735	chr6	36072553	36072591	+	HPV35:4735	36	5	
subset.insertion_seqs.fa	chr6~32423138~+~HPV35~4735~+	HPV35	+	4	4735	chr6	32423138	32423176	+	HPV35:4735	37	5	
subset.insertion_seqs.fa	chr3~51803499~+~HPV35~4735~+	HPV35	+	4	4735	chr3	51803499	51803537	+	HPV35:4735	40	5	
subset.insertion_seqs.fa	chr3~41501284~+~HPV35~4735~+	HPV35	+	4	4735	chr3	41501284	41501322	+	HPV35:4735	40	5	
subset.insertion_seqs.fa	chr19~10482604~+~HPV35~4735~+	HPV35	+	4	4735	chr19	10482604	10482645	+	HPV35:4735	40	5	
subset.insertion_seqs.fa	chr19~45836417~+~HPV35~4735~+	HPV35	+	4	4735	chr19	45836417	45836458	+	HPV35:4735	38	4	
subset.insertion_seqs.fa	chr18~69835249~+~HPV35~4735~+	HPV35	+	4	4735	chr18	69835249	69835287	+	HPV35:4735	40	5	
subset.insertion_seqs.fa	chr17~8764965~+~HPV35~4735~+	HPV35	+	4	4735	chr17	8764965	8765003	+	HPV35:4735	38	5	
subset.insertion_seqs.fa	chr16~83584116~+~HPV35~4735~+	HPV35	+	4	4735	chr16	83584116	83584157	+	HPV35:4735	40	5	
subset.insertion_seqs.fa	chr14~35852718~+~HPV35~4735~+	HPV35	+	4	4735	chr14	35852718	35852756	+	HPV35:4735	39	5	
subset.insertion_seqs.fa	chr10~102428810~+~HPV35~4735~+	HPV35	+	4	4735	chr10	102428810	102428848	+	HPV35:4735	39	5	
subset.insertion_seqs.fa	chr15~72301965~+~HPV35~4733~-	HPV35	+	7	4733	chr15	72301965	72301931	-	HPV35:4733	33	1	
subset.insertion_seqs.fa	chrX~48596471~+~HPV35~4735~+	HPV35	+	4	4735	chrX	48596471	48596508	+	HPV35:4735	36	2	
subset.insertion_seqs.fa	chr8~24285613~+~HPV35~4735~+	HPV35	+	4	4735	chr8	24285613	24285652	+	HPV35:4735	36	4	
subset.insertion_seqs.fa	chr6~75665073~+~HPV35~4735~+	HPV35	+	4	4735	chr6	75665073	75665111	+	HPV35:4735	37	3	
subset.insertion_seqs.fa	chr5~141547252~+~HPV35~4735~+	HPV35	+	4	4735	chr5	141547252	141547290	+	HPV35:4735	39	3	
subset.insertion_seqs.fa	chr2~67804605~+~HPV35~4735~+	HPV35	+	4	4735	chr2	67804605	67804643	+	HPV35:4735	37	3	
subset.insertion_seqs.fa	chr18~61410987~+~HPV35~4735~+	HPV35	+	4	4735	chr18	61410987	61411025	+	HPV35:4735	39	3	
subset.insertion_seqs.fa	chr12~21281238~+~HPV35~4735~+	HPV35	+	1	4735	chr12	21281238	21281274	+	HPV35:4735	33	1	
subset.insertion_seqs.fa	chr1~195822143~+~HPV35~4735~+	HPV35	+	4	4735	chr1	195822143	195822180	+	HPV35:4735	37	2	
subset.insertion_seqs.fa	chr15~72301965~+~HPV35~4735~-	HPV35	+	4	4735	chr15	72301965	72301926	-	HPV35:4735	40	2	
subset.insertion_seqs.fa	chrY~4259464~+~HPV35~4735~+	HPV35	+	4	4735	chrY	4259464	4259502	+	HPV35:4735	37	3	
subset.insertion_seqs.fa	chr18~3835436~+~HPV35~4735~+	HPV35	+	4	4735	chr18	3835436	3835475	+	HPV35:4735	38	3	
subset.insertion_seqs.fa	chr1~248002645~+~HPV35~4735~+	HPV35	+	4	4735	chr1	248002645	248002686	+	HPV35:4735	39	2	
subset.insertion_seqs.fa	chr9~16966543~+~HPV35~4735~-	HPV35	+	4	4735	chr9	16966543	16966502	-	HPV35:4735	40	2	
subset.insertion_seqs.fa	chr4~83545509~+~HPV35~4908~-	HPV35	+	10	4908	chr4	83545509	83545477	-	HPV35:4908	43	9	
subset.insertion_seqs.fa	chr3~167056412~-~HPV35~4869~-	HPV35	-	10	4869	chr3	167056412	167056454	-	HPV35:4869	42	2	
subset.insertion_seqs.fa	chr12~38926998~-~HPV35~4894~-	HPV35	-	10	4894	chr12	38926998	38927038	-	HPV35:4894	41	6	
subset.insertion_seqs.fa	chr18~56561238~-~HPV35~5320~-	HPV35	-	10	5320	chr18	56561238	56561270	-	HPV35:5320	43	9	
subset.insertion_seqs.fa	chr15~43408942~-~HPV35~5656~+	HPV35	-	10	5656	chr15	43408942	43408910	+	HPV35:5656	43	8	
subset.insertion_seqs.fa	chr10~39573226~-~HPV35~5971~-	HPV35	-	4	5971	chr10	39573226	39573266	-	HPV35:5971	40	5	
subset.insertion_seqs.fa	chr10~39602002~-~HPV35~5971~-	HPV35	-	4	5971	chr10	39602002	39602042	-	HPV35:5971	40	5	
subset.insertion_seqs.fa	chr10~39612133~-~HPV35~5971~-	HPV35	-	4	5971	chr10	39612133	39612173	-	HPV35:5971	40	5	
subset.insertion_seqs.fa	chr10~39628335~-~HPV35~5971~-	HPV35	-	4	5971	chr10	39628335	39628375	-	HPV35:5971	40	5	
subset.insertion_seqs.fa	chr10~39947379~-~HPV35~5971~-	HPV35	-	4	5971	chr10	39947379	39947419	-	HPV35:5971	40	5	
subset.insertion_seqs.fa	chr10~39955520~-~HPV35~5971~-	HPV35	-	4	5971	chr10	39955520	39955560	-	HPV35:5971	40	5	
subset.insertion_seqs.fa	chr10~39977926~-~HPV35~5971~-	HPV35	-	4	5971	chr10	39977926	39977966	-	HPV35:5971	40	5	
subset.insertion_seqs.fa	chr10~39980643~-~HPV35~5971~-	HPV35	-	4	5971	chr10	39980643	39980683	-	HPV35:5971	40	5	
subset.insertion_seqs.fa	chr10~39994910~-~HPV35~5971~-	HPV35	-	1	5971	chr10	39994910	39994951	-	HPV35:5971	38	1	
subset.insertion_seqs.fa	chr10~40002039~-~HPV35~5971~-	HPV35	-	4	5971	chr10	40002039	40002080	-	HPV35:5971	40	4	
subset.insertion_seqs.fa	chr10~40004756~-~HPV35~5971~-	HPV35	-	4	5971	chr10	40004756	40004796	-	HPV35:5971	40	4	
subset.insertion_seqs.fa	chr10~40016283~-~HPV35~5971~-	HPV35	-	1	5971	chr10	40016283	40016324	-	HPV35:5971	38	1	
subset.insertion_seqs.fa	chr10~40033939~-~HPV35~5971~-	HPV35	-	1	5971	chr10	40033939	40033980	-	HPV35:5971	38	1	
subset.insertion_seqs.fa	chr10~40036655~-~HPV35~5971~-	HPV35	-	1	5971	chr10	40036655	40036696	-	HPV35:5971	38	1	
subset.insertion_seqs.fa	chr10~40039372~-~HPV35~5971~-	HPV35	-	1	5971	chr10	40039372	40039413	-	HPV35:5971	38	1	
subset.insertion_seqs.fa	chr10~40048876~-~HPV35~5971~-	HPV35	-	1	5971	chr10	40048876	40048917	-	HPV35:5971	38	1	
subset.insertion_seqs.fa	chr12~37265312~-~HPV35~5971~+	HPV35	-	1	5971	chr12	37265312	37265282	+	HPV35:5971	29	1	
subset.insertion_seqs.fa	chr12~37261583~-~HPV35~5971~+	HPV35	-	1	5971	chr12	37261583	37261553	+	HPV35:5971	29	1	
subset.insertion_seqs.fa	chr12~37260231~-~HPV35~5971~+	HPV35	-	1	5971	chr12	37260231	37260201	+	HPV35:5971	29	1	
subset.insertion_seqs.fa	chr12~34717327~-~HPV35~5971~+	HPV35	-	1	5971	chr12	34717327	34717297	+	HPV35:5971	29	1	
subset.insertion_seqs.fa	chr12~37260570~-~HPV35~5971~+	HPV35	-	4	5971	chr12	37260570	37260536	+	HPV35:5971	36	2	
subset.insertion_seqs.fa	chr10~41839772~-~HPV35~5971~+	HPV35	-	4	5971	chr10	41839772	41839737	+	HPV35:5971	37	2	
subset.insertion_seqs.fa	chr10~40735858~-~HPV35~5971~-	HPV35	-	1	5971	chr10	40735858	40735895	-	HPV35:5971	37	1	
subset.insertion_seqs.fa	chr10~39583399~-~HPV35~5971~-	HPV35	-	1	5971	chr10	39583399	39583436	-	HPV35:5971	36	1	
subset.insertion_seqs.fa	chr10~39939909~-~HPV35~5971~-	HPV35	-	4	5971	chr10	39939909	39939949	-	HPV35:5971	40	4	
subset.insertion_seqs.fa	chr10~39963669~-~HPV35~5971~-	HPV35	-	4	5971	chr10	39963669	39963709	-	HPV35:5971	40	4	
subset.insertion_seqs.fa	chr10~39981665~-~HPV35~5971~-	HPV35	-	4	5971	chr10	39981665	39981705	-	HPV35:5971	40	4	
subset.insertion_seqs.fa	chr10~39987781~-~HPV35~5971~-	HPV35	-	4	5971	chr10	39987781	39987821	-	HPV35:5971	40	4	
subset.insertion_seqs.fa	chr10~39990839~-~HPV35~5971~-	HPV35	-	4	5971	chr10	39990839	39990879	-	HPV35:5971	40	4	
subset.insertion_seqs.fa	chr10~39993215~-~HPV35~5971~-	HPV35	-	4	5971	chr10	39993215	39993255	-	HPV35:5971	40	4	
subset.insertion_seqs.fa	KI270414.1~1823~-~HPV35~5971~-	HPV35	-	3	5971	KI270414.1	1823	1863	-	HPV35:5971	39	4	
subset.insertion_seqs.fa	chr12~34715974~-~HPV35~5971~+	HPV35	-	1	5971	chr12	34715974	34715934	+	HPV35:5971	37	1	
subset.insertion_seqs.fa	chr12~37251256~-~HPV35~5971~+	HPV35	-	1	5971	chr12	37251256	37251216	+	HPV35:5971	37	1	
subset.insertion_seqs.fa	chr12~37254765~-~HPV35~5971~+	HPV35	-	1	5971	chr12	37254765	37254725	+	HPV35:5971	37	1	
subset.insertion_seqs.fa	chr12~37263959~-~HPV35~5971~+	HPV35	-	1	5971	chr12	37263959	37263919	+	HPV35:5971	37	1	
subset.insertion_seqs.fa	chr12~34715977~-~HPV35~5974~+	HPV35	-	1	5974	chr12	34715977	34715942	+	HPV35:5974	32	1	
subset.insertion_seqs.fa	chr12~34718345~-~HPV35~5974~+	HPV35	-	1	5974	chr12	34718345	34718310	+	HPV35:5974	32	1	
subset.insertion_seqs.fa	chr12~37251259~-~HPV35~5974~+	HPV35	-	1	5974	chr12	37251259	37251224	+	HPV35:5974	32	1	
subset.insertion_seqs.fa	chr12~37254768~-~HPV35~5974~+	HPV35	-	1	5974	chr12	37254768	37254733	+	HPV35:5974	32	1	
subset.insertion_seqs.fa	chr12~37263962~-~HPV35~5974~+	HPV35	-	1	5974	chr12	37263962	37263927	+	HPV35:5974	32	1	
subset.insertion_seqs.fa	chr12~37260234~-~HPV35~5974~+	HPV35	-	1	5974	chr12	37260234	37260199	+	HPV35:5974	32	1	
subset.insertion_seqs.fa	chr12~37261246~-~HPV35~5974~+	HPV35	-	1	5974	chr12	37261246	37261212	+	HPV35:5974	31	1	
subset.insertion_seqs.fa	chr10~41839775~-~HPV35~5974~+	HPV35	-	1	5974	chr10	41839775	41839740	+	HPV35:5974	32	1	
subset.insertion_seqs.fa	KI270442.1~134629~-~HPV35~5974~+	HPV35	-	0	5974	KI270442.1	134629	134594	+	HPV35:5974	33	1	
subset.insertion_seqs.fa	KI270317.1~1640~-~HPV35~5974~+	HPV35	-	0	5974	KI270317.1	1640	1605	+	HPV35:5974	32	1	
subset.insertion_seqs.fa	chr2~4013589~-~HPV35~6011~-	HPV35	-	10	6011	chr2	4013589	4013621	-	HPV35:6011	43	7	
subset.insertion_seqs.fa	chr22~27505456~+~HPV35~6159~+	HPV35	+	10	6159	chr22	27505456	27505488	+	HPV35:6159	43	9	
subset.insertion_seqs.fa	chr19~50945415~+~HPV35~6247~-	HPV35	+	10	6247	chr19	50945415	50945376	-	HPV35:6247	40	6	
subset.insertion_seqs.fa	chr18~62716178~+~HPV35~6508~-	HPV35	+	10	6508	chr18	62716178	62716143	-	HPV35:6508	43	4	
subset.insertion_seqs.fa	chr10~49149296~+~HPV35~6813~+	HPV35	+	10	6813	chr10	49149296	49149333	+	HPV35:6813	40	7	
subset.insertion_seqs.fa	chr1~92464057~+~HPV35~7376~+	HPV35	+	4	7376	chr1	92464057	92464086	+	HPV35:7376	40	4	
subset.insertion_seqs.fa	chr21~37417453~+~HPV35~7376~-	HPV35	+	4	7376	chr21	37417453	37417424	-	HPV35:7376	39	4	
subset.insertion_seqs.fa	chr19~9188351~+~HPV35~7376~-	HPV35	+	4	7376	chr19	9188351	9188322	-	HPV35:7376	40	4	
subset.insertion_seqs.fa	chr18~21684582~+~HPV35~7376~-	HPV35	+	4	7376	chr18	21684582	21684553	-	HPV35:7376	40	4	
subset.insertion_seqs.fa	chr22~20841139~+~HPV35~7376~-	HPV35	+	10	7376	chr22	20841139	20841101	-	HPV35:7376	43	3	
subset.insertion_seqs.fa	chr11~128452704~+~HPV35~7420~+	HPV35	+	10	7420	chr11	128452704	128452736	+	HPV35:7420	43	8	
