sample_name	virus	seqlen	mapped	chim_reads	n_bases_covered	frac_covered	tissue_id	sample_read_count	mapped_rpm
GTEX-Y8E4-0003-SM-4V6FY	NC_007605_171823nt_Human_gammaherpesvirus_4	171823	272730	204	133162	0.775	Cells_EBV-transformed_lymphocytes	52040999	5240.67572184769
GTEX-Y8E4-0003-SM-4V6FY	NC_009334_172764nt_Human_herpesvirus_4_type_2	172764	112526	840	102250	0.592	Cells_EBV-transformed_lymphocytes	52040999	2162.25672378042
GTEX-X4EP-0011-R8B-SM-4QASL	NC_001806_152222nt_Human_alphaherpesvirus_1	152222	6473139	48471	146768	0.964	Brain_Hypothalamus	40961587	158029.497245798
GTEX-X4EP-0011-R8B-SM-4QASL	NC_001348_124884nt_Human_alphaherpesvirus_3	124884	1144	0	38401	0.307	Brain_Hypothalamus	40961587	27.9286054029108
GTEX-X4EP-0011-R8B-SM-4QASL	NC_001798_154675nt_Human_alphaherpesvirus_2	154675	10917	0	3904	0.025	Brain_Hypothalamus	40961587	266.517994041588
GTEX-OOBJ-0006-SM-2I3F4	NC_001669_5243nt_Macaca_mulatta_polyomavirus_1	5243	1476	28	598	0.114	Whole_Blood	45136704	32.70065975575
GTEX-1269C-0003-SM-5S2PB	NC_007605_171823nt_Human_gammaherpesvirus_4	171823	297023	42	129811	0.755	Cells_EBV-transformed_lymphocytes	36916899	8045.71911633206
GTEX-1269C-0003-SM-5S2PB	NC_009334_172764nt_Human_herpesvirus_4_type_2	172764	136828	430	95596	0.553	Cells_EBV-transformed_lymphocytes	36916899	3706.37847994763
GTEX-WFJO-0002-SM-3P61X	NC_007605_171823nt_Human_gammaherpesvirus_4	171823	319553	151	132751	0.773	Cells_EBV-transformed_lymphocytes	73556632	4344.31255634434
GTEX-WFJO-0002-SM-3P61X	NC_009334_172764nt_Human_herpesvirus_4_type_2	172764	124344	368	102694	0.594	Cells_EBV-transformed_lymphocytes	73556632	1690.4526025607
GTEX-WFJO-0002-SM-3P61X	NC_001806_152222nt_Human_alphaherpesvirus_1	152222	2899	0	53550	0.352	Cells_EBV-transformed_lymphocytes	73556632	39.411809937138
GTEX-WHSE-0011-R8A-SM-3P5Z1	NC_001806_152222nt_Human_alphaherpesvirus_1	152222	1922	6	47786	0.314	Brain_Hypothalamus	63175112	30.4233730523501
GTEX-Q734-0626-SM-2I3EF	NC_001669_5243nt_Macaca_mulatta_polyomavirus_1	5243	1275	12	683	0.13	Lung	50217719	25.3894447097448
GTEX-Y114-0002-SM-4TT78	NC_007605_171823nt_Human_gammaherpesvirus_4	171823	144642	625	131030	0.763	Cells_EBV-transformed_lymphocytes	56479663	2560.95720684452
GTEX-Y114-0002-SM-4TT78	NC_009334_172764nt_Human_herpesvirus_4_type_2	172764	99823	767	113862	0.659	Cells_EBV-transformed_lymphocytes	56479663	1767.41493659408
GTEX-UPJH-0001-SM-3NMDE	NC_007605_171823nt_Human_gammaherpesvirus_4	171823	258523	102	132544	0.771	Cells_EBV-transformed_lymphocytes	61823041	4181.66100887855
GTEX-UPJH-0001-SM-3NMDE	NC_009334_172764nt_Human_herpesvirus_4_type_2	172764	115535	317	101014	0.585	Cells_EBV-transformed_lymphocytes	61823041	1868.80163335867
GTEX-PLZ4-2726-SM-3P61A	NC_001806_152222nt_Human_alphaherpesvirus_1	152222	2210	0	49410	0.325	Vagina	61118681	36.1591572959502
GTEX-POMQ-1426-SM-3P61D	NC_001806_152222nt_Human_alphaherpesvirus_1	152222	1966	0	42846	0.281	Ovary	52302151	37.5892762039557
GTEX-X4EO-0526-SM-3P5Z3	NC_001806_152222nt_Human_alphaherpesvirus_1	152222	1839	0	41302	0.271	Muscle_Skeletal	65844822	27.9293032335937
GTEX-XMK1-0926-SM-4B66X	NC_007605_171823nt_Human_gammaherpesvirus_4	171823	5668	36	83555	0.486	Adipose_Visceral_Omentum	46256123	122.535129024973
GTEX-XMK1-0926-SM-4B66X	NC_009334_172764nt_Human_herpesvirus_4_type_2	172764	1938	0	41059	0.238	Adipose_Visceral_Omentum	46256123	41.8971559721942
GTEX-1H2FU-0004-SM-EYYW8	NC_007605_171823nt_Human_gammaherpesvirus_4	171823	89082	310	127012	0.739	Cells_EBV-transformed_lymphocytes	59849575	1488.4316221126
GTEX-1H2FU-0004-SM-EYYW8	NC_009334_172764nt_Human_herpesvirus_4_type_2	172764	23007	236	86781	0.502	Cells_EBV-transformed_lymphocytes	59849575	384.413757324091
GTEX-Y8DK-0004-SM-4RGM7	NC_007605_171823nt_Human_gammaherpesvirus_4	171823	147278	286	118913	0.692	Cells_EBV-transformed_lymphocytes	59392624	2479.73553079588
GTEX-Y8DK-0004-SM-4RGM7	NC_009334_172764nt_Human_herpesvirus_4_type_2	172764	40103	85	73487	0.425	Cells_EBV-transformed_lymphocytes	59392624	675.218525451915
GTEX-ZDTS-1226-SM-4WKGL	NC_002549_18959nt_Zaire_ebolavirus	18959	3329	0	18923	0.998	Heart_Atrial_Appendage	35938992	92.6291978361552
GTEX-UPK5-2326-SM-3P5Z8	NC_001806_152222nt_Human_alphaherpesvirus_1	152222	2185	6	49831	0.327	Breast_Mammary_Tissue	70844962	30.8419955112687
GTEX-XQ3S-0001-SM-4B64K	NC_007605_171823nt_Human_gammaherpesvirus_4	171823	219197	219	131523	0.765	Cells_EBV-transformed_lymphocytes	65882123	3327.10893363288
GTEX-XQ3S-0001-SM-4B64K	NC_009334_172764nt_Human_herpesvirus_4_type_2	172764	79438	454	98582	0.571	Cells_EBV-transformed_lymphocytes	65882123	1205.75956545905
GTEX-PLZ6-0226-SM-3P61I	NC_001806_152222nt_Human_alphaherpesvirus_1	152222	1553	0	40044	0.263	Adrenal_Gland	65404388	23.7445842318714
GTEX-X4EP-2926-SM-3P5YQ	NC_001806_152222nt_Human_alphaherpesvirus_1	152222	1696	0	43896	0.288	Breast_Mammary_Tissue	66266992	25.5934357183438
GTEX-1EKGG-0001-SM-EAZCL	NC_007605_171823nt_Human_gammaherpesvirus_4	171823	396077	523	133908	0.779	Cells_EBV-transformed_lymphocytes	63768067	6211.21226710541
GTEX-1EKGG-0001-SM-EAZCL	NC_009334_172764nt_Human_herpesvirus_4_type_2	172764	175364	2585	103547	0.599	Cells_EBV-transformed_lymphocytes	63768067	2750.02847428322
GTEX-XBEW-0002-SM-4AT5O	NC_007605_171823nt_Human_gammaherpesvirus_4	171823	96900	194	126814	0.738	Cells_EBV-transformed_lymphocytes	35471371	2731.7805111057
GTEX-XBEW-0002-SM-4AT5O	NC_009334_172764nt_Human_herpesvirus_4_type_2	172764	26172	229	84274	0.488	Cells_EBV-transformed_lymphocytes	35471371	737.834463742605
GTEX-X3Y1-0926-SM-3P5YT	NC_001806_152222nt_Human_alphaherpesvirus_1	152222	1531	0	37375	0.246	Adipose_Visceral_Omentum	44197706	34.6398068714245
GTEX-WY7C-0004-SM-4ONDS	NC_007605_171823nt_Human_gammaherpesvirus_4	171823	94766	140	127251	0.741	Cells_EBV-transformed_lymphocytes	37796364	2507.27821332232
GTEX-WY7C-0004-SM-4ONDS	NC_009334_172764nt_Human_herpesvirus_4_type_2	172764	28367	226	85748	0.496	Cells_EBV-transformed_lymphocytes	37796364	750.52192851143
GTEX-1F6I4-0002-SM-EVR38	NC_007605_171823nt_Human_gammaherpesvirus_4	171823	268754	240	133355	0.776	Cells_EBV-transformed_lymphocytes	60710117	4426.8404226597
GTEX-1F6I4-0002-SM-EVR38	NC_009334_172764nt_Human_herpesvirus_4_type_2	172764	106540	656	101521	0.588	Cells_EBV-transformed_lymphocytes	60710117	1754.89696387836
GTEX-T5JC-0001-SM-3NMAK	NC_007605_171823nt_Human_gammaherpesvirus_4	171823	62661	115	116105	0.676	Cells_EBV-transformed_lymphocytes	61940780	1011.62755780602
GTEX-T5JC-0001-SM-3NMAK	NC_009334_172764nt_Human_herpesvirus_4_type_2	172764	20702	58	70809	0.41	Cells_EBV-transformed_lymphocytes	61940780	334.222462164668
GTEX-WWTW-0002-SM-4MVNH	NC_007605_171823nt_Human_gammaherpesvirus_4	171823	119569	201	132634	0.772	Cells_EBV-transformed_lymphocytes	33089594	3613.49250764455
GTEX-WWTW-0002-SM-4MVNH	NC_009334_172764nt_Human_herpesvirus_4_type_2	172764	53123	549	104595	0.605	Cells_EBV-transformed_lymphocytes	33089594	1605.42918719402
GTEX-1HSKV-0001-SM-EZ6M6	NC_007605_171823nt_Human_gammaherpesvirus_4	171823	142399	238	130521	0.76	Cells_EBV-transformed_lymphocytes	71499851	1991.59855591867
GTEX-1HSKV-0001-SM-EZ6M6	NC_009334_172764nt_Human_herpesvirus_4_type_2	172764	54990	353	93519	0.541	Cells_EBV-transformed_lymphocytes	71499851	769.092511815164
GTEX-ZG7Y-0003-SM-4WWEJ	NC_007605_171823nt_Human_gammaherpesvirus_4	171823	174602	171	129590	0.754	Cells_EBV-transformed_lymphocytes	51557511	3386.54827615709
GTEX-ZG7Y-0003-SM-4WWEJ	NC_009334_172764nt_Human_herpesvirus_4_type_2	172764	65038	657	94299	0.546	Cells_EBV-transformed_lymphocytes	51557511	1261.46508507752
GTEX-Y5V6-0003-SM-4V6FX	NC_007605_171823nt_Human_gammaherpesvirus_4	171823	136683	129	131783	0.767	Cells_EBV-transformed_lymphocytes	54870575	2491.00724750925
GTEX-Y5V6-0003-SM-4V6FX	NC_009334_172764nt_Human_herpesvirus_4_type_2	172764	50943	259	96662	0.56	Cells_EBV-transformed_lymphocytes	54870575	928.421107305692
GTEX-T6MO-0003-SM-3NMAG	NC_007605_171823nt_Human_gammaherpesvirus_4	171823	124403	149	129652	0.755	Cells_EBV-transformed_lymphocytes	69637389	1786.43975293215
GTEX-T6MO-0003-SM-3NMAG	NC_009334_172764nt_Human_herpesvirus_4_type_2	172764	42736	369	94516	0.547	Cells_EBV-transformed_lymphocytes	69637389	613.693313515818
GTEX-P4PP-2426-SM-3P61L	NC_001806_152222nt_Human_alphaherpesvirus_1	152222	2285	0	50105	0.329	Ovary	69626358	32.8180313553094
GTEX-Y8LW-0002-SM-4V6G2	NC_007605_171823nt_Human_gammaherpesvirus_4	171823	123159	147	129608	0.754	Cells_EBV-transformed_lymphocytes	45124183	2729.33473388316
GTEX-Y8LW-0002-SM-4V6G2	NC_009334_172764nt_Human_herpesvirus_4_type_2	172764	41073	316	91992	0.532	Cells_EBV-transformed_lymphocytes	45124183	910.221465948757
GTEX-X88G-0004-SM-47JZ6	NC_007605_171823nt_Human_gammaherpesvirus_4	171823	96571	211	133312	0.776	Cells_EBV-transformed_lymphocytes	37592750	2568.87298747764
GTEX-X88G-0004-SM-47JZ6	NC_009334_172764nt_Human_herpesvirus_4_type_2	172764	60049	239	109114	0.632	Cells_EBV-transformed_lymphocytes	37592750	1597.35587314043
GTEX-X4XY-1526-SM-4QASE	NC_001806_152222nt_Human_alphaherpesvirus_1	152222	17119	47	109922	0.722	Artery_Aorta	29076138	588.764573892172
GTEX-SNOS-0003-SM-3NMAO	NC_007605_171823nt_Human_gammaherpesvirus_4	171823	223055	398	135177	0.787	Cells_EBV-transformed_lymphocytes	66496141	3354.40518270075
GTEX-SNOS-0003-SM-3NMAO	NC_009334_172764nt_Human_herpesvirus_4_type_2	172764	123510	382	116139	0.672	Cells_EBV-transformed_lymphocytes	66496141	1857.40101820345
GTEX-X4EO-0926-SM-3P5Z2	NC_001806_152222nt_Human_alphaherpesvirus_1	152222	1970	0	46349	0.304	Lung	61002119	32.2939601491548
GTEX-1HCVE-0003-SM-EZ6LX	NC_007605_171823nt_Human_gammaherpesvirus_4	171823	339545	407	135063	0.786	Cells_EBV-transformed_lymphocytes	57875040	5866.86419568781
GTEX-1HCVE-0003-SM-EZ6LX	NC_009334_172764nt_Human_herpesvirus_4_type_2	172764	136146	1852	103911	0.601	Cells_EBV-transformed_lymphocytes	57875040	2352.41306096722
GTEX-1HSMO-0002-SM-EZ6M4	NC_007605_171823nt_Human_gammaherpesvirus_4	171823	153745	216	131086	0.763	Cells_EBV-transformed_lymphocytes	63661823	2415.02666362539
GTEX-1HSMO-0002-SM-EZ6M4	NC_009334_172764nt_Human_herpesvirus_4_type_2	172764	51993	446	96767	0.56	Cells_EBV-transformed_lymphocytes	63661823	816.706112861393
GTEX-PLZ5-0826-SM-3P5ZW	NC_001806_152222nt_Human_alphaherpesvirus_1	152222	1609	0	38944	0.256	Esophagus_Muscularis	70334200	22.8764953607207
GTEX-X4EP-0826-SM-3P5YK	NC_001806_152222nt_Human_alphaherpesvirus_1	152222	1738	0	41985	0.276	Artery_Tibial	65832093	26.4004973987383
GTEX-PWN1-2626-SM-2I3FH	NC_001669_5243nt_Macaca_mulatta_polyomavirus_1	5243	958	10	593	0.113	Thyroid	44794872	21.3863765477441
GTEX-N7MS-0926-SM-2HMIZ	NC_001669_5243nt_Macaca_mulatta_polyomavirus_1	5243	1175	10	686	0.131	Lung	49809756	23.5897561915381
GTEX-1HGF4-0002-SM-EZ6M7	NC_007605_171823nt_Human_gammaherpesvirus_4	171823	151210	164	132845	0.773	Cells_EBV-transformed_lymphocytes	65379448	2312.80631185506
GTEX-1HGF4-0002-SM-EZ6M7	NC_009334_172764nt_Human_herpesvirus_4_type_2	172764	55892	550	97364	0.564	Cells_EBV-transformed_lymphocytes	65379448	854.886385703348
GTEX-XBEC-0726-SM-4QARZ	NC_001806_152222nt_Human_alphaherpesvirus_1	152222	817	0	34910	0.229	Skin_Not_Sun_Exposed_Suprapubic	32585014	25.0728755249269
GTEX-XBED-0003-SM-47JWP	NC_007605_171823nt_Human_gammaherpesvirus_4	171823	133639	209	129945	0.756	Cells_EBV-transformed_lymphocytes	47496244	2813.6751192368
GTEX-XBED-0003-SM-47JWP	NC_009334_172764nt_Human_herpesvirus_4_type_2	172764	46496	277	94112	0.545	Cells_EBV-transformed_lymphocytes	47496244	978.94056633194
GTEX-11I78-0001-SM-5Q5BE	NC_007605_171823nt_Human_gammaherpesvirus_4	171823	74010	103	121592	0.708	Cells_EBV-transformed_lymphocytes	30570788	2420.93857704944
GTEX-11I78-0001-SM-5Q5BE	NC_009334_172764nt_Human_herpesvirus_4_type_2	172764	23550	79	75742	0.438	Cells_EBV-transformed_lymphocytes	30570788	770.343244014515
GTEX-ZE9C-0726-SM-4WKGA	NC_002549_18959nt_Zaire_ebolavirus	18959	1608	0	18747	0.989	Artery_Aorta	32924094	48.8396127164501
GTEX-T5JW-0003-SM-3NMAD	NC_007605_171823nt_Human_gammaherpesvirus_4	171823	299170	230	131823	0.767	Cells_EBV-transformed_lymphocytes	68854034	4344.988704656
GTEX-T5JW-0003-SM-3NMAD	NC_009334_172764nt_Human_herpesvirus_4_type_2	172764	135364	1218	102194	0.592	Cells_EBV-transformed_lymphocytes	68854034	1965.95598160596
GTEX-P78B-0826-SM-3NMCA	NC_007605_171823nt_Human_gammaherpesvirus_4	171823	3408	0	66787	0.389	Artery_Aorta	51376305	66.334081440851
GTEX-P78B-0826-SM-3NMCA	NC_009334_172764nt_Human_herpesvirus_4_type_2	172764	1308	6	36200	0.21	Artery_Aorta	51376305	25.459207313566
GTEX-ZTSS-0004-SM-4YCCS	NC_007605_171823nt_Human_gammaherpesvirus_4	171823	158174	262	130125	0.757	Cells_EBV-transformed_lymphocytes	42191291	3748.97274416182
GTEX-ZTSS-0004-SM-4YCCS	NC_009334_172764nt_Human_herpesvirus_4_type_2	172764	61355	276	94089	0.545	Cells_EBV-transformed_lymphocytes	42191291	1454.21006434717
GTEX-1I4MK-0002-SM-EZ6M9	NC_007605_171823nt_Human_gammaherpesvirus_4	171823	160869	235	131711	0.767	Cells_EBV-transformed_lymphocytes	63380002	2538.16653398023
GTEX-1I4MK-0002-SM-EZ6M9	NC_009334_172764nt_Human_herpesvirus_4_type_2	172764	58559	647	95345	0.552	Cells_EBV-transformed_lymphocytes	63380002	923.934966111235
GTEX-WFG7-0001-SM-3P61S	NC_007605_171823nt_Human_gammaherpesvirus_4	171823	111128	72	129135	0.752	Cells_EBV-transformed_lymphocytes	62871876	1767.53116130971
GTEX-WFG7-0001-SM-3P61S	NC_009334_172764nt_Human_herpesvirus_4_type_2	172764	43596	294	92815	0.537	Cells_EBV-transformed_lymphocytes	62871876	693.410198225992
GTEX-WFG7-0001-SM-3P61S	NC_001806_152222nt_Human_alphaherpesvirus_1	152222	2453	0	52341	0.344	Cells_EBV-transformed_lymphocytes	62871876	39.0158550382686
GTEX-1HCU7-0001-SM-EZ6LZ	NC_007605_171823nt_Human_gammaherpesvirus_4	171823	327683	233	132038	0.768	Cells_EBV-transformed_lymphocytes	66949356	4894.49069532499
GTEX-1HCU7-0001-SM-EZ6LZ	NC_009334_172764nt_Human_herpesvirus_4_type_2	172764	146738	586	100349	0.581	Cells_EBV-transformed_lymphocytes	66949356	2191.77612403023
GTEX-P78B-2226-SM-3P5ZZ	NC_001806_152222nt_Human_alphaherpesvirus_1	152222	3053	0	58614	0.385	Vagina	55273632	55.2342932702523
GTEX-132QS-0001-SM-62LDA	NC_007605_171823nt_Human_gammaherpesvirus_4	171823	206762	216	130228	0.758	Cells_EBV-transformed_lymphocytes	51728478	3997.06328108088
GTEX-132QS-0001-SM-62LDA	NC_009334_172764nt_Human_herpesvirus_4_type_2	172764	58013	152	93880	0.543	Cells_EBV-transformed_lymphocytes	51728478	1121.49056463637
GTEX-NFK9-0226-SM-2HMKQ	NC_002645_27317nt_Human_coronavirus_229E	27317	1360	0	25376	0.929	Skin_Sun_Exposed_Lower_leg	56018934	24.2775058875629
GTEX-NFK9-0226-SM-2HMKQ	NC_001669_5243nt_Macaca_mulatta_polyomavirus_1	5243	1264	52	599	0.114	Skin_Sun_Exposed_Lower_leg	56018934	22.5637995896173
GTEX-12C56-0002-SM-5S2PC	NC_007605_171823nt_Human_gammaherpesvirus_4	171823	241257	126	130404	0.759	Cells_EBV-transformed_lymphocytes	32900501	7332.92784812
GTEX-12C56-0002-SM-5S2PC	NC_009334_172764nt_Human_herpesvirus_4_type_2	172764	102641	449	95420	0.552	Cells_EBV-transformed_lymphocytes	32900501	3119.73972675978
GTEX-11EMC-0002-SM-5Q5DO	NC_007605_171823nt_Human_gammaherpesvirus_4	171823	215384	152	132818	0.773	Cells_EBV-transformed_lymphocytes	57243176	3762.6144293601
GTEX-11EMC-0002-SM-5Q5DO	NC_009334_172764nt_Human_herpesvirus_4_type_2	172764	88912	584	98200	0.568	Cells_EBV-transformed_lymphocytes	57243176	1553.2331749028
GTEX-N7MS-0011-R7a-SM-2HMKN	NC_001669_5243nt_Macaca_mulatta_polyomavirus_1	5243	949	12	685	0.131	Brain_Putamen_basal_ganglia	46537556	20.3921323242673
GTEX-Y3IK-0001-SM-4WWE1	NC_007605_171823nt_Human_gammaherpesvirus_4	171823	115295	84	126321	0.735	Cells_EBV-transformed_lymphocytes	66726151	1727.88327023388
GTEX-Y3IK-0001-SM-4WWE1	NC_009334_172764nt_Human_herpesvirus_4_type_2	172764	44121	86	87499	0.506	Cells_EBV-transformed_lymphocytes	66726151	661.22501206461
GTEX-X4LF-0002-SM-4QASG	NC_007605_171823nt_Human_gammaherpesvirus_4	171823	161937	254	131061	0.763	Cells_EBV-transformed_lymphocytes	35432751	4570.26325728984
GTEX-X4LF-0002-SM-4QASG	NC_009334_172764nt_Human_herpesvirus_4_type_2	172764	61922	832	96812	0.56	Cells_EBV-transformed_lymphocytes	35432751	1747.59222054195
GTEX-11EQ9-0002-SM-5QGQ1	NC_007605_171823nt_Human_gammaherpesvirus_4	171823	49282	57	121339	0.706	Cells_EBV-transformed_lymphocytes	28486216	1730.02970980772
GTEX-11EQ9-0002-SM-5QGQ1	NC_009334_172764nt_Human_herpesvirus_4_type_2	172764	13914	31	76903	0.445	Cells_EBV-transformed_lymphocytes	28486216	488.446763164332
GTEX-XMK1-2226-SM-4B673	NC_007605_171823nt_Human_gammaherpesvirus_4	171823	1865	8	47229	0.275	Adipose_Subcutaneous	44094638	42.2953920156913
GTEX-W5X1-0001-SM-3P61V	NC_007605_171823nt_Human_gammaherpesvirus_4	171823	110906	302	118876	0.692	Cells_EBV-transformed_lymphocytes	61159482	1813.39011340874
GTEX-W5X1-0001-SM-3P61V	NC_009334_172764nt_Human_herpesvirus_4_type_2	172764	27549	65	71432	0.413	Cells_EBV-transformed_lymphocytes	61159482	450.445280095734
GTEX-W5X1-0001-SM-3P61V	NC_001806_152222nt_Human_alphaherpesvirus_1	152222	1724	17	42470	0.279	Cells_EBV-transformed_lymphocytes	61159482	28.1885971499889
GTEX-1HFI6-0003-SM-EZ6M2	NC_007605_171823nt_Human_gammaherpesvirus_4	171823	123384	122	125460	0.73	Cells_EBV-transformed_lymphocytes	71682104	1721.26644050515
GTEX-1HFI6-0003-SM-EZ6M2	NC_009334_172764nt_Human_herpesvirus_4_type_2	172764	41147	247	83787	0.485	Cells_EBV-transformed_lymphocytes	71682104	574.020539352472
GTEX-V1D1-0003-SM-3NMDP	NC_007605_171823nt_Human_gammaherpesvirus_4	171823	447760	345	133515	0.777	Cells_EBV-transformed_lymphocytes	69382677	6453.48405914058
GTEX-V1D1-0003-SM-3NMDP	NC_009334_172764nt_Human_herpesvirus_4_type_2	172764	193929	603	104762	0.606	Cells_EBV-transformed_lymphocytes	69382677	2795.06367273779
GTEX-1GF9X-0001-SM-EAZCN	NC_007605_171823nt_Human_gammaherpesvirus_4	171823	331288	417	134371	0.782	Cells_EBV-transformed_lymphocytes	60274344	5496.33522349078
GTEX-1GF9X-0001-SM-EAZCN	NC_009334_172764nt_Human_herpesvirus_4_type_2	172764	129804	2065	109585	0.634	Cells_EBV-transformed_lymphocytes	60274344	2153.55309383375
GTEX-1HBPM-0326-SM-CMKGR	NC_006273_235646nt_Human_betaherpesvirus_5	235646	2883	0	59027	0.25	Adipose_Subcutaneous	51587574	55.8855510437455
GTEX-V955-0005-SM-3P5ZC	NC_001806_152222nt_Human_alphaherpesvirus_1	152222	2333	0	48245	0.317	Whole_Blood	57979184	40.238579418434
GTEX-S4Q7-0003-SM-3NM8M	NC_007605_171823nt_Human_gammaherpesvirus_4	171823	449936	381	134422	0.782	Cells_EBV-transformed_lymphocytes	76809703	5857.80158530232
GTEX-S4Q7-0003-SM-3NM8M	NC_009334_172764nt_Human_herpesvirus_4_type_2	172764	190252	580	105924	0.613	Cells_EBV-transformed_lymphocytes	76809703	2476.92664558279
GTEX-X4EO-0126-SM-3P5YN	NC_001806_152222nt_Human_alphaherpesvirus_1	152222	1858	0	43440	0.285	Nerve_Tibial	53226796	34.9072298095869
GTEX-Y5V5-0001-SM-4V6FZ	NC_007605_171823nt_Human_gammaherpesvirus_4	171823	257611	119	133556	0.777	Cells_EBV-transformed_lymphocytes	55708464	4624.2703801706
GTEX-Y5V5-0001-SM-4V6FZ	NC_009334_172764nt_Human_herpesvirus_4_type_2	172764	110418	781	101815	0.589	Cells_EBV-transformed_lymphocytes	55708464	1982.06864938872
GTEX-ZDTT-0004-SM-4WKG3	NC_007605_171823nt_Human_gammaherpesvirus_4	171823	283648	198	133257	0.776	Cells_EBV-transformed_lymphocytes	59862185	4738.35026235678
GTEX-ZDTT-0004-SM-4WKG3	NC_009334_172764nt_Human_herpesvirus_4_type_2	172764	118113	584	100651	0.583	Cells_EBV-transformed_lymphocytes	59862185	1973.08200494185
GTEX-ZLV1-0001-SM-4WWAO	NC_007605_171823nt_Human_gammaherpesvirus_4	171823	250774	231	132203	0.769	Cells_EBV-transformed_lymphocytes	46329925	5412.78666002589
GTEX-ZLV1-0001-SM-4WWAO	NC_009334_172764nt_Human_herpesvirus_4_type_2	172764	102836	379	97502	0.564	Cells_EBV-transformed_lymphocytes	46329925	2219.64529405131
GTEX-1HCU6-0002-SM-EYYW4	NC_007605_171823nt_Human_gammaherpesvirus_4	171823	147975	48	130898	0.762	Cells_EBV-transformed_lymphocytes	30226522	4895.53511978652
GTEX-1HCU6-0002-SM-EYYW4	NC_009334_172764nt_Human_herpesvirus_4_type_2	172764	62731	668	95360	0.552	Cells_EBV-transformed_lymphocytes	30226522	2075.36282209379
GTEX-1212Z-0002-SM-5SI6W	NC_007605_171823nt_Human_gammaherpesvirus_4	171823	99461	45	128783	0.75	Cells_EBV-transformed_lymphocytes	51818852	1919.39798280363
GTEX-1212Z-0002-SM-5SI6W	NC_009334_172764nt_Human_herpesvirus_4_type_2	172764	36993	184	90567	0.524	Cells_EBV-transformed_lymphocytes	51818852	713.890767012747
GTEX-X4EP-0126-SM-3P5YV	NC_001806_152222nt_Human_alphaherpesvirus_1	152222	2772	0	51809	0.34	Skin_Sun_Exposed_Lower_leg	70425774	39.3605897749878
GTEX-WYVS-0004-SM-4ONDT	NC_007605_171823nt_Human_gammaherpesvirus_4	171823	219492	365	131749	0.767	Cells_EBV-transformed_lymphocytes	35453071	6191.05746861816
GTEX-WYVS-0004-SM-4ONDT	NC_009334_172764nt_Human_herpesvirus_4_type_2	172764	91780	2382	98730	0.571	Cells_EBV-transformed_lymphocytes	35453071	2588.77432648923
GTEX-X4EP-3026-SM-3P5YP	NC_001806_152222nt_Human_alphaherpesvirus_1	152222	1464	7	38525	0.253	Brain_Cerebellum	51970127	28.1700292939442
GTEX-Q734-0526-SM-2I3EH	NC_001669_5243nt_Macaca_mulatta_polyomavirus_1	5243	1395	0	686	0.131	Thyroid	47066298	29.6390423568049
GTEX-P78B-1726-SM-3P5ZV	NC_001806_152222nt_Human_alphaherpesvirus_1	152222	2223	0	47920	0.315	Colon_Transverse	59034476	37.655962255005
GTEX-1GMR8-0001-SM-EVR3E	NC_007605_171823nt_Human_gammaherpesvirus_4	171823	228357	302	130532	0.76	Cells_EBV-transformed_lymphocytes	79911909	2857.60912056299
GTEX-1GMR8-0001-SM-EVR3E	NC_009334_172764nt_Human_herpesvirus_4_type_2	172764	81474	571	96521	0.559	Cells_EBV-transformed_lymphocytes	79911909	1019.54766216385
GTEX-1RLM8-2226-SM-EVYD1	NC_006273_235646nt_Human_betaherpesvirus_5	235646	1632	0	39767	0.169	Breast_Mammary_Tissue	43023702	37.9325795813666
GTEX-ZVT2-0001-SM-57WCK	NC_007605_171823nt_Human_gammaherpesvirus_4	171823	263090	172	132625	0.772	Cells_EBV-transformed_lymphocytes	40363161	6518.07225900865
GTEX-ZVT2-0001-SM-57WCK	NC_009334_172764nt_Human_herpesvirus_4_type_2	172764	106628	852	98862	0.572	Cells_EBV-transformed_lymphocytes	40363161	2641.71579624301
GTEX-X3Y1-0626-SM-3P5YS	NC_001806_152222nt_Human_alphaherpesvirus_1	152222	1263	0	34475	0.226	Lung	53997126	23.3901337637859
GTEX-Y8E5-0002-SM-57WD9	NC_007605_171823nt_Human_gammaherpesvirus_4	171823	81385	227	114384	0.666	Cells_EBV-transformed_lymphocytes	52330672	1555.20647623252
GTEX-Y8E5-0002-SM-57WD9	NC_009334_172764nt_Human_herpesvirus_4_type_2	172764	22203	103	66210	0.383	Cells_EBV-transformed_lymphocytes	52330672	424.282722759608
GTEX-WHSE-0011-R4A-SM-3P5ZN	NC_001806_152222nt_Human_alphaherpesvirus_1	152222	2800	0	54675	0.359	Brain_Amygdala	60790768	46.0596253694311
GTEX-1H3VY-0001-SM-EYYVY	NC_007605_171823nt_Human_gammaherpesvirus_4	171823	141098	187	130288	0.758	Cells_EBV-transformed_lymphocytes	29974249	4707.30726231039
GTEX-1H3VY-0001-SM-EYYVY	NC_009334_172764nt_Human_herpesvirus_4_type_2	172764	53167	482	93270	0.54	Cells_EBV-transformed_lymphocytes	29974249	1773.75586624372
GTEX-1F48J-0001-SM-EVR39	NC_007605_171823nt_Human_gammaherpesvirus_4	171823	518424	448	135477	0.788	Cells_EBV-transformed_lymphocytes	81972965	6324.32900286088
GTEX-1F48J-0001-SM-EVR39	NC_009334_172764nt_Human_herpesvirus_4_type_2	172764	207894	1537	105981	0.613	Cells_EBV-transformed_lymphocytes	81972965	2536.12883223146
GTEX-POMQ-0426-SM-3P61G	NC_001806_152222nt_Human_alphaherpesvirus_1	152222	2972	8	55628	0.365	Artery_Aorta	59503105	49.9469733554241
GTEX-1MCC2-0526-SM-DHXJS	NC_001806_152222nt_Human_alphaherpesvirus_1	152222	127639	222	126740	0.833	Thyroid	59374931	2149.71197187581
GTEX-WFG8-0001-SM-4LVN8	NC_007605_171823nt_Human_gammaherpesvirus_4	171823	159457	140	131433	0.765	Cells_EBV-transformed_lymphocytes	33476638	4763.2321979286
GTEX-WFG8-0001-SM-4LVN8	NC_009334_172764nt_Human_herpesvirus_4_type_2	172764	61148	634	95901	0.555	Cells_EBV-transformed_lymphocytes	33476638	1826.58724570848
GTEX-WHSE-0011-R2A-SM-3P5ZL	NC_001806_152222nt_Human_alphaherpesvirus_1	152222	5585	5	74525	0.49	Brain_Substantia_nigra	57652353	96.8737563929091
GTEX-1F5PK-0001-SM-EVR37	NC_007605_171823nt_Human_gammaherpesvirus_4	171823	1366106	1606	137155	0.798	Cells_EBV-transformed_lymphocytes	53345806	25608.4986324886
GTEX-1F5PK-0001-SM-EVR37	NC_009334_172764nt_Human_herpesvirus_4_type_2	172764	622131	4022	111757	0.647	Cells_EBV-transformed_lymphocytes	53345806	11662.2288919957
GTEX-X4EP-3226-SM-3P5YR	NC_001806_152222nt_Human_alphaherpesvirus_1	152222	1404	0	37652	0.247	Pituitary	47311390	29.6757292482846
GTEX-ZF3C-0001-SM-4WWAW	NC_007605_171823nt_Human_gammaherpesvirus_4	171823	167680	48	130462	0.759	Cells_EBV-transformed_lymphocytes	43627390	3843.45705759616
GTEX-ZF3C-0001-SM-4WWAW	NC_009334_172764nt_Human_herpesvirus_4_type_2	172764	65467	245	93886	0.543	Cells_EBV-transformed_lymphocytes	43627390	1500.59400757185
GTEX-PLZ5-1126-SM-3P613	NC_001806_152222nt_Human_alphaherpesvirus_1	152222	1983	0	44336	0.291	Colon_Transverse	58192515	34.0765474735024
GTEX-Y9LG-0001-SM-4VBRQ	NC_007605_171823nt_Human_gammaherpesvirus_4	171823	239261	192	132976	0.774	Cells_EBV-transformed_lymphocytes	51450810	4650.286360895
GTEX-Y9LG-0001-SM-4VBRQ	NC_009334_172764nt_Human_herpesvirus_4_type_2	172764	90802	645	101702	0.589	Cells_EBV-transformed_lymphocytes	51450810	1764.83130197562
GTEX-TKQ2-0004-SM-3NMAC	NC_007605_171823nt_Human_gammaherpesvirus_4	171823	316458	300	131646	0.766	Cells_EBV-transformed_lymphocytes	65111079	4860.2788474754
GTEX-TKQ2-0004-SM-3NMAC	NC_009334_172764nt_Human_herpesvirus_4_type_2	172764	146126	786	102181	0.591	Cells_EBV-transformed_lymphocytes	65111079	2244.25707950562
GTEX-XLM4-0004-SM-4AT5I	NC_007605_171823nt_Human_gammaherpesvirus_4	171823	309260	1731	136045	0.792	Cells_EBV-transformed_lymphocytes	41875805	7385.17146118146
GTEX-XLM4-0004-SM-4AT5I	NC_009334_172764nt_Human_herpesvirus_4_type_2	172764	226344	3139	122913	0.711	Cells_EBV-transformed_lymphocytes	41875805	5405.12594325052
GTEX-PLZ6-0826-SM-3P61K	NC_001806_152222nt_Human_alphaherpesvirus_1	152222	3235	0	56263	0.37	Stomach	63807785	50.6991427456697
GTEX-NPJ7-0011-R10A-SM-2I3E5	NC_001669_5243nt_Macaca_mulatta_polyomavirus_1	5243	1226	10	657	0.125	Brain_Frontal_Cortex_BA9	48293406	25.3864885818987
GTEX-WCDI-0002-SM-3P61U	NC_007605_171823nt_Human_gammaherpesvirus_4	171823	184082	1441	137123	0.798	Cells_EBV-transformed_lymphocytes	61658751	2985.49673832997
GTEX-WCDI-0002-SM-3P61U	NC_009334_172764nt_Human_herpesvirus_4_type_2	172764	84135	499	114571	0.663	Cells_EBV-transformed_lymphocytes	61658751	1364.52650492385
GTEX-WCDI-0002-SM-3P61U	NC_001806_152222nt_Human_alphaherpesvirus_1	152222	2318	0	48798	0.321	Cells_EBV-transformed_lymphocytes	61658751	37.5940148382182
GTEX-X5EB-0004-SM-46MWA	NC_007605_171823nt_Human_gammaherpesvirus_4	171823	112828	86	130822	0.761	Cells_EBV-transformed_lymphocytes	32579972	3463.10917639831
GTEX-X5EB-0004-SM-46MWA	NC_009334_172764nt_Human_herpesvirus_4_type_2	172764	46162	352	93457	0.541	Cells_EBV-transformed_lymphocytes	32579972	1416.88274010794
GTEX-P4PQ-0526-SM-2HMKR	NC_001669_5243nt_Macaca_mulatta_polyomavirus_1	5243	1264	14	687	0.131	Lung	62057483	20.3682124845444
GTEX-NL4W-0011-R8a-SM-2I3G4	NC_001669_5243nt_Macaca_mulatta_polyomavirus_1	5243	1432	12	599	0.114	Brain_Hypothalamus	50117973	28.5725841306471
GTEX-1GZ4H-0004-SM-EYYW1	NC_007605_171823nt_Human_gammaherpesvirus_4	171823	182667	200	131150	0.763	Cells_EBV-transformed_lymphocytes	57335229	3185.94698557845
GTEX-1GZ4H-0004-SM-EYYW1	NC_009334_172764nt_Human_herpesvirus_4_type_2	172764	73132	328	95975	0.556	Cells_EBV-transformed_lymphocytes	57335229	1275.51596593431
GTEX-TMZS-0001-SM-3P61Q	NC_007605_171823nt_Human_gammaherpesvirus_4	171823	181424	359	134547	0.783	Cells_EBV-transformed_lymphocytes	60124383	3017.4779506677
GTEX-TMZS-0001-SM-3P61Q	NC_009334_172764nt_Human_herpesvirus_4_type_2	172764	102762	998	114948	0.665	Cells_EBV-transformed_lymphocytes	60124383	1709.15683242853
GTEX-TMZS-0001-SM-3P61Q	NC_001806_152222nt_Human_alphaherpesvirus_1	152222	1619	0	41593	0.273	Cells_EBV-transformed_lymphocytes	60124383	26.9275112561238
GTEX-PLZ6-1226-SM-3P5ZS	NC_001806_152222nt_Human_alphaherpesvirus_1	152222	2318	0	49702	0.327	Testis	53838317	43.0548376911559
GTEX-S95S-0002-SM-3NM8K	NC_007605_171823nt_Human_gammaherpesvirus_4	171823	284791	148	131963	0.768	Cells_EBV-transformed_lymphocytes	64786617	4395.83070065227
GTEX-S95S-0002-SM-3NM8K	NC_009334_172764nt_Human_herpesvirus_4_type_2	172764	128553	520	102573	0.594	Cells_EBV-transformed_lymphocytes	64786617	1984.25239583045
GTEX-X4EP-0011-R10B-SM-4QASJ	NC_001806_152222nt_Human_alphaherpesvirus_1	152222	82326	496	129662	0.852	Brain_Frontal_Cortex_BA9	39017077	2109.99916780029
GTEX-WHSE-3126-SM-3P5ZI	NC_001806_152222nt_Human_alphaherpesvirus_1	152222	1621	0	40792	0.268	Pituitary	55810118	29.0449126088571
GTEX-WFON-0001-SM-3P61W	NC_007605_171823nt_Human_gammaherpesvirus_4	171823	200817	205	130964	0.762	Cells_EBV-transformed_lymphocytes	64625285	3107.40602536608
GTEX-WFON-0001-SM-3P61W	NC_009334_172764nt_Human_herpesvirus_4_type_2	172764	75108	295	96673	0.56	Cells_EBV-transformed_lymphocytes	64625285	1162.20764055431
GTEX-WFON-0001-SM-3P61W	NC_001806_152222nt_Human_alphaherpesvirus_1	152222	2401	5	49601	0.326	Cells_EBV-transformed_lymphocytes	64625285	37.1526407968646
GTEX-1HBPN-0002-SM-EYYW2	NC_007605_171823nt_Human_gammaherpesvirus_4	171823	127459	142	130270	0.758	Cells_EBV-transformed_lymphocytes	38371080	3321.74648198591
GTEX-1HBPN-0002-SM-EYYW2	NC_009334_172764nt_Human_herpesvirus_4_type_2	172764	52757	645	95304	0.552	Cells_EBV-transformed_lymphocytes	38371080	1374.91569171366
GTEX-P78B-1126-SM-3P615	NC_001806_152222nt_Human_alphaherpesvirus_1	152222	1855	0	40501	0.266	Esophagus_Muscularis	64268263	28.8633909399418
GTEX-XXEK-0004-SM-4BRWO	NC_007605_171823nt_Human_gammaherpesvirus_4	171823	197718	429	130458	0.759	Cells_EBV-transformed_lymphocytes	45037343	4390.09024133595
GTEX-XXEK-0004-SM-4BRWO	NC_009334_172764nt_Human_herpesvirus_4_type_2	172764	66954	610	96853	0.561	Cells_EBV-transformed_lymphocytes	45037343	1486.63299253688
GTEX-1J8JJ-0001-SM-EAZDE	NC_007605_171823nt_Human_gammaherpesvirus_4	171823	146950	142	130701	0.761	Cells_EBV-transformed_lymphocytes	58342383	2518.7521051377
GTEX-1J8JJ-0001-SM-EAZDE	NC_009334_172764nt_Human_herpesvirus_4_type_2	172764	50867	553	94626	0.548	Cells_EBV-transformed_lymphocytes	58342383	871.870454794416
GTEX-VJYA-0001-SM-3NMDJ	NC_007605_171823nt_Human_gammaherpesvirus_4	171823	159329	270	132255	0.77	Cells_EBV-transformed_lymphocytes	62185377	2562.16184071699
GTEX-VJYA-0001-SM-3NMDJ	NC_009334_172764nt_Human_herpesvirus_4_type_2	172764	58136	55	103545	0.599	Cells_EBV-transformed_lymphocytes	62185377	934.882166912006
GTEX-X3Y1-0426-SM-3P5Z4	NC_001806_152222nt_Human_alphaherpesvirus_1	152222	1725	0	41682	0.274	Heart_Left_Ventricle	52996843	32.5491086327538
GTEX-1211K-0001-SM-5S2P9	NC_007605_171823nt_Human_gammaherpesvirus_4	171823	142200	115	128138	0.746	Cells_EBV-transformed_lymphocytes	29863094	4761.73031501692
GTEX-1211K-0001-SM-5S2P9	NC_009334_172764nt_Human_herpesvirus_4_type_2	172764	51818	120	88562	0.513	Cells_EBV-transformed_lymphocytes	29863094	1735.18524235968
GTEX-WHSE-0011-R11A-SM-3P5YY	NC_001806_152222nt_Human_alphaherpesvirus_1	152222	2060	0	47153	0.31	Brain_Cerebellar_Hemisphere	66332332	31.0557451832087
GTEX-ZPIC-0002-SM-4WWEC	NC_007605_171823nt_Human_gammaherpesvirus_4	171823	211438	291	131776	0.767	Cells_EBV-transformed_lymphocytes	52917252	3995.63454277633
GTEX-ZPIC-0002-SM-4WWEC	NC_009334_172764nt_Human_herpesvirus_4_type_2	172764	74126	428	100352	0.581	Cells_EBV-transformed_lymphocytes	52917252	1400.79080448093
GTEX-1HCU9-0004-SM-EYYW6	NC_007605_171823nt_Human_gammaherpesvirus_4	171823	66272	58	125953	0.733	Cells_EBV-transformed_lymphocytes	48675422	1361.50848368608
GTEX-1HCU9-0004-SM-EYYW6	NC_009334_172764nt_Human_herpesvirus_4_type_2	172764	21994	64	83178	0.481	Cells_EBV-transformed_lymphocytes	48675422	451.850217138333
GTEX-11P7K-0003-SM-5S2OU	NC_007605_171823nt_Human_gammaherpesvirus_4	171823	113725	35	127707	0.743	Cells_EBV-transformed_lymphocytes	34192888	3325.98404674095
GTEX-11P7K-0003-SM-5S2OU	NC_009334_172764nt_Human_herpesvirus_4_type_2	172764	43636	141	90338	0.523	Cells_EBV-transformed_lymphocytes	34192888	1276.17181678248
GTEX-U3ZN-0002-SM-3NMDF	NC_007605_171823nt_Human_gammaherpesvirus_4	171823	311104	230	132874	0.773	Cells_EBV-transformed_lymphocytes	65926906	4718.92310553752
GTEX-U3ZN-0002-SM-3NMDF	NC_009334_172764nt_Human_herpesvirus_4_type_2	172764	130926	147	102914	0.596	Cells_EBV-transformed_lymphocytes	65926906	1985.92665640945
GTEX-1H1ZS-0001-SM-EYYVX	NC_007605_171823nt_Human_gammaherpesvirus_4	171823	167011	215	132278	0.77	Cells_EBV-transformed_lymphocytes	52165701	3201.54808233096
GTEX-1H1ZS-0001-SM-EYYVX	NC_009334_172764nt_Human_herpesvirus_4_type_2	172764	52493	245	99274	0.575	Cells_EBV-transformed_lymphocytes	52165701	1006.27421837962
GTEX-NL3H-0011-R7a-SM-2I3G5	NC_001669_5243nt_Macaca_mulatta_polyomavirus_1	5243	1568	67	599	0.114	Brain_Putamen_basal_ganglia	76916484	20.3857472216229
GTEX-V1D1-0826-SM-3P5ZA	NC_001806_152222nt_Human_alphaherpesvirus_1	152222	1784	20	41438	0.272	Lung	60087452	29.6900590825519
GTEX-NPJ7-0011-R4a-SM-2I3GJ	NC_001669_5243nt_Macaca_mulatta_polyomavirus_1	5243	1208	24	597	0.114	Brain_Amygdala	54364880	22.2202274703816
GTEX-POMQ-0626-SM-3P61E	NC_001806_152222nt_Human_alphaherpesvirus_1	152222	6417	22	74651	0.49	Esophagus_Muscularis	49681211	129.163518175916
GTEX-UTHO-3126-SM-3P5ZB	NC_001806_152222nt_Human_alphaherpesvirus_1	152222	1210	0	32680	0.215	Pituitary	53826970	22.4794373526877
GTEX-ZV7C-0003-SM-4YCF6	NC_007605_171823nt_Human_gammaherpesvirus_4	171823	181352	362	129030	0.751	Cells_EBV-transformed_lymphocytes	47576172	3811.82412069639
GTEX-ZV7C-0003-SM-4YCF6	NC_009334_172764nt_Human_herpesvirus_4_type_2	172764	52445	210	92797	0.537	Cells_EBV-transformed_lymphocytes	47576172	1102.3375314853
GTEX-U3ZM-0002-SM-3NMDM	NC_007605_171823nt_Human_gammaherpesvirus_4	171823	172097	228	129920	0.756	Cells_EBV-transformed_lymphocytes	60750775	2832.83628891977
GTEX-U3ZM-0002-SM-3NMDM	NC_009334_172764nt_Human_herpesvirus_4_type_2	172764	63364	231	94657	0.548	Cells_EBV-transformed_lymphocytes	60750775	1043.0155006253
GTEX-Q734-0006-SM-2I3FJ	NC_001669_5243nt_Macaca_mulatta_polyomavirus_1	5243	1378	31	597	0.114	Whole_Blood	45333775	30.3967626785989
GTEX-WHSB-0002-SM-4M1ZR	NC_007605_171823nt_Human_gammaherpesvirus_4	171823	245237	172	132168	0.769	Cells_EBV-transformed_lymphocytes	43120574	5687.23876449326
GTEX-WHSB-0002-SM-4M1ZR	NC_009334_172764nt_Human_herpesvirus_4_type_2	172764	95961	248	102178	0.591	Cells_EBV-transformed_lymphocytes	43120574	2225.41100682009
GTEX-SN8G-0001-SM-3NM8L	NC_007605_171823nt_Human_gammaherpesvirus_4	171823	120582	226	121860	0.709	Cells_EBV-transformed_lymphocytes	66143046	1823.04879034449
GTEX-SN8G-0001-SM-3NM8L	NC_009334_172764nt_Human_herpesvirus_4_type_2	172764	31469	72	76331	0.442	Cells_EBV-transformed_lymphocytes	66143046	475.771859675165
GTEX-N7MT-1326-SM-2I3FV	NC_001669_5243nt_Macaca_mulatta_polyomavirus_1	5243	1593	22	599	0.114	Heart_Left_Ventricle	44403911	35.8752182887674
GTEX-N7MT-1326-SM-2I3FV	NC_001405_35937nt_Human_mastadenovirus_C	35937	964	905	1979	0.055	Heart_Left_Ventricle	44403911	21.7097993913194
GTEX-P78B-1326-SM-3P611	NC_001806_152222nt_Human_alphaherpesvirus_1	152222	1320	0	34446	0.226	Liver	60563423	21.7953334638962
GTEX-YF7O-0004-SM-4W1ZT	NC_007605_171823nt_Human_gammaherpesvirus_4	171823	337793	386	135969	0.791	Cells_EBV-transformed_lymphocytes	72487579	4660.01216567048
GTEX-YF7O-0004-SM-4W1ZT	NC_009334_172764nt_Human_herpesvirus_4_type_2	172764	213101	1528	115479	0.668	Cells_EBV-transformed_lymphocytes	72487579	2939.82780139477
GTEX-VUSH-0004-SM-3P61T	NC_007605_171823nt_Human_gammaherpesvirus_4	171823	86750	149	127498	0.742	Cells_EBV-transformed_lymphocytes	60754571	1427.87610170106
GTEX-VUSH-0004-SM-3P61T	NC_009334_172764nt_Human_herpesvirus_4_type_2	172764	32217	159	90348	0.523	Cells_EBV-transformed_lymphocytes	60754571	530.281087821359
GTEX-VUSH-0004-SM-3P61T	NC_001806_152222nt_Human_alphaherpesvirus_1	152222	2259	0	49242	0.323	Cells_EBV-transformed_lymphocytes	60754571	37.1823874783018
GTEX-1GN2E-0001-SM-EYYVU	NC_007605_171823nt_Human_gammaherpesvirus_4	171823	224826	141	131565	0.766	Cells_EBV-transformed_lymphocytes	50899733	4417.03692237443
GTEX-1GN2E-0001-SM-EYYVU	NC_009334_172764nt_Human_herpesvirus_4_type_2	172764	90355	1135	97321	0.563	Cells_EBV-transformed_lymphocytes	50899733	1775.15665946617
GTEX-NL3H-0011-R4a-SM-2I3GK	NC_001669_5243nt_Macaca_mulatta_polyomavirus_1	5243	1330	14	682	0.13	Brain_Amygdala	46673323	28.4959354618912
GTEX-X4EO-0004-SM-4QARM	NC_007605_171823nt_Human_gammaherpesvirus_4	171823	83308	141	127216	0.74	Cells_EBV-transformed_lymphocytes	33757054	2467.86938220379
GTEX-X4EO-0004-SM-4QARM	NC_009334_172764nt_Human_herpesvirus_4_type_2	172764	24267	148	84420	0.489	Cells_EBV-transformed_lymphocytes	33757054	718.87197265496
GTEX-PLZ5-0326-SM-3P614	NC_001806_152222nt_Human_alphaherpesvirus_1	152222	1464	0	39555	0.26	Adrenal_Gland	58904399	24.8538313751406
GTEX-WEY5-0001-SM-3P61Z	NC_007605_171823nt_Human_gammaherpesvirus_4	171823	319979	233	133754	0.778	Cells_EBV-transformed_lymphocytes	67934141	4710.13536477925
GTEX-WEY5-0001-SM-3P61Z	NC_009334_172764nt_Human_herpesvirus_4_type_2	172764	127911	821	102272	0.592	Cells_EBV-transformed_lymphocytes	67934141	1882.86770270636
GTEX-WEY5-0001-SM-3P61Z	NC_001806_152222nt_Human_alphaherpesvirus_1	152222	2502	0	50583	0.332	Cells_EBV-transformed_lymphocytes	67934141	36.8297878381946
GTEX-1R9JW-0226-SM-EVR4K	NC_007605_171823nt_Human_gammaherpesvirus_4	171823	1954	0	48197	0.281	Thyroid	29559149	66.104744761089
GTEX-1R9JW-0226-SM-EVR4K	NC_009334_172764nt_Human_herpesvirus_4_type_2	172764	664	21	23293	0.135	Thyroid	29559149	22.4634342483946
GTEX-PLZ6-0926-SM-3P5ZQ	NC_001806_152222nt_Human_alphaherpesvirus_1	152222	1582	0	38484	0.253	Colon_Transverse	64631502	24.4772278385237
GTEX-X3Y1-0226-SM-3P5Z5	NC_001806_152222nt_Human_alphaherpesvirus_1	152222	2722	0	52936	0.348	Heart_Atrial_Appendage	59582930	45.6842253309799
GTEX-1GMR2-0001-SM-EYYWA	NC_007605_171823nt_Human_gammaherpesvirus_4	171823	201282	402	132198	0.769	Cells_EBV-transformed_lymphocytes	58663110	3431.1511953594
GTEX-1GMR2-0001-SM-EYYWA	NC_009334_172764nt_Human_herpesvirus_4_type_2	172764	67944	947	98199	0.568	Cells_EBV-transformed_lymphocytes	58663110	1158.20657991027
GTEX-YEC3-0002-SM-4W1YI	NC_007605_171823nt_Human_gammaherpesvirus_4	171823	135331	130	118758	0.691	Cells_EBV-transformed_lymphocytes	66362099	2039.28148806746
GTEX-YEC3-0002-SM-4W1YI	NC_009334_172764nt_Human_herpesvirus_4_type_2	172764	47094	108	79233	0.459	Cells_EBV-transformed_lymphocytes	66362099	709.652056062904
GTEX-VJYA-0005-SM-3P5ZD	NC_001806_152222nt_Human_alphaherpesvirus_1	152222	2046	5	46833	0.308	Whole_Blood	57125880	35.8156408268897
GTEX-X638-0003-SM-47JZ1	NC_007605_171823nt_Human_gammaherpesvirus_4	171823	519170	2379	140291	0.816	Cells_EBV-transformed_lymphocytes	42017311	12356.0977045866
GTEX-X638-0003-SM-47JZ1	NC_009334_172764nt_Human_herpesvirus_4_type_2	172764	474722	2447	127479	0.738	Cells_EBV-transformed_lymphocytes	42017311	11298.2480006871
GTEX-X4EP-0526-SM-3P5YW	NC_001806_152222nt_Human_alphaherpesvirus_1	152222	1751	5	41490	0.273	Lung	56667361	30.8996213887567
GTEX-QCQG-0326-SM-2I3ES	NC_001669_5243nt_Macaca_mulatta_polyomavirus_1	5243	1021	0	596	0.114	Lung	47270461	21.5991123928324
GTEX-X4EP-0726-SM-3P5YJ	NC_001806_152222nt_Human_alphaherpesvirus_1	152222	1502	6	37827	0.248	Nerve_Tibial	73437724	20.4527035723493
GTEX-PLZ6-0626-SM-3P61B	NC_001806_152222nt_Human_alphaherpesvirus_1	152222	2228	10	47240	0.31	Esophagus_Muscularis	61934811	35.9733074829275
GTEX-1IKOH-0001-SM-EAZDF	NC_007605_171823nt_Human_gammaherpesvirus_4	171823	241914	528	135468	0.788	Cells_EBV-transformed_lymphocytes	52242901	4630.56215044413
GTEX-1IKOH-0001-SM-EAZDF	NC_009334_172764nt_Human_herpesvirus_4_type_2	172764	94417	689	106927	0.619	Cells_EBV-transformed_lymphocytes	52242901	1807.26946997067
GTEX-SSA3-0002-SM-3P61R	NC_007605_171823nt_Human_gammaherpesvirus_4	171823	281908	289	132926	0.774	Cells_EBV-transformed_lymphocytes	62496809	4510.75830127583
GTEX-SSA3-0002-SM-3P61R	NC_009334_172764nt_Human_herpesvirus_4_type_2	172764	118049	558	105836	0.613	Cells_EBV-transformed_lymphocytes	62496809	1888.88043867968
GTEX-SSA3-0002-SM-3P61R	NC_001806_152222nt_Human_alphaherpesvirus_1	152222	10635	35	91063	0.598	Cells_EBV-transformed_lymphocytes	62496809	170.168688132541
GTEX-12696-0002-SM-5SI6U	NC_007605_171823nt_Human_gammaherpesvirus_4	171823	102392	56	128851	0.75	Cells_EBV-transformed_lymphocytes	45814703	2234.91572126965
GTEX-12696-0002-SM-5SI6U	NC_009334_172764nt_Human_herpesvirus_4_type_2	172764	39063	87	91068	0.527	Cells_EBV-transformed_lymphocytes	45814703	852.630213492817
GTEX-X3Y1-0726-SM-3P5YU	NC_001806_152222nt_Human_alphaherpesvirus_1	152222	1452	0	37996	0.25	Pancreas	51546665	28.1686506779828
GTEX-ZXES-0004-SM-57WCW	NC_007605_171823nt_Human_gammaherpesvirus_4	171823	177507	141	129804	0.755	Cells_EBV-transformed_lymphocytes	33879939	5239.29514749126
GTEX-ZXES-0004-SM-57WCW	NC_009334_172764nt_Human_herpesvirus_4_type_2	172764	71214	560	94549	0.547	Cells_EBV-transformed_lymphocytes	33879939	2101.95183645401
GTEX-1EWIQ-0001-SM-EVR3B	NC_007605_171823nt_Human_gammaherpesvirus_4	171823	796391	784	135546	0.789	Cells_EBV-transformed_lymphocytes	74039932	10756.2362428966
GTEX-1EWIQ-0001-SM-EVR3B	NC_009334_172764nt_Human_herpesvirus_4_type_2	172764	366916	2346	108864	0.63	Cells_EBV-transformed_lymphocytes	74039932	4955.65014835508
GTEX-ZQUD-0003-SM-4YCD3	NC_007605_171823nt_Human_gammaherpesvirus_4	171823	285935	115	133110	0.775	Cells_EBV-transformed_lymphocytes	45440190	6292.55731545137
GTEX-ZQUD-0003-SM-4YCD3	NC_009334_172764nt_Human_herpesvirus_4_type_2	172764	116271	451	99265	0.575	Cells_EBV-transformed_lymphocytes	45440190	2558.77011077639
GTEX-12WSL-0002-SM-664MF	NC_007605_171823nt_Human_gammaherpesvirus_4	171823	231495	86	132249	0.77	Cells_EBV-transformed_lymphocytes	62762835	3688.40891269491
GTEX-12WSL-0002-SM-664MF	NC_009334_172764nt_Human_herpesvirus_4_type_2	172764	96504	208	99216	0.574	Cells_EBV-transformed_lymphocytes	62762835	1537.59784751597
GTEX-ZEX8-0004-SM-4WKFQ	NC_007605_171823nt_Human_gammaherpesvirus_4	171823	147350	164	130104	0.757	Cells_EBV-transformed_lymphocytes	46635262	3159.62629308269
GTEX-ZEX8-0004-SM-4WKFQ	NC_009334_172764nt_Human_herpesvirus_4_type_2	172764	56820	406	93496	0.541	Cells_EBV-transformed_lymphocytes	46635262	1218.39135373572
GTEX-1H1ZS-0126-SM-9YFKQ	NC_006273_235646nt_Human_betaherpesvirus_5	235646	885	0	21567	0.092	Breast_Mammary_Tissue	28072330	31.5257052050899
GTEX-WHSE-0011-R7A-SM-3P5YZ	NC_001806_152222nt_Human_alphaherpesvirus_1	152222	2289	0	49540	0.325	Brain_Putamen_basal_ganglia	61760665	37.0624247650183
GTEX-XUYS-0002-SM-47JXL	NC_007605_171823nt_Human_gammaherpesvirus_4	171823	138344	234	128044	0.745	Cells_EBV-transformed_lymphocytes	43469347	3182.56448618839
GTEX-XUYS-0002-SM-47JXL	NC_009334_172764nt_Human_herpesvirus_4_type_2	172764	43709	286	89196	0.516	Cells_EBV-transformed_lymphocytes	43469347	1005.51314930036
GTEX-YB5E-0001-SM-4VDSV	NC_007605_171823nt_Human_gammaherpesvirus_4	171823	114159	236	127354	0.741	Cells_EBV-transformed_lymphocytes	61715847	1849.75181495929
GTEX-YB5E-0001-SM-4VDSV	NC_009334_172764nt_Human_herpesvirus_4_type_2	172764	31785	69	86804	0.502	Cells_EBV-transformed_lymphocytes	61715847	515.0216928887
GTEX-ZT9W-0003-SM-4YCE6	NC_007605_171823nt_Human_gammaherpesvirus_4	171823	369254	381	132523	0.771	Cells_EBV-transformed_lymphocytes	51627113	7152.32711153149
GTEX-ZT9W-0003-SM-4YCE6	NC_009334_172764nt_Human_herpesvirus_4_type_2	172764	174684	1571	103550	0.599	Cells_EBV-transformed_lymphocytes	51627113	3383.57095427746
GTEX-1H11D-0001-SM-EYYVW	NC_007605_171823nt_Human_gammaherpesvirus_4	171823	113128	158	129981	0.756	Cells_EBV-transformed_lymphocytes	35980181	3144.17540034054
GTEX-1H11D-0001-SM-EYYVW	NC_009334_172764nt_Human_herpesvirus_4_type_2	172764	35820	221	93352	0.54	Cells_EBV-transformed_lymphocytes	35980181	995.54807687043
GTEX-1GMR3-0004-SM-EVR3D	NC_007605_171823nt_Human_gammaherpesvirus_4	171823	317347	523	134054	0.78	Cells_EBV-transformed_lymphocytes	71323540	4449.40057658383
GTEX-1GMR3-0004-SM-EVR3D	NC_009334_172764nt_Human_herpesvirus_4_type_2	172764	117582	717	103938	0.602	Cells_EBV-transformed_lymphocytes	71323540	1648.57212639754
GTEX-11TT1-0004-SM-5S2NT	NC_007605_171823nt_Human_gammaherpesvirus_4	171823	104871	54	121779	0.709	Cells_EBV-transformed_lymphocytes	34201118	3066.30327113868
GTEX-11TT1-0004-SM-5S2NT	NC_009334_172764nt_Human_herpesvirus_4_type_2	172764	40057	235	82685	0.479	Cells_EBV-transformed_lymphocytes	34201118	1171.21902272318
GTEX-T6MN-0002-SM-3NMAH	NC_007605_171823nt_Human_gammaherpesvirus_4	171823	125387	170	130488	0.759	Cells_EBV-transformed_lymphocytes	65911258	1902.36089864951
GTEX-T6MN-0002-SM-3NMAH	NC_009334_172764nt_Human_herpesvirus_4_type_2	172764	44008	345	94238	0.545	Cells_EBV-transformed_lymphocytes	65911258	667.685632703293
GTEX-VUSG-0003-SM-3NMDK	NC_007605_171823nt_Human_gammaherpesvirus_4	171823	161648	173	129390	0.753	Cells_EBV-transformed_lymphocytes	58453739	2765.40051612438
GTEX-VUSG-0003-SM-3NMDK	NC_009334_172764nt_Human_herpesvirus_4_type_2	172764	63514	152	96489	0.559	Cells_EBV-transformed_lymphocytes	58453739	1086.56864533507
GTEX-WOFM-0001-SM-4OOT2	NC_007605_171823nt_Human_gammaherpesvirus_4	171823	237195	251	133044	0.774	Cells_EBV-transformed_lymphocytes	48457792	4894.87841294956
GTEX-WOFM-0001-SM-4OOT2	NC_009334_172764nt_Human_herpesvirus_4_type_2	172764	94432	1142	100292	0.581	Cells_EBV-transformed_lymphocytes	48457792	1948.74747904321
GTEX-1I1GT-0003-SM-EZ6M8	NC_007605_171823nt_Human_gammaherpesvirus_4	171823	403209	274	134516	0.783	Cells_EBV-transformed_lymphocytes	66879773	6028.86316614741
GTEX-1I1GT-0003-SM-EZ6M8	NC_009334_172764nt_Human_herpesvirus_4_type_2	172764	173281	1533	105039	0.608	Cells_EBV-transformed_lymphocytes	66879773	2590.93283704776
GTEX-1HFI7-0001-SM-EZ6LY	NC_007605_171823nt_Human_gammaherpesvirus_4	171823	206730	294	132042	0.768	Cells_EBV-transformed_lymphocytes	32342426	6391.91382860395
GTEX-1HFI7-0001-SM-EZ6LY	NC_009334_172764nt_Human_herpesvirus_4_type_2	172764	83763	1011	98945	0.573	Cells_EBV-transformed_lymphocytes	32342426	2589.87993046656
GTEX-XGQ4-0004-SM-4AT5S	NC_007605_171823nt_Human_gammaherpesvirus_4	171823	248842	170	131491	0.765	Cells_EBV-transformed_lymphocytes	36206868	6872.78446730051
GTEX-XGQ4-0004-SM-4AT5S	NC_009334_172764nt_Human_herpesvirus_4_type_2	172764	115261	685	99790	0.578	Cells_EBV-transformed_lymphocytes	36206868	3183.40155795856
GTEX-X15G-0001-SM-4PQZV	NC_007605_171823nt_Human_gammaherpesvirus_4	171823	55870	46	122791	0.715	Cells_EBV-transformed_lymphocytes	28623062	1951.92254413591
GTEX-X15G-0001-SM-4PQZV	NC_009334_172764nt_Human_herpesvirus_4_type_2	172764	18349	76	77136	0.446	Cells_EBV-transformed_lymphocytes	28623062	641.056501921423
GTEX-ZPCL-0004-SM-4WWD6	NC_007605_171823nt_Human_gammaherpesvirus_4	171823	690352	447	135562	0.789	Cells_EBV-transformed_lymphocytes	41400436	16674.9934710833
GTEX-ZPCL-0004-SM-4WWD6	NC_009334_172764nt_Human_herpesvirus_4_type_2	172764	323013	1945	109150	0.632	Cells_EBV-transformed_lymphocytes	41400436	7802.1642090919
GTEX-ZF2S-0004-SM-4WKFE	NC_007605_171823nt_Human_gammaherpesvirus_4	171823	171421	137	130942	0.762	Cells_EBV-transformed_lymphocytes	50107899	3421.03746956144
GTEX-ZF2S-0004-SM-4WKFE	NC_009334_172764nt_Human_herpesvirus_4_type_2	172764	64579	354	97436	0.564	Cells_EBV-transformed_lymphocytes	50107899	1288.79879796996
GTEX-TKQ1-0003-SM-3NMAE	NC_007605_171823nt_Human_gammaherpesvirus_4	171823	414167	298	134216	0.781	Cells_EBV-transformed_lymphocytes	71423385	5798.75904789447
GTEX-TKQ1-0003-SM-3NMAE	NC_009334_172764nt_Human_herpesvirus_4_type_2	172764	186096	2064	105956	0.613	Cells_EBV-transformed_lymphocytes	71423385	2605.53318776476
GTEX-ZT9X-0004-SM-4YCDT	NC_007605_171823nt_Human_gammaherpesvirus_4	171823	350795	260	133916	0.779	Cells_EBV-transformed_lymphocytes	50694271	6919.81545606998
GTEX-ZT9X-0004-SM-4YCDT	NC_009334_172764nt_Human_herpesvirus_4_type_2	172764	156652	1638	102927	0.596	Cells_EBV-transformed_lymphocytes	50694271	3090.13221632085
GTEX-WZTO-0001-SM-4PQZY	NC_007605_171823nt_Human_gammaherpesvirus_4	171823	369055	363	135437	0.788	Cells_EBV-transformed_lymphocytes	71656167	5150.35921472049
GTEX-WZTO-0001-SM-4PQZY	NC_009334_172764nt_Human_herpesvirus_4_type_2	172764	148835	1375	103651	0.6	Cells_EBV-transformed_lymphocytes	71656167	2077.07174736265
GTEX-X4EP-0326-SM-3P5Z6	NC_001806_152222nt_Human_alphaherpesvirus_1	152222	2622	0	49900	0.328	Heart_Atrial_Appendage	57403587	45.676588119833
GTEX-TML8-0001-SM-3NMAF	NC_007605_171823nt_Human_gammaherpesvirus_4	171823	194119	159	131100	0.763	Cells_EBV-transformed_lymphocytes	65250150	2974.99699234408
GTEX-TML8-0001-SM-3NMAF	NC_009334_172764nt_Human_herpesvirus_4_type_2	172764	76582	1078	99098	0.574	Cells_EBV-transformed_lymphocytes	65250150	1173.66779999739
GTEX-ZDTS-0001-SM-4WAXW	NC_007605_171823nt_Human_gammaherpesvirus_4	171823	145999	115	133429	0.777	Cells_EBV-transformed_lymphocytes	34721676	4204.83734713728
GTEX-ZDTS-0001-SM-4WAXW	NC_009334_172764nt_Human_herpesvirus_4_type_2	172764	59608	955	101935	0.59	Cells_EBV-transformed_lymphocytes	34721676	1716.73740633949
GTEX-ZTX8-0002-SM-4YCEU	NC_007605_171823nt_Human_gammaherpesvirus_4	171823	246266	260	131435	0.765	Cells_EBV-transformed_lymphocytes	70778672	3479.38147243
GTEX-ZTX8-0002-SM-4YCEU	NC_009334_172764nt_Human_herpesvirus_4_type_2	172764	100178	1202	99394	0.575	Cells_EBV-transformed_lymphocytes	70778672	1415.36987300355
GTEX-YEC4-0002-SM-4W1Z6	NC_007605_171823nt_Human_gammaherpesvirus_4	171823	161148	328	131355	0.764	Cells_EBV-transformed_lymphocytes	71006532	2269.481348561
GTEX-YEC4-0002-SM-4W1Z6	NC_009334_172764nt_Human_herpesvirus_4_type_2	172764	56210	423	96661	0.559	Cells_EBV-transformed_lymphocytes	71006532	791.617312052362
GTEX-P4QS-0526-SM-2I3ET	NC_001669_5243nt_Macaca_mulatta_polyomavirus_1	5243	1230	0	596	0.114	Lung	47230099	26.0427148374176
GTEX-Y5LM-0003-SM-4V6G1	NC_007605_171823nt_Human_gammaherpesvirus_4	171823	333512	91	135114	0.786	Cells_EBV-transformed_lymphocytes	61286445	5441.8558622547
GTEX-Y5LM-0003-SM-4V6G1	NC_009334_172764nt_Human_herpesvirus_4_type_2	172764	137446	572	103991	0.602	Cells_EBV-transformed_lymphocytes	61286445	2242.68188504
GTEX-ZV6S-0003-SM-4YCCT	NC_007605_171823nt_Human_gammaherpesvirus_4	171823	191509	109	130750	0.761	Cells_EBV-transformed_lymphocytes	46626253	4107.32125525935
GTEX-ZV6S-0003-SM-4YCCT	NC_009334_172764nt_Human_herpesvirus_4_type_2	172764	77854	206	97434	0.564	Cells_EBV-transformed_lymphocytes	46626253	1669.74601197313
GTEX-XMK1-0001-SM-4B64F	NC_007605_171823nt_Human_gammaherpesvirus_4	171823	98035	162	128073	0.745	Cells_EBV-transformed_lymphocytes	52220556	1877.32585612455
GTEX-XMK1-0001-SM-4B64F	NC_009334_172764nt_Human_herpesvirus_4_type_2	172764	28685	176	88348	0.511	Cells_EBV-transformed_lymphocytes	52220556	549.30476037061
GTEX-PLZ5-0426-SM-3P612	NC_001806_152222nt_Human_alphaherpesvirus_1	152222	2905	10	54853	0.36	Artery_Aorta	55219155	52.6085558534896
GTEX-ZC5H-0004-SM-4WAXK	NC_007605_171823nt_Human_gammaherpesvirus_4	171823	146573	795	131814	0.767	Cells_EBV-transformed_lymphocytes	37396305	3919.45140034557
GTEX-ZC5H-0004-SM-4WAXK	NC_009334_172764nt_Human_herpesvirus_4_type_2	172764	144970	1228	123374	0.714	Cells_EBV-transformed_lymphocytes	37396305	3876.58620283475
GTEX-1FIGZ-0001-SM-EAZCM	NC_007605_171823nt_Human_gammaherpesvirus_4	171823	209735	377	131770	0.767	Cells_EBV-transformed_lymphocytes	57168275	3668.73060276876
GTEX-1FIGZ-0001-SM-EAZCM	NC_009334_172764nt_Human_herpesvirus_4_type_2	172764	68552	939	98665	0.571	Cells_EBV-transformed_lymphocytes	57168275	1199.12661349324
GTEX-ZQG8-0001-SM-4YCDH	NC_007605_171823nt_Human_gammaherpesvirus_4	171823	471250	334	134670	0.784	Cells_EBV-transformed_lymphocytes	59482746	7922.46544905644
GTEX-ZQG8-0001-SM-4YCDH	NC_009334_172764nt_Human_herpesvirus_4_type_2	172764	201437	975	105464	0.61	Cells_EBV-transformed_lymphocytes	59482746	3386.47781997153
GTEX-1HCUA-0004-SM-EYYW7	NC_007605_171823nt_Human_gammaherpesvirus_4	171823	136847	398	131315	0.764	Cells_EBV-transformed_lymphocytes	48793674	2804.60536749088
GTEX-1HCUA-0004-SM-EYYW7	NC_009334_172764nt_Human_herpesvirus_4_type_2	172764	47918	762	95577	0.553	Cells_EBV-transformed_lymphocytes	48793674	982.053534234786
GTEX-1122O-0003-SM-5Q5DL	NC_007605_171823nt_Human_gammaherpesvirus_4	171823	377420	243	134155	0.781	Cells_EBV-transformed_lymphocytes	54813580	6885.51997515944
GTEX-1122O-0003-SM-5Q5DL	NC_009334_172764nt_Human_herpesvirus_4_type_2	172764	158396	615	103920	0.602	Cells_EBV-transformed_lymphocytes	54813580	2889.72185359905
GTEX-12WSJ-0002-SM-5TDBV	NC_007605_171823nt_Human_gammaherpesvirus_4	171823	163884	106	130412	0.759	Cells_EBV-transformed_lymphocytes	43363012	3779.35001378594
GTEX-12WSJ-0002-SM-5TDBV	NC_009334_172764nt_Human_herpesvirus_4_type_2	172764	65342	327	95443	0.552	Cells_EBV-transformed_lymphocytes	43363012	1506.86027068415
GTEX-1HSMQ-0001-SM-EZ6M5	NC_007605_171823nt_Human_gammaherpesvirus_4	171823	106107	112	130102	0.757	Cells_EBV-transformed_lymphocytes	69541535	1525.80756234386
GTEX-1HSMQ-0001-SM-EZ6M5	NC_009334_172764nt_Human_herpesvirus_4_type_2	172764	34016	255	91082	0.527	Cells_EBV-transformed_lymphocytes	69541535	489.146522290599
GTEX-Q2AI-0006-SM-2I3FG	NC_001669_5243nt_Macaca_mulatta_polyomavirus_1	5243	1310	15	596	0.114	Whole_Blood	48984234	26.7432986703436
GTEX-X4EP-0011-R6A-SM-3P629	NC_001806_152222nt_Human_alphaherpesvirus_1	152222	1189035	5477	137495	0.903	Brain_Nucleus_accumbens_basal_ganglia	63447075	18740.5802395146
GTEX-X4EP-0011-R6A-SM-3P629	NC_001798_154675nt_Human_alphaherpesvirus_2	154675	1803	0	2290	0.015	Brain_Nucleus_accumbens_basal_ganglia	63447075	28.4173856714435
GTEX-Q2AG-0826-SM-2HMKF	NC_001669_5243nt_Macaca_mulatta_polyomavirus_1	5243	1752	51	600	0.114	Thyroid	73404914	23.8676119149189
GTEX-1GF9U-0001-SM-EAZCO	NC_007605_171823nt_Human_gammaherpesvirus_4	171823	278308	456	133831	0.779	Cells_EBV-transformed_lymphocytes	66200426	4204.0212853011
GTEX-1GF9U-0001-SM-EAZCO	NC_009334_172764nt_Human_herpesvirus_4_type_2	172764	112455	1096	100590	0.582	Cells_EBV-transformed_lymphocytes	66200426	1698.70508084042
GTEX-P4PP-1526-SM-3P61M	NC_001806_152222nt_Human_alphaherpesvirus_1	152222	2108	0	47261	0.31	Stomach	67796910	31.0928624918156
GTEX-1EMGI-0001-SM-EAZCK	NC_007605_171823nt_Human_gammaherpesvirus_4	171823	110503	134	128531	0.748	Cells_EBV-transformed_lymphocytes	61195755	1805.729825541
GTEX-1EMGI-0001-SM-EAZCK	NC_009334_172764nt_Human_herpesvirus_4_type_2	172764	40783	287	89639	0.519	Cells_EBV-transformed_lymphocytes	61195755	666.435114657871
GTEX-12WSN-0001-SM-664MG	NC_007605_171823nt_Human_gammaherpesvirus_4	171823	124150	118	129301	0.753	Cells_EBV-transformed_lymphocytes	60613111	2048.23672554936
GTEX-12WSN-0001-SM-664MG	NC_009334_172764nt_Human_herpesvirus_4_type_2	172764	42414	81	91518	0.53	Cells_EBV-transformed_lymphocytes	60613111	699.749597079747
GTEX-1F52S-0001-SM-EVR36	NC_007605_171823nt_Human_gammaherpesvirus_4	171823	744979	805	135847	0.791	Cells_EBV-transformed_lymphocytes	69979097	10645.7361117421
GTEX-1F52S-0001-SM-EVR36	NC_009334_172764nt_Human_herpesvirus_4_type_2	172764	317722	2847	108784	0.63	Cells_EBV-transformed_lymphocytes	69979097	4540.24149525679
GTEX-PLZ5-1526-SM-3P5ZX	NC_001806_152222nt_Human_alphaherpesvirus_1	152222	1869	0	47870	0.314	Testis	67736234	27.5923223012369
GTEX-PLZ6-0526-SM-3P61C	NC_001806_152222nt_Human_alphaherpesvirus_1	152222	1660	0	40962	0.269	Esophagus_Mucosa	57194079	29.0239834091917
GTEX-XYKS-0002-SM-4BRWN	NC_007605_171823nt_Human_gammaherpesvirus_4	171823	146709	164	131716	0.767	Cells_EBV-transformed_lymphocytes	33908868	4326.56731566503
GTEX-XYKS-0002-SM-4BRWN	NC_009334_172764nt_Human_herpesvirus_4_type_2	172764	56325	624	95423	0.552	Cells_EBV-transformed_lymphocytes	33908868	1661.06990065254
GTEX-X88G-0226-SM-4GIE4	NC_006273_235646nt_Human_betaherpesvirus_5	235646	4200	0	92362	0.392	Adipose_Subcutaneous	39829789	105.448713273374
GTEX-X4EP-0011-R1A-SM-3P624	NC_001806_152222nt_Human_alphaherpesvirus_1	152222	7262751	76834	144382	0.948	Brain_Hippocampus	59285683	122504.298381786
GTEX-X4EP-0011-R1A-SM-3P624	NC_001798_154675nt_Human_alphaherpesvirus_2	154675	15905	0	7587	0.049	Brain_Hippocampus	59285683	268.277250006549
GTEX-P4PP-2526-SM-3P61P	NC_001806_152222nt_Human_alphaherpesvirus_1	152222	4090	13	61898	0.407	Vagina	60757119	67.3172143004345
GTEX-U3ZH-0002-SM-3NMDD	NC_007605_171823nt_Human_gammaherpesvirus_4	171823	139471	96	129528	0.754	Cells_EBV-transformed_lymphocytes	57832831	2411.62325254318
GTEX-U3ZH-0002-SM-3NMDD	NC_009334_172764nt_Human_herpesvirus_4_type_2	172764	57270	179	95732	0.554	Cells_EBV-transformed_lymphocytes	57832831	990.267967341941
GTEX-1399R-0002-SM-62LD9	NC_007605_171823nt_Human_gammaherpesvirus_4	171823	258244	134	132928	0.774	Cells_EBV-transformed_lymphocytes	56259692	4590.21354045095
GTEX-1399R-0002-SM-62LD9	NC_009334_172764nt_Human_herpesvirus_4_type_2	172764	101067	236	99778	0.578	Cells_EBV-transformed_lymphocytes	56259692	1796.43713655596
GTEX-X3Y1-2426-SM-3P5Z7	NC_001806_152222nt_Human_alphaherpesvirus_1	152222	3547	0	59510	0.391	Nerve_Tibial	59796655	59.3176992927113
GTEX-PLZ6-1126-SM-3P5ZR	NC_001806_152222nt_Human_alphaherpesvirus_1	152222	2732	5	53498	0.351	Prostate	54618760	50.0194438687367
GTEX-ZLWG-0004-SM-4WWD5	NC_007605_171823nt_Human_gammaherpesvirus_4	171823	274917	150	131648	0.766	Cells_EBV-transformed_lymphocytes	36594384	7512.54618741499
GTEX-ZLWG-0004-SM-4WWD5	NC_009334_172764nt_Human_herpesvirus_4_type_2	172764	124160	665	99208	0.574	Cells_EBV-transformed_lymphocytes	36594384	3392.87033769991
GTEX-ZVZP-0004-SM-51MS8	NC_007605_171823nt_Human_gammaherpesvirus_4	171823	140453	112	130513	0.76	Cells_EBV-transformed_lymphocytes	64907842	2163.88337175037
GTEX-ZVZP-0004-SM-51MS8	NC_009334_172764nt_Human_herpesvirus_4_type_2	172764	51085	445	93262	0.54	Cells_EBV-transformed_lymphocytes	64907842	787.038952858732
GTEX-N7MT-0011-R4a-SM-2I3G9	NC_001669_5243nt_Macaca_mulatta_polyomavirus_1	5243	1456	12	599	0.114	Brain_Amygdala	45163430	32.2384725872238
GTEX-ZVTK-0003-SM-51MRV	NC_007605_171823nt_Human_gammaherpesvirus_4	171823	241359	181	132238	0.77	Cells_EBV-transformed_lymphocytes	60550523	3986.0762226612
GTEX-ZVTK-0003-SM-51MRV	NC_009334_172764nt_Human_herpesvirus_4_type_2	172764	99569	724	99906	0.578	Cells_EBV-transformed_lymphocytes	60550523	1644.39537541236
GTEX-ZPU1-0004-SM-4WWAV	NC_007605_171823nt_Human_gammaherpesvirus_4	171823	168285	172	130750	0.761	Cells_EBV-transformed_lymphocytes	54789797	3071.46602496082
GTEX-ZPU1-0004-SM-4WWAV	NC_009334_172764nt_Human_herpesvirus_4_type_2	172764	56894	208	94171	0.545	Cells_EBV-transformed_lymphocytes	54789797	1038.40501544476
GTEX-X4EP-0011-R4B-SM-3P627	NC_001806_152222nt_Human_alphaherpesvirus_1	152222	9628161	129197	145789	0.958	Brain_Amygdala	59318962	162311.690484402
GTEX-X4EP-0011-R4B-SM-3P627	NC_001798_154675nt_Human_alphaherpesvirus_2	154675	21183	0	8458	0.055	Brain_Amygdala	59318962	357.103349178632
GTEX-WHSE-0011-R6A-SM-3P5ZP	NC_001806_152222nt_Human_alphaherpesvirus_1	152222	3198	16	57832	0.38	Brain_Nucleus_accumbens_basal_ganglia	61699408	51.8319397813347
GTEX-V955-0004-SM-3NMDH	NC_007605_171823nt_Human_gammaherpesvirus_4	171823	344362	383	132459	0.771	Cells_EBV-transformed_lymphocytes	64893109	5306.60351008918
GTEX-V955-0004-SM-3NMDH	NC_009334_172764nt_Human_herpesvirus_4_type_2	172764	133608	590	102360	0.592	Cells_EBV-transformed_lymphocytes	64893109	2058.89349514754
GTEX-PWCY-2326-SM-2I3EQ	NC_001669_5243nt_Macaca_mulatta_polyomavirus_1	5243	1008	0	593	0.113	Thyroid	48138116	20.939747621199
GTEX-NPJ7-2826-SM-2I3FU	NC_001669_5243nt_Macaca_mulatta_polyomavirus_1	5243	1386	18	683	0.13	Brain_Cerebellum	55040562	25.1814289250898
GTEX-ZUA1-0002-SM-4YCF7	NC_007605_171823nt_Human_gammaherpesvirus_4	171823	145360	88	129968	0.756	Cells_EBV-transformed_lymphocytes	44693328	3252.38702295788
GTEX-ZUA1-0002-SM-4YCF7	NC_009334_172764nt_Human_herpesvirus_4_type_2	172764	58420	427	93114	0.539	Cells_EBV-transformed_lymphocytes	44693328	1307.13022758117
GTEX-WHPG-0004-SM-3NMDO	NC_007605_171823nt_Human_gammaherpesvirus_4	171823	165144	192	129406	0.753	Cells_EBV-transformed_lymphocytes	61671819	2677.78707808181
GTEX-WHPG-0004-SM-3NMDO	NC_009334_172764nt_Human_herpesvirus_4_type_2	172764	49851	207	95740	0.554	Cells_EBV-transformed_lymphocytes	61671819	808.327057776584
GTEX-1H3NZ-0001-SM-EYYVZ	NC_007605_171823nt_Human_gammaherpesvirus_4	171823	133514	112	130115	0.757	Cells_EBV-transformed_lymphocytes	57222541	2333.24137073885
GTEX-1H3NZ-0001-SM-EYYVZ	NC_009334_172764nt_Human_herpesvirus_4_type_2	172764	49341	384	94162	0.545	Cells_EBV-transformed_lymphocytes	57222541	862.265099342583
GTEX-YB5K-0003-SM-4VDSN	NC_007605_171823nt_Human_gammaherpesvirus_4	171823	231947	201	133044	0.774	Cells_EBV-transformed_lymphocytes	53109057	4367.37184017408
GTEX-YB5K-0003-SM-4VDSN	NC_009334_172764nt_Human_herpesvirus_4_type_2	172764	89166	707	100689	0.583	Cells_EBV-transformed_lymphocytes	53109057	1678.92267414953
GTEX-WHSE-3026-SM-3P5ZH	NC_001806_152222nt_Human_alphaherpesvirus_1	152222	1200	0	31975	0.21	Brain_Cortex	54904014	21.856325477405
GTEX-X4EO-0006-SM-3P5ZF	NC_001806_152222nt_Human_alphaherpesvirus_1	152222	2130	5	49056	0.322	Whole_Blood	52677597	40.4346462500938
GTEX-X4EP-0004-SM-4PQZX	NC_007605_171823nt_Human_gammaherpesvirus_4	171823	759810	814	135993	0.791	Cells_EBV-transformed_lymphocytes	84421116	9000.23638635623
GTEX-X4EP-0004-SM-4PQZX	NC_009334_172764nt_Human_herpesvirus_4_type_2	172764	341916	3518	108615	0.629	Cells_EBV-transformed_lymphocytes	84421116	4050.12414192677
GTEX-N7MS-2326-SM-2HMLD	NC_001669_5243nt_Macaca_mulatta_polyomavirus_1	5243	1903	217	696	0.133	Thyroid	80820067	23.5461324227806
GTEX-11ZTT-0002-SM-5S2PA	NC_007605_171823nt_Human_gammaherpesvirus_4	171823	79986	19	122808	0.715	Cells_EBV-transformed_lymphocytes	29666836	2696.14191415627
GTEX-11ZTT-0002-SM-5S2PA	NC_009334_172764nt_Human_herpesvirus_4_type_2	172764	30882	83	81522	0.472	Cells_EBV-transformed_lymphocytes	29666836	1040.96035047351
GTEX-11OC5-0004-SM-5S2O6	NC_007605_171823nt_Human_gammaherpesvirus_4	171823	202156	50	127941	0.745	Cells_EBV-transformed_lymphocytes	32312219	6256.33293708488
GTEX-11OC5-0004-SM-5S2O6	NC_009334_172764nt_Human_herpesvirus_4_type_2	172764	91180	404	92350	0.535	Cells_EBV-transformed_lymphocytes	32312219	2821.84272147945
GTEX-X4XX-0011-R1B-SM-3P622	NC_001806_152222nt_Human_alphaherpesvirus_1	152222	2006	8	45250	0.297	Brain_Hippocampus	67923722	29.5331283524186
GTEX-P78B-1926-SM-3P616	NC_001806_152222nt_Human_alphaherpesvirus_1	152222	1480	0	41149	0.27	Ovary	62287369	23.7608366473145
GTEX-P4PP-2026-SM-3P61N	NC_001806_152222nt_Human_alphaherpesvirus_1	152222	2639	12	53160	0.349	Uterus	72036525	36.6341935566714
GTEX-13111-0002-SM-5TDBU	NC_007605_171823nt_Human_gammaherpesvirus_4	171823	221804	73	132066	0.769	Cells_EBV-transformed_lymphocytes	47800201	4640.23153375443
GTEX-13111-0002-SM-5TDBU	NC_009334_172764nt_Human_herpesvirus_4_type_2	172764	92910	292	98851	0.572	Cells_EBV-transformed_lymphocytes	47800201	1943.7156760073
GTEX-PLZ4-2826-SM-3P617	NC_001806_152222nt_Human_alphaherpesvirus_1	152222	1662	7	39226	0.258	Ovary	58495043	28.4126639585512
GTEX-WHSE-0011-R3A-SM-3P5ZM	NC_001806_152222nt_Human_alphaherpesvirus_1	152222	1816	0	44626	0.293	Brain_Anterior_cingulate_cortex_BA24	59147414	30.7029483994009
GTEX-YFCO-0003-SM-4W21I	NC_007605_171823nt_Human_gammaherpesvirus_4	171823	101625	64	101980	0.594	Cells_EBV-transformed_lymphocytes	79661410	1275.71179069012
GTEX-YFCO-0003-SM-4W21I	NC_009334_172764nt_Human_herpesvirus_4_type_2	172764	26217	55	62144	0.36	Cells_EBV-transformed_lymphocytes	79661410	329.10539745656
GTEX-ZP4G-0003-SM-4WWED	NC_007605_171823nt_Human_gammaherpesvirus_4	171823	116088	114	119474	0.695	Cells_EBV-transformed_lymphocytes	61410245	1890.36861846098
GTEX-ZP4G-0003-SM-4WWED	NC_009334_172764nt_Human_herpesvirus_4_type_2	172764	39124	140	78603	0.455	Cells_EBV-transformed_lymphocytes	61410245	637.092393948274
GTEX-P78B-2526-SM-3P5ZY	NC_001806_152222nt_Human_alphaherpesvirus_1	152222	3390	6	60232	0.396	Uterus	53512753	63.3493851456306
GTEX-1QP2A-1226-SM-EVR3I	NC_007605_171823nt_Human_gammaherpesvirus_4	171823	2223	0	54347	0.316	Lung	61648529	36.0592545525296
GTEX-X3Y1-0001-SM-4PQYP	NC_007605_171823nt_Human_gammaherpesvirus_4	171823	57704	223	124746	0.726	Cells_EBV-transformed_lymphocytes	27531349	2095.9379796464
GTEX-X3Y1-0001-SM-4PQYP	NC_009334_172764nt_Human_herpesvirus_4_type_2	172764	35393	321	106911	0.619	Cells_EBV-transformed_lymphocytes	27531349	1285.55269848927
GTEX-X4XX-0011-R2A-SM-3P623	NC_001806_152222nt_Human_alphaherpesvirus_1	152222	1816	0	43130	0.283	Brain_Substantia_nigra	61421961	29.5659723400886
GTEX-1HKZK-0001-SM-EZ6M1	NC_007605_171823nt_Human_gammaherpesvirus_4	171823	261754	181	132502	0.771	Cells_EBV-transformed_lymphocytes	62979070	4156.20618087882
GTEX-1HKZK-0001-SM-EZ6M1	NC_009334_172764nt_Human_herpesvirus_4_type_2	172764	103094	561	100017	0.579	Cells_EBV-transformed_lymphocytes	62979070	1636.95653174936
GTEX-POMQ-0826-SM-3P61H	NC_001806_152222nt_Human_alphaherpesvirus_1	152222	2292	0	48498	0.319	Stomach	58857338	38.9416184605563
GTEX-X4EP-0005-SM-3P5ZE	NC_001806_152222nt_Human_alphaherpesvirus_1	152222	2398	0	49099	0.323	Whole_Blood	68779247	34.8651679771952
GTEX-1GMRU-0003-SM-EYYW5	NC_007605_171823nt_Human_gammaherpesvirus_4	171823	185452	83	130560	0.76	Cells_EBV-transformed_lymphocytes	47321669	3918.96574907364
GTEX-1GMRU-0003-SM-EYYW5	NC_009334_172764nt_Human_herpesvirus_4_type_2	172764	82674	378	94995	0.55	Cells_EBV-transformed_lymphocytes	47321669	1747.06433114183
GTEX-14A5H-0626-SM-5TDCO	NC_007605_171823nt_Human_gammaherpesvirus_4	171823	1276	0	41637	0.242	Testis	47100554	27.0909764670709
GTEX-UTHO-2926-SM-3P5Z9	NC_001806_152222nt_Human_alphaherpesvirus_1	152222	1471	0	39247	0.258	Brain_Cerebellum	65784689	22.3608262402821
GTEX-P4QS-0326-SM-2I3EU	NC_001669_5243nt_Macaca_mulatta_polyomavirus_1	5243	1134	17	596	0.114	Heart_Left_Ventricle	49442771	22.9356077150288
GTEX-X4EO-0326-SM-3P5YO	NC_001806_152222nt_Human_alphaherpesvirus_1	152222	3250	14	57380	0.377	Skin_Sun_Exposed_Lower_leg	56605456	57.4149601409447
GTEX-NPJ7-2726-SM-2I3FT	NC_001669_5243nt_Macaca_mulatta_polyomavirus_1	5243	1408	12	596	0.114	Brain_Cortex	45780084	30.7557321214177
GTEX-PLZ6-0726-SM-3P619	NC_001806_152222nt_Human_alphaherpesvirus_1	152222	2776	7	55783	0.366	Pancreas	66011973	42.0529772682298
GTEX-1JMQK-1126-SM-CXZJW	NC_007605_171823nt_Human_gammaherpesvirus_4	171823	3317	5	29696	0.173	Spleen	43350955	76.5150387113733
GTEX-1JMQK-1126-SM-CXZJW	NC_009334_172764nt_Human_herpesvirus_4_type_2	172764	2041	5	27285	0.158	Spleen	43350955	47.0808543894823
GTEX-11EM3-0001-SM-5Q5BD	NC_007605_171823nt_Human_gammaherpesvirus_4	171823	115412	97	129660	0.755	Cells_EBV-transformed_lymphocytes	33727514	3421.89465846786
GTEX-11EM3-0001-SM-5Q5BD	NC_009334_172764nt_Human_herpesvirus_4_type_2	172764	44519	122	93194	0.539	Cells_EBV-transformed_lymphocytes	33727514	1319.96090788073
GTEX-RUSQ-0003-SM-2XCEB	NC_007605_171823nt_Human_gammaherpesvirus_4	171823	53707	44	113501	0.661	Cells_EBV-transformed_lymphocytes	50625410	1060.87042060499
GTEX-RUSQ-0003-SM-2XCEB	NC_009334_172764nt_Human_herpesvirus_4_type_2	172764	13819	23	68142	0.394	Cells_EBV-transformed_lymphocytes	50625410	272.965690549469
GTEX-11VI4-0001-SM-5S2OI	NC_007605_171823nt_Human_gammaherpesvirus_4	171823	399038	335	133118	0.775	Cells_EBV-transformed_lymphocytes	32627045	12230.2831899119
GTEX-11VI4-0001-SM-5S2OI	NC_009334_172764nt_Human_herpesvirus_4_type_2	172764	175461	925	102774	0.595	Cells_EBV-transformed_lymphocytes	32627045	5377.77785269858
GTEX-1KXAM-1626-SM-D3LAD	HPV80	7427	8655	167	5483	0.738	Skin_Not_Sun_Exposed_Suprapubic	45433397	190.498632536766
GTEX-1KXAM-1626-SM-D3LAD	HPV15	7413	8846	12	4996	0.674	Skin_Not_Sun_Exposed_Suprapubic	45433397	194.702588494539
GTEX-NL3H-0011-R3a-SM-2I3GL	NC_001669_5243nt_Macaca_mulatta_polyomavirus_1	5243	1654	30	596	0.114	Brain_Anterior_cingulate_cortex_BA24	59548920	27.7754827459507
GTEX-POMQ-1226-SM-3P61F	NC_001806_152222nt_Human_alphaherpesvirus_1	152222	1676	0	42368	0.278	Uterus	59352214	28.2382052335908
GTEX-N7MT-0011-R2a-SM-2I3GI	NC_001669_5243nt_Macaca_mulatta_polyomavirus_1	5243	2124	58	687	0.131	Brain_Substantia_nigra	38401715	55.3100297734099
GTEX-N7MT-0011-R2a-SM-2I3GI	NC_001405_35937nt_Human_mastadenovirus_C	35937	1491	649	1981	0.055	Brain_Substantia_nigra	38401715	38.8263909567581
GTEX-SUCS-0002-SM-3NMAJ	NC_007605_171823nt_Human_gammaherpesvirus_4	171823	472586	280	133044	0.774	Cells_EBV-transformed_lymphocytes	70171100	6734.76687696217
GTEX-SUCS-0002-SM-3NMAJ	NC_009334_172764nt_Human_herpesvirus_4_type_2	172764	219861	1408	105378	0.61	Cells_EBV-transformed_lymphocytes	70171100	3133.21296089131
GTEX-X4EP-0011-R3A-SM-3P626	NC_001806_152222nt_Human_alphaherpesvirus_1	152222	8923809	116785	145261	0.954	Brain_Anterior_cingulate_cortex_BA24	56278313	158565.680531327
GTEX-X4EP-0011-R3A-SM-3P626	NC_001798_154675nt_Human_alphaherpesvirus_2	154675	23273	0	8165	0.053	Brain_Anterior_cingulate_cortex_BA24	56278313	413.534073062922
GTEX-WXYG-0004-SM-4MVOS	NC_007605_171823nt_Human_gammaherpesvirus_4	171823	95065	251	123693	0.72	Cells_EBV-transformed_lymphocytes	45771252	2076.95869887938
GTEX-WXYG-0004-SM-4MVOS	NC_009334_172764nt_Human_herpesvirus_4_type_2	172764	23579	228	79193	0.458	Cells_EBV-transformed_lymphocytes	45771252	515.148678913131
GTEX-OOBJ-2626-SM-2I3F6	NC_001669_5243nt_Macaca_mulatta_polyomavirus_1	5243	1622	54	596	0.114	Thyroid	44664433	36.3152488692737
GTEX-ZTPG-0002-SM-4YCEI	NC_007605_171823nt_Human_gammaherpesvirus_4	171823	197413	211	132882	0.773	Cells_EBV-transformed_lymphocytes	49216716	4011.096555081
GTEX-ZTPG-0002-SM-4YCEI	NC_009334_172764nt_Human_herpesvirus_4_type_2	172764	79855	847	103898	0.601	Cells_EBV-transformed_lymphocytes	49216716	1622.51784535969
GTEX-X585-0002-SM-46MVA	NC_007605_171823nt_Human_gammaherpesvirus_4	171823	124115	138	130588	0.76	Cells_EBV-transformed_lymphocytes	39427591	3147.92247895642
GTEX-X585-0002-SM-46MVA	NC_009334_172764nt_Human_herpesvirus_4_type_2	172764	49210	766	94061	0.544	Cells_EBV-transformed_lymphocytes	39427591	1248.11074559437
GTEX-1F75I-0001-SM-EVR3C	NC_007605_171823nt_Human_gammaherpesvirus_4	171823	882919	1000	137270	0.799	Cells_EBV-transformed_lymphocytes	65989777	13379.6330301283
GTEX-1F75I-0001-SM-EVR3C	NC_009334_172764nt_Human_herpesvirus_4_type_2	172764	380913	3484	111583	0.646	Cells_EBV-transformed_lymphocytes	65989777	5772.3031856889
GTEX-P78B-1826-SM-3P5YX	NC_001806_152222nt_Human_alphaherpesvirus_1	152222	6319	12	73633	0.484	Stomach	54737623	115.441622300625
GTEX-1GTWX-0003-SM-EYYVV	NC_007605_171823nt_Human_gammaherpesvirus_4	171823	118433	215	131103	0.763	Cells_EBV-transformed_lymphocytes	35430734	3342.66289826228
GTEX-1GTWX-0003-SM-EYYVV	NC_009334_172764nt_Human_herpesvirus_4_type_2	172764	40792	511	93683	0.542	Cells_EBV-transformed_lymphocytes	35430734	1151.31682002411
GTEX-U3ZG-0001-SM-47JYF	NC_007605_171823nt_Human_gammaherpesvirus_4	171823	429070	2194	138940	0.809	Cells_EBV-transformed_lymphocytes	41872137	10247.1483602568
GTEX-U3ZG-0001-SM-47JYF	NC_009334_172764nt_Human_herpesvirus_4_type_2	172764	404334	3958	129127	0.747	Cells_EBV-transformed_lymphocytes	41872137	9656.39752277272
GTEX-X4EP-0626-SM-3P621	NC_001806_152222nt_Human_alphaherpesvirus_1	152222	2526	0	49396	0.324	Skin_Not_Sun_Exposed_Suprapubic	57609002	43.8473140013778
GTEX-1HC8U-0001-SM-EYYW3	NC_007605_171823nt_Human_gammaherpesvirus_4	171823	300450	347	133970	0.78	Cells_EBV-transformed_lymphocytes	49089412	6120.46442927448
GTEX-1HC8U-0001-SM-EYYW3	NC_009334_172764nt_Human_herpesvirus_4_type_2	172764	126112	1347	101541	0.588	Cells_EBV-transformed_lymphocytes	49089412	2569.0264939413
GTEX-UPK5-0003-SM-3NMDI	NC_007605_171823nt_Human_gammaherpesvirus_4	171823	674806	1224	138328	0.805	Cells_EBV-transformed_lymphocytes	56110237	12026.4328949457
GTEX-UPK5-0003-SM-3NMDI	NC_009334_172764nt_Human_herpesvirus_4_type_2	172764	473182	1762	128658	0.745	Cells_EBV-transformed_lymphocytes	56110237	8433.07790697801
GTEX-W5WG-0002-SM-3NMDN	NC_007605_171823nt_Human_gammaherpesvirus_4	171823	126168	118	129626	0.754	Cells_EBV-transformed_lymphocytes	55847948	2259.13403299974
GTEX-W5WG-0002-SM-3NMDN	NC_009334_172764nt_Human_herpesvirus_4_type_2	172764	47918	127	94293	0.546	Cells_EBV-transformed_lymphocytes	55847948	858.008247679933
GTEX-XPT6-0426-SM-4B672	NC_007605_171823nt_Human_gammaherpesvirus_4	171823	33687	12	119860	0.698	Artery_Coronary	59038181	570.596848165088
GTEX-XPT6-0426-SM-4B672	NC_009334_172764nt_Human_herpesvirus_4_type_2	172764	13177	66	76795	0.445	Artery_Coronary	59038181	223.194545915973
GTEX-WHSE-0011-R1A-SM-3P5ZK	NC_001806_152222nt_Human_alphaherpesvirus_1	152222	2965	0	53520	0.352	Brain_Hippocampus	71051028	41.7305714422598
GTEX-WRHK-0001-SM-4WWDD	NC_007605_171823nt_Human_gammaherpesvirus_4	171823	109297	140	128840	0.75	Cells_EBV-transformed_lymphocytes	61057491	1790.06700422721
GTEX-WRHK-0001-SM-4WWDD	NC_009334_172764nt_Human_herpesvirus_4_type_2	172764	35925	65	92821	0.537	Cells_EBV-transformed_lymphocytes	61057491	588.379892649045
GTEX-1EU9M-0001-SM-EVR3A	NC_007605_171823nt_Human_gammaherpesvirus_4	171823	397418	556	133558	0.777	Cells_EBV-transformed_lymphocytes	81836014	4856.27269187378
GTEX-1EU9M-0001-SM-EVR3A	NC_009334_172764nt_Human_herpesvirus_4_type_2	172764	145579	706	103369	0.598	Cells_EBV-transformed_lymphocytes	81836014	1778.91117717439
GTEX-XPT6-0001-SM-4B64G	NC_007605_171823nt_Human_gammaherpesvirus_4	171823	235400	142	132154	0.769	Cells_EBV-transformed_lymphocytes	39870177	5904.16240188751
GTEX-XPT6-0001-SM-4B64G	NC_009334_172764nt_Human_herpesvirus_4_type_2	172764	98229	933	99246	0.574	Cells_EBV-transformed_lymphocytes	39870177	2463.72119190742
GTEX-ZF29-0002-SM-4WKF2	NC_007605_171823nt_Human_gammaherpesvirus_4	171823	467657	555	140335	0.817	Cells_EBV-transformed_lymphocytes	63325780	7384.9386458406
GTEX-ZF29-0002-SM-4WKF2	NC_009334_172764nt_Human_herpesvirus_4_type_2	172764	232303	2117	115789	0.67	Cells_EBV-transformed_lymphocytes	63325780	3668.37960779954
GTEX-12ZZW-0926-SM-5LZUD	NC_006273_235646nt_Human_betaherpesvirus_5	235646	1388	11	33179	0.141	Lung	39631029	35.0230623585373
GTEX-WH7G-0002-SM-4LVN9	NC_007605_171823nt_Human_gammaherpesvirus_4	171823	304295	260	137923	0.803	Cells_EBV-transformed_lymphocytes	32301796	9420.37402502325
GTEX-WH7G-0002-SM-4LVN9	NC_009334_172764nt_Human_herpesvirus_4_type_2	172764	142000	1025	113620	0.658	Cells_EBV-transformed_lymphocytes	32301796	4396.04039354344
GTEX-X3Y1-0006-SM-3P5ZG	NC_001806_152222nt_Human_alphaherpesvirus_1	152222	1495	0	37663	0.247	Whole_Blood	57713324	25.9038969926598
GTEX-PLZ4-1626-SM-3P618	NC_001806_152222nt_Human_alphaherpesvirus_1	152222	1820	0	41487	0.273	Esophagus_Mucosa	57402203	31.7061001996735
GTEX-12BJ1-0003-SM-5SI6V	NC_007605_171823nt_Human_gammaherpesvirus_4	171823	475790	305	133627	0.778	Cells_EBV-transformed_lymphocytes	46209404	10296.3890207283
GTEX-12BJ1-0003-SM-5SI6V	NC_009334_172764nt_Human_herpesvirus_4_type_2	172764	218929	1258	104367	0.604	Cells_EBV-transformed_lymphocytes	46209404	4737.7585739907
GTEX-1HSGN-0003-SM-EZ6M3	NC_007605_171823nt_Human_gammaherpesvirus_4	171823	228375	266	132509	0.771	Cells_EBV-transformed_lymphocytes	68521135	3332.91326829306
GTEX-1HSGN-0003-SM-EZ6M3	NC_009334_172764nt_Human_herpesvirus_4_type_2	172764	92904	1222	99554	0.576	Cells_EBV-transformed_lymphocytes	68521135	1355.84444128078
GTEX-WHWD-0003-SM-4M1ZS	NC_007605_171823nt_Human_gammaherpesvirus_4	171823	120371	99	130510	0.76	Cells_EBV-transformed_lymphocytes	27674708	4349.49485284542
GTEX-WHWD-0003-SM-4M1ZS	NC_009334_172764nt_Human_herpesvirus_4_type_2	172764	46731	371	96765	0.56	Cells_EBV-transformed_lymphocytes	27674708	1688.58150192587
GTEX-PLZ6-0326-SM-3P61J	NC_001806_152222nt_Human_alphaherpesvirus_1	152222	2505	0	49917	0.328	Artery_Aorta	56391042	44.4219491457526
GTEX-ZTTD-0001-SM-4YCD5	NC_007605_171823nt_Human_gammaherpesvirus_4	171823	277804	181	137701	0.801	Cells_EBV-transformed_lymphocytes	53228289	5219.10445026704
GTEX-ZTTD-0001-SM-4YCD5	NC_009334_172764nt_Human_herpesvirus_4_type_2	172764	135453	590	119893	0.694	Cells_EBV-transformed_lymphocytes	53228289	2544.75585341471
GTEX-X3Y1-2026-SM-3P5YM	NC_001806_152222nt_Human_alphaherpesvirus_1	152222	1792	0	41318	0.271	Skin_Not_Sun_Exposed_Suprapubic	56468396	31.7345652956036
