Chromosome	hotspot_coord	hotspot	hotspot_sample_counts	proj_label	viruses	insert_genes	insert_gene_count
chr21	8416277	chr21:8416277	96	CCLE,GTEx,GTEx,GTEx,GTEx,GTEx,NATGEN2015,TCGA^CESC,TCGA^HNSC,TCGA^LIHC	NC_001501_8332nt_Moloney_murine_leukemia_virus,NC_001806_152222nt_Human_alphaherpesvirus_1,NC_001702_8135nt_Murine_type_C_retrovirus,Eppstein-Barr,NC_007815_8197nt_PreXMRV_1,HPV31,HPV16,HPV58,HPV11,NC_001436_8507nt_Human_T_cell_leukemia_virus_type_I,NC_006430_15246nt_Mammalian_orthorubulavirus_5,HPV33,HBV,HPV18,NC_009333_137969nt_Human_gammaherpesvirus_8,NC_001669_5243nt_Macaca_mulatta_polyomavirus_1,HPV59	CH507-528H12.1	37
chr14	105762583	chr14:105762583	40	GTEx,GTEx,NATGEN2015,TCGA^CESC,TCGA^HNSC	Eppstein-Barr,NC_001806_152222nt_Human_alphaherpesvirus_1,HPV16,HPV35	IGH-@-ext;IGH@-ext	39
chr5	1270209	chr5:1270209	34	CCLE,GTEx,NATGEN2015,TCGA^CESC,TCGA^LIHC,TCGA^UCEC	HBV,NC_001806_152222nt_Human_alphaherpesvirus_1,NC_001501_8332nt_Moloney_murine_leukemia_virus,HPV16,NC_001669_5243nt_Macaca_mulatta_polyomavirus_1,HPV11,HPV33	TERT~MIR4457	18
chr8	127758723	chr8:127758723	33	CCLE,NATGEN2015,TCGA^CESC,TCGA^HNSC	HPV16,HPV18,HPV35	MYC~PVT1_1	17
chr7	5529022	chr7:5529022	31	CCLE,GTEx,GTEx,GTEx,GTEx,GTEx,NATGEN2015,TCGA^CESC	Eppstein-Barr,NC_001702_8135nt_Murine_type_C_retrovirus,NC_001806_152222nt_Human_alphaherpesvirus_1,NC_000858_9028nt_Simian_T_lymphotropic_virus_1,NC_001436_8507nt_Human_T_cell_leukemia_virus_type_I,NC_001501_8332nt_Moloney_murine_leukemia_virus,HPV16,HPV73	ACTB	28
chr13	73438875	chr13:73438875	28	CCLE,NATGEN2015,TCGA^CESC,TCGA^HNSC,TCGA^LIHC	HPV18,HPV16,HPV45,HBV,HPV59	RNY1P8~RP11-309J13.1	13
chr12	128814235	chr12:128814235	26	GTEx,NATGEN2015	Eppstein-Barr,HPV16	SLC15A4;RP11-21K12.2	25
chr3	60564448	chr3:60564448	26	NATGEN2015	HPV16	FHIT	26
chr8	127328122	chr8:127328122	24	CCLE,NATGEN2015,TCGA^CESC,TCGA^KIRC	HPV18,HPV16,HPV45	CCAT1~RP11-382A18.3	15
chr1	143227666	chr1:143227666	24	NATGEN2015,TCGA^CESC	HPV18,HPV11,HPV16,HPV58,HPV33	RP11-344P13.1~CH17-333M13.2	24
chr12	6594547	chr12:6594547	17	CCLE,GTEx,GTEx,GTEx,GTEx,NATGEN2015,TCGA^CESC	HPV16,NC_001702_8135nt_Murine_type_C_retrovirus,NC_001806_152222nt_Human_alphaherpesvirus_1,Eppstein-Barr,NC_001501_8332nt_Moloney_murine_leukemia_virus,NC_001436_8507nt_Human_T_cell_leukemia_virus_type_I	GAPDH;RP5-940J5.9	8
chr12	124900846	chr12:124900846	17	CCLE,GTEx,GTEx,GTEx,GTEx,GTEx,TCGA^CESC	NC_001806_152222nt_Human_alphaherpesvirus_1,NC_001702_8135nt_Murine_type_C_retrovirus,NC_007815_8197nt_PreXMRV_1,HPV16,NC_006430_15246nt_Mammalian_orthorubulavirus_5,Eppstein-Barr,HPV73	UBC	16
chr12	65682592	chr12:65682592	16	CCLE,NATGEN2015	HPV16,NC_001501_8332nt_Moloney_murine_leukemia_virus	RP11-221N13.4~RPSAP52	13
chr6	31317050	chr6:31317050	16	CCLE,GTEx,GTEx,GTEx,GTEx,GTEx,NATGEN2015	NC_001806_152222nt_Human_alphaherpesvirus_1,Eppstein-Barr,NC_001436_8507nt_Human_T_cell_leukemia_virus_type_I,NC_001702_8135nt_Murine_type_C_retrovirus,HPV16	HLA-C	8
chr21	9001088	chr21:9001088	15	CCLE,GTEx,GTEx,GTEx,GTEx,NATGEN2015,TCGA^CESC,TCGA^HNSC	NC_001702_8135nt_Murine_type_C_retrovirus,NC_006430_15246nt_Mammalian_orthorubulavirus_5,HPV16,HPV11,NC_001806_152222nt_Human_alphaherpesvirus_1,NC_000858_9028nt_Simian_T_lymphotropic_virus_1	MIR3687-1~bP-2171C21.3	11
chr16	46392438	chr16:46392438	15	NATGEN2015,TCGA^CESC	HPV11,HPV16,HPV33,HPV58	PPP1R1AP2~ANKRD26P1	15
chr19	35684790	chr19:35684790	15	NATGEN2015,TCGA^CESC,TCGA^LIHC	HBV,HPV58,HPV16	KMT2B	11
chr19	1145000	chr19:1145000	13	CCLE,GTEx,GTEx,NATGEN2015,TCGA^CESC	HPV16,NC_001702_8135nt_Murine_type_C_retrovirus,NC_001806_152222nt_Human_alphaherpesvirus_1,NC_001501_8332nt_Moloney_murine_leukemia_virus,NC_007815_8197nt_PreXMRV_1	STK11;C19orf26	3
chr9	133060415	chr9:133060415	13	CCLE,GTEx,GTEx,GTEx,NATGEN2015	NC_001702_8135nt_Murine_type_C_retrovirus,NC_001806_152222nt_Human_alphaherpesvirus_1,NC_001436_8507nt_Human_T_cell_leukemia_virus_type_I,HPV16,Eppstein-Barr,NC_001501_8332nt_Moloney_murine_leukemia_virus,NC_007815_8197nt_PreXMRV_1,HPV33	EEF1A1P5	7
chr17	81691468	chr17:81691468	12	CCLE,GTEx,GTEx,GTEx,NATGEN2015,TCGA^HNSC	Eppstein-Barr,NC_001702_8135nt_Murine_type_C_retrovirus,HPV16,NC_001501_8332nt_Moloney_murine_leukemia_virus,NC_001806_152222nt_Human_alphaherpesvirus_1	ACTG1	6
chr19	2203371	chr19:2203371	12	CCLE,GTEx,NATGEN2015,TCGA^CESC	Eppstein-Barr,HPV16,NC_006430_15246nt_Mammalian_orthorubulavirus_5,NC_001702_8135nt_Murine_type_C_retrovirus,NC_007815_8197nt_PreXMRV_1	OAZ1	5
chr1	125168386	chr1:125168386	12	NATGEN2015,TCGA^CESC	HPV16,HPV18,HPV11,HPV33,HPV58	RP11-344P13.1~CH17-333M13.2	12
chr3	93470575	chr3:93470575	12	NATGEN2015,TCGA^CESC	HPV33,HPV16,HPV58,HPV18,HPV11	HSPE1P19~RNU6-488P	12
chr17	16408331	chr17:16408331	11	CCLE,GTEx,GTEx,GTEx,GTEx,NATGEN2015	NC_001806_152222nt_Human_alphaherpesvirus_1,HPV16,NC_001436_8507nt_Human_T_cell_leukemia_virus_type_I,NC_001702_8135nt_Murine_type_C_retrovirus,NC_006430_15246nt_Mammalian_orthorubulavirus_5,HPV11	UBB;RP11-138I1.4	7
chr17	41594092	chr17:41594092	11	CCLE,NATGEN2015,TCGA^CESC,TCGA^HNSC	HPV58,NC_001702_8135nt_Murine_type_C_retrovirus,HPV70,HPV16,HPV33,HPV31,NC_001501_8332nt_Moloney_murine_leukemia_virus	KRT13	3
chr3	195621481	chr3:195621481	11	GTEx,NATGEN2015	HPV11,HPV16,Eppstein-Barr	AC069213.1	8
chr14	68479839	chr14:68479839	11	TCGA^CESC,TCGA^HNSC	HPV16,HPV31,HPV52,HPV18,HPV68	RAD51B	11
chr17	39727157	chr17:39727157	11	TCGA^CESC,TCGA^HNSC	HPV16	ERBB2	7
chr1	3660908	chr1:3660908	10	CCLE,NATGEN2015,TCGA^CESC	HPV18,HPV33,HPV16,NC_001501_8332nt_Moloney_murine_leukemia_virus	RP5-1092A11.5;TP73	6
chr16	29979838	chr16:29979838	10	CCLE,GTEx,GTEx,NATGEN2015	Eppstein-Barr,NC_001806_152222nt_Human_alphaherpesvirus_1,HPV16,HPV33,NC_001702_8135nt_Murine_type_C_retrovirus,NC_001501_8332nt_Moloney_murine_leukemia_virus	ALDOA	5
chr3	181274419	chr3:181274419	10	CCLE,GTEx,GTEx,GTEx,GTEx,NATGEN2015	HPV16,NC_001806_152222nt_Human_alphaherpesvirus_1,NC_001702_8135nt_Murine_type_C_retrovirus,NC_009333_137969nt_Human_gammaherpesvirus_8	SOX2-OT	10
chr5	150405625	chr5:150405625	10	CCLE,GTEx,NATGEN2015	Eppstein-Barr,NC_001436_8507nt_Human_T_cell_leukemia_virus_type_I,NC_001501_8332nt_Moloney_murine_leukemia_virus,HPV16	CD74	7
chr7	22538089	chr7:22538089	10	CCLE,GTEx,GTEx,NATGEN2015,TCGA^LIHC	NC_001702_8135nt_Murine_type_C_retrovirus,NC_006430_15246nt_Mammalian_orthorubulavirus_5,HPV16,HBV,NC_001806_152222nt_Human_alphaherpesvirus_1,Eppstein-Barr	EEF1A1P6;STEAP1B	6
chr16	67750124	chr16:67750124	9	CCLE,GTEx,GTEx,GTEx,NATGEN2015,TCGA^CESC	HPV16,HPV11,NC_001806_152222nt_Human_alphaherpesvirus_1,NC_001501_8332nt_Moloney_murine_leukemia_virus	TSNAXIP1	3
chr19	522868	chr19:522868	9	CCLE,GTEx,NATGEN2015,TCGA^CESC	NC_001806_152222nt_Human_alphaherpesvirus_1,NC_001501_8332nt_Moloney_murine_leukemia_virus,NC_001702_8135nt_Murine_type_C_retrovirus,HPV16,HPV33	BSG	3
chr19	44810060	chr19:44810060	9	GTEx,NATGEN2015,TCGA^CESC,TCGA^HNSC,TCGA^LIHC	HBV,HPV16,NC_001806_152222nt_Human_alphaherpesvirus_1	APOE	3
chr22	11862774	chr22:11862774	9	NATGEN2015,TCGA^CESC,TCGA^HNSC	HPV16,HPV33,HPV11	CU459202.1~AC116618.1	9
chr3	189920864	chr3:189920864	9	NATGEN2015,TCGA^CESC	HPV16,HPV59	MIR944~MTAPP2	6
chr4	73521613	chr4:73521613	9	NATGEN2015,TCGA^CESC,TCGA^LIHC	HPV16,HPV18,HPV59,HBV	ALB	4
chr12	52472298	chr12:52472298	8	CCLE,TCGA^CESC,TCGA^HNSC	HPV33,NC_001702_8135nt_Murine_type_C_retrovirus,NC_007815_8197nt_PreXMRV_1,HPV52,NC_001501_8332nt_Moloney_murine_leukemia_virus	KRT5	6
chr16	89434521	chr16:89434521	8	CCLE,GTEx,GTEx,NATGEN2015	HPV16,Eppstein-Barr,NC_001702_8135nt_Murine_type_C_retrovirus,NC_001806_152222nt_Human_alphaherpesvirus_1,HPV11,HPV33	ANKRD11	3
chr19	3978586	chr19:3978586	8	CCLE,GTEx,GTEx,NATGEN2015	NC_001436_8507nt_Human_T_cell_leukemia_virus_type_I,Eppstein-Barr,NC_001702_8135nt_Murine_type_C_retrovirus,HPV16,NC_001806_152222nt_Human_alphaherpesvirus_1	EEF2	8
chr19	55358316	chr19:55358316	8	CCLE,GTEx,NATGEN2015	Eppstein-Barr,HPV16,NC_001702_8135nt_Murine_type_C_retrovirus	RPL28	7
chr22	23851758	chr22:23851758	8	CCLE,GTEx,NATGEN2015	Eppstein-Barr,NC_001501_8332nt_Moloney_murine_leukemia_virus,HPV16	MIF;MIF-AS1	7
chr6	29914214	chr6:29914214	8	CCLE,GTEx,GTEx,GTEx,GTEx,TCGA^CESC	HPV31,NC_001806_152222nt_Human_alphaherpesvirus_1,NC_001501_8332nt_Moloney_murine_leukemia_virus,NC_001436_8507nt_Human_T_cell_leukemia_virus_type_I,Eppstein-Barr,HPV16	HLA-A	8
chrY	1362550	chrY:1362550	8	CCLE,GTEx,GTEx,NATGEN2015,TCGA^CESC	HPV16,NC_001806_152222nt_Human_alphaherpesvirus_1,NC_001702_8135nt_Murine_type_C_retrovirus,Eppstein-Barr,HPV33	P2RY8	3
chr14	106237989	chr14:106237989	8	GTEx	Eppstein-Barr	IGH-@-ext;IGH@-ext	8
chr16	56736004	chr16:56736004	8	GTEx,NATGEN2015,TCGA^LIHC	HPV16,HPV11,HPV33,HBV,NC_001806_152222nt_Human_alphaherpesvirus_1	MT1A;NUP93	3
chr2	88877991	chr2:88877991	8	GTEx,NATGEN2015,TCGA^HNSC	HPV33,Eppstein-Barr,HPV16	AC096579.13	5
chr1	113760310	chr1:113760310	8	NATGEN2015,TCGA^CESC	HPV16,HPV58	RSBN1	7
chr20	14975634	chr20:14975634	8	NATGEN2015,TCGA^CESC	HPV18,HPV16,HPV45	MACROD2	8
chr5	102175951	chr5:102175951	8	NATGEN2015,TCGA^CESC,TCGA^HNSC	HPV16,HPV58	CTD-2333K2.1~SLCO4C1	6
chr1	1169577	chr1:1169577	7	CCLE,GTEx,GTEx,GTEx,NATGEN2015,TCGA^CESC	HPV16,HPV18,NC_001806_152222nt_Human_alphaherpesvirus_1,NC_001702_8135nt_Murine_type_C_retrovirus	ISG15	3
chr11	65425617	chr11:65425617	7	CCLE,GTEx,NATGEN2015	HPV58,HPV11,HPV16,NC_001806_152222nt_Human_alphaherpesvirus_1,NC_001702_8135nt_Murine_type_C_retrovirus,NC_007815_8197nt_PreXMRV_1	NEAT1	3
chr16	173659	chr16:173659	7	CCLE,GTEx,GTEx,GTEx,GTEx,TCGA^CESC,TCGA^LIHC	NC_001806_152222nt_Human_alphaherpesvirus_1,NC_001501_8332nt_Moloney_murine_leukemia_virus,Eppstein-Barr,HPV16,HBV	HBA1	3
chr17	22208240	chr17:22208240	7	CCLE,GTEx,GTEx,NATGEN2015	HPV58,HPV11,NC_007815_8197nt_PreXMRV_1,NC_001702_8135nt_Murine_type_C_retrovirus,Eppstein-Barr,NC_001806_152222nt_Human_alphaherpesvirus_1	UBBP4	5
chr19	12818899	chr19:12818899	7	CCLE,GTEx,TCGA^CESC	NC_001702_8135nt_Murine_type_C_retrovirus,HPV51,Eppstein-Barr,NC_001501_8332nt_Moloney_murine_leukemia_virus	CTD-2192J16.15	3
chr9	137206284	chr9:137206284	7	CCLE,GTEx,NATGEN2015,TCGA^CESC	HPV16,Eppstein-Barr,NC_001702_8135nt_Murine_type_C_retrovirus,HPV33	ANAPC2	2
chr17	17218604	chr17:17218604	7	GTEx,GTEx,NATGEN2015,TCGA^CESC,TCGA^LIHC	HPV16,NC_001806_152222nt_Human_alphaherpesvirus_1,Eppstein-Barr,HBV	MPRIP	2
chr18	79663877	chr18:79663877	7	GTEx,NATGEN2015	Eppstein-Barr,HPV11,HPV16,HPV33,HPV58	NFATC1	3
chr22	50013744	chr22:50013744	7	GTEx,NATGEN2015,TCGA^CESC	Eppstein-Barr,HPV16	PIM3	4
chr11	120782968	chr11:120782968	7	NATGEN2015,TCGA^CESC	HPV16,HPV11	GRIK4	7
chr17	59785440	chr17:59785440	7	NATGEN2015,TCGA^CESC	HPV16,HPV18,HPV45	VMP1	4
chr18	63460009	chr18:63460009	7	NATGEN2015,TCGA^CESC,TCGA^HNSC	HPV16,HPV45	RP11-28F1.2~KDSR	4
chr2	215377195	chr2:215377195	7	NATGEN2015,TCGA^LIHC	HBV,HPV16,HPV18	FN1	6
chr4	49653049	chr4:49653049	7	NATGEN2015,TCGA^CESC	HPV16,HPV11	AC119751.4~DUTP7	7
chr4	190123766	chr4:190123766	7	NATGEN2015,TCGA^CESC,TCGA^LIHC	HPV16,HBV,HPV33	AC126281.4~DUX4	4
chr5	49629359	chr5:49629359	7	NATGEN2015,TCGA^CESC,TCGA^HNSC	HPV33,HPV16,HPV11	CTD-2013M15.1~EMB	7
chr5	175619723	chr5:175619723	7	NATGEN2015	HPV16	RNU6-226P~CTC-251I16.1	5
chr1	92572331	chr1:92572331	7	TCGA^CESC,TCGA^LIHC	HPV16,HBV	EVI5	7
chr1	8983561	chr1:8983561	6	CCLE,NATGEN2015	HPV16,NC_001436_8507nt_Human_T_cell_leukemia_virus_type_I,NC_001702_8135nt_Murine_type_C_retrovirus,HPV33	ENO1	4
chr1	156162326	chr1:156162326	6	CCLE,NATGEN2015,TCGA^CESC	NC_001702_8135nt_Murine_type_C_retrovirus,HPV18,NC_007815_8197nt_PreXMRV_1,HPV31,HPV16,NC_001501_8332nt_Moloney_murine_leukemia_virus	LMNA	3
chr11	2048118	chr11:2048118	6	CCLE,NATGEN2015,TCGA^CESC,TCGA^LIHC	NC_001702_8135nt_Murine_type_C_retrovirus,HBV,HPV16,HPV58	H19	2
chr11	61955586	chr11:61955586	6	CCLE,GTEx,GTEx,GTEx,NATGEN2015	HPV16,NC_001806_152222nt_Human_alphaherpesvirus_1,NC_001501_8332nt_Moloney_murine_leukemia_virus,NC_006430_15246nt_Mammalian_orthorubulavirus_5	BEST1;FTH1	3
chr12	49120189	chr12:49120189	6	CCLE,GTEx,NATGEN2015	NC_001702_8135nt_Murine_type_C_retrovirus,NC_001501_8332nt_Moloney_murine_leukemia_virus,HPV58,NC_006430_15246nt_Mammalian_orthorubulavirus_5,NC_001806_152222nt_Human_alphaherpesvirus_1	TUBA1B;RP11-386G11.10	4
chr12	104355349	chr12:104355349	6	CCLE,NATGEN2015	NC_001702_8135nt_Murine_type_C_retrovirus,HPV11,Eppstein-Barr,NC_001436_8507nt_Human_T_cell_leukemia_virus_type_I,NC_000858_9028nt_Simian_T_lymphotropic_virus_1	RPL18AP3;RP11-818F20.5;TXNRD1	3
chr12	118215500	chr12:118215500	6	CCLE,TCGA^CESC	HPV16,HPV58,NC_001702_8135nt_Murine_type_C_retrovirus	TAOK3	4
chr14	37538041	chr14:37538041	6	CCLE,NATGEN2015,TCGA^CESC,TCGA^HNSC	HPV16,NC_007815_8197nt_PreXMRV_1	TTC6	3
chr2	231424474	chr2:231424474	6	CCLE,GTEx,NATGEN2015,TCGA^LIHC	NC_001436_8507nt_Human_T_cell_leukemia_virus_type_I,NC_001702_8135nt_Murine_type_C_retrovirus,NC_001806_152222nt_Human_alphaherpesvirus_1,Eppstein-Barr,HBV,HPV33	NCL	2
chr20	17618970	chr20:17618970	6	CCLE,GTEx,NATGEN2015	NC_001702_8135nt_Murine_type_C_retrovirus,HPV16,NC_001806_152222nt_Human_alphaherpesvirus_1	RRBP1	5
chr22	39421678	chr22:39421678	6	CCLE,GTEx,NATGEN2015	NC_001436_8507nt_Human_T_cell_leukemia_virus_type_I,NC_001501_8332nt_Moloney_murine_leukemia_virus,HPV16,NC_001806_152222nt_Human_alphaherpesvirus_1,NC_001702_8135nt_Murine_type_C_retrovirus	RPL3	3
chr6	73477163	chr6:73477163	6	CCLE,GTEx,TCGA^HNSC	HPV16,NC_001501_8332nt_Moloney_murine_leukemia_virus,NC_001702_8135nt_Murine_type_C_retrovirus,HPV33,NC_001806_152222nt_Human_alphaherpesvirus_1,NC_006430_15246nt_Mammalian_orthorubulavirus_5	EEF1A1	5
chr8	144764095	chr8:144764095	6	CCLE,GTEx,NATGEN2015	NC_001702_8135nt_Murine_type_C_retrovirus,HPV16,Eppstein-Barr	RPL8	5
chr14	99069260	chr14:99069260	6	GTEx,NATGEN2015,TCGA^CESC	HPV16,NC_001806_152222nt_Human_alphaherpesvirus_1	CCDC85C	2
chr15	44743951	chr15:44743951	6	GTEx,GTEx,GTEx,GTEx,NATGEN2015,TCGA^CESC	NC_001806_152222nt_Human_alphaherpesvirus_1,HPV16,Eppstein-Barr	B2M	4
chr16	22594911	chr16:22594911	6	GTEx,GTEx,GTEx,NATGEN2015,TCGA^LIHC	NC_001806_152222nt_Human_alphaherpesvirus_1,Eppstein-Barr,HBV,HPV11,HPV16	NPIPB5	4
chr17	75928823	chr17:75928823	6	GTEx,NATGEN2015,TCGA^CESC	HPV16,Eppstein-Barr,HPV11	H3F3B	3
chr2	85420369	chr2:85420369	6	GTEx,NATGEN2015,TCGA^CESC	HPV16,Eppstein-Barr	MAT2A	4
chr22	22797603	chr22:22797603	6	GTEx,TCGA^CESC	Eppstein-Barr,HPV58	IGL@-ext;IGL-@-ext;IGLL5	3
chr9	134311622	chr9:134311622	6	GTEx,NATGEN2015,TCGA^CESC,TCGA^LIHC	HPV16,HBV,NC_001806_152222nt_Human_alphaherpesvirus_1	RXRA	2
chr1	219912868	chr1:219912868	6	NATGEN2015,TCGA^CESC,TCGA^HNSC	HPV16	SLC30A10	6
chr10	42063320	chr10:42063320	6	NATGEN2015	HPV11,HPV16,HPV33	RP11-96F8.1~KSR1P1	6
chr12	102331844	chr12:102331844	6	NATGEN2015,TCGA^CESC,TCGA^LIHC	HPV16,HBV	HELLPAR;IGF1	4
chr13	69197609	chr13:69197609	6	NATGEN2015,TCGA^CESC	HPV16,HPV58,HPV11,HPV18	SNRPFP3~LINC00383	2
chr3	181747482	chr3:181747482	6	NATGEN2015,TCGA^CESC,TCGA^HNSC	HPV16,HPV33,HPV58	SOX2-OT	4
chr4	49114724	chr4:49114724	6	NATGEN2015,TCGA^CESC	HPV11,HPV16	CWH43~AC118282.3	6
chrY	193111	chrY:193111	6	NATGEN2015,TCGA^LIHC	HPV33,HPV16,HBV	PLCXD1	2
chr1	15836275	chr1:15836275	5	CCLE,NATGEN2015,TCGA^HNSC	HPV16,NC_001436_8507nt_Human_T_cell_leukemia_virus_type_I	EPHA2	1
chr10	100351627	chr10:100351627	5	CCLE,NATGEN2015	HPV33,NC_007815_8197nt_PreXMRV_1,NC_001702_8135nt_Murine_type_C_retrovirus,NC_001501_8332nt_Moloney_murine_leukemia_virus	SCD	3
chr11	46757195	chr11:46757195	5	CCLE,NATGEN2015	HPV16,HPV33,NC_001501_8332nt_Moloney_murine_leukemia_virus	CKAP5	2
chr11	69431545	chr11:69431545	5	CCLE,NATGEN2015,TCGA^LIHC	HBV,NC_001702_8135nt_Murine_type_C_retrovirus,HPV16	MYEOV	2
chr11	82212444	chr11:82212444	5	CCLE,NATGEN2015,TCGA^CESC,TCGA^LIHC	HPV33,HBV,HPV16	RP11-179A16.1	5
chr12	124485828	chr12:124485828	5	CCLE,NATGEN2015,TCGA^CESC,TCGA^LIHC	HPV33,HPV39,HPV16,NC_001436_8507nt_Human_T_cell_leukemia_virus_type_I,HBV	NCOR2	4
chr14	64608497	chr14:64608497	5	CCLE,NATGEN2015,TCGA^CESC	HPV16,HPV33,NC_007815_8197nt_PreXMRV_1	ESR2	1
chr15	59120102	chr15:59120102	5	CCLE,NATGEN2015,TCGA^CESC,TCGA^HNSC	HPV16,NC_000858_9028nt_Simian_T_lymphotropic_virus_1,HPV58	MYO1E	3
chr16	2069455	chr16:2069455	5	CCLE,NATGEN2015,TCGA^LIHC	HBV,HPV16,NC_001501_8332nt_Moloney_murine_leukemia_virus,HPV33	ABCA3	1
chr17	993874	chr17:993874	5	CCLE,NATGEN2015,TCGA^CESC	HPV16,NC_001702_8135nt_Murine_type_C_retrovirus,NC_001501_8332nt_Moloney_murine_leukemia_virus	ABR	2
chr17	7503060	chr17:7503060	5	CCLE,GTEx,TCGA^LIHC	NC_001702_8135nt_Murine_type_C_retrovirus,HBV,NC_001436_8507nt_Human_T_cell_leukemia_virus_type_I,NC_001806_152222nt_Human_alphaherpesvirus_1,NC_000858_9028nt_Simian_T_lymphotropic_virus_1	EIF5A	2
chr19	10739186	chr19:10739186	5	CCLE,NATGEN2015,TCGA^CESC	HPV16,HPV11,NC_007815_8197nt_PreXMRV_1	AP1M2~CTC-539A10.7	1
chr2	120831224	chr2:120831224	5	CCLE,NATGEN2015,TCGA^KIRC,TCGA^LIHC	HPV16,HBV,NC_000858_9028nt_Simian_T_lymphotropic_virus_1,NC_001436_8507nt_Human_T_cell_leukemia_virus_type_I	GLI2	4
chr20	31658122	chr20:31658122	5	CCLE,NATGEN2015,TCGA^BLCA,TCGA^CESC	HPV16,NC_007815_8197nt_PreXMRV_1,HPV31	BCL2L1;RP11-243J16.7	3
chr3	129148631	chr3:129148631	5	CCLE,NATGEN2015	HPV16,HPV33,NC_001501_8332nt_Moloney_murine_leukemia_virus	RAB43	2
chr3	184037379	chr3:184037379	5	CCLE,NATGEN2015,TCGA^LIHC	NC_001702_8135nt_Murine_type_C_retrovirus,HBV,HPV16	RP11-778D9.4;EIF2B5	2
chr4	166108081	chr4:166108081	5	CCLE,NATGEN2015,TCGA^LIHC	HPV16,HBV,NC_001501_8332nt_Moloney_murine_leukemia_virus	TLL1	2
chr5	251480	chr5:251480	5	CCLE,GTEx,NATGEN2015	HBV,Eppstein-Barr,HPV11,NC_001501_8332nt_Moloney_murine_leukemia_virus,HPV16	AHRR	2
chr5	140591004	chr5:140591004	5	CCLE,NATGEN2015	NC_001436_8507nt_Human_T_cell_leukemia_virus_type_I,HPV16,NC_001702_8135nt_Murine_type_C_retrovirus	CTC-329D1.2	1
chr6	3075613	chr6:3075613	5	CCLE,GTEx,NATGEN2015	NC_001806_152222nt_Human_alphaherpesvirus_1,HPV16,NC_001702_8135nt_Murine_type_C_retrovirus	TUBB2B	2
chr7	748364	chr7:748364	5	CCLE,NATGEN2015	HPV33,HPV16,HPV11,NC_001501_8332nt_Moloney_murine_leukemia_virus	PRKAR1B	2
chr7	26189412	chr7:26189412	5	CCLE,NATGEN2015,TCGA^CESC	NC_001436_8507nt_Human_T_cell_leukemia_virus_type_I,NC_001702_8135nt_Murine_type_C_retrovirus,HPV33,NC_001501_8332nt_Moloney_murine_leukemia_virus,HPV16	HNRNPA2B1	4
chr8	69921131	chr8:69921131	5	CCLE,NATGEN2015	HPV16,NC_001702_8135nt_Murine_type_C_retrovirus,NC_007815_8197nt_PreXMRV_1	NCOA2	1
chr8	143756276	chr8:143756276	5	CCLE,NATGEN2015,TCGA^CESC	HPV33,NC_001501_8332nt_Moloney_murine_leukemia_virus,HPV16,HPV59,NC_001702_8135nt_Murine_type_C_retrovirus	PLEC	2
chr9	5862651	chr9:5862651	5	CCLE,NATGEN2015,TCGA^CESC,TCGA^LIHC	NC_001501_8332nt_Moloney_murine_leukemia_virus,HPV16,HPV59,HBV	KIAA2026	3
chr9	108886308	chr9:108886308	5	CCLE,NATGEN2015,TCGA^HNSC	HPV16,NC_001702_8135nt_Murine_type_C_retrovirus	RP11-339N8.1~RPL36AP35	2
chr12	97720857	chr12:97720857	5	GTEx,GTEx,NATGEN2015	HPV16,NC_001806_152222nt_Human_alphaherpesvirus_1,HPV33	RP11-1016B18.1	2
chr2	238391118	chr2:238391118	5	GTEx,NATGEN2015,TCGA^LIHC	HPV33,HPV16,HBV,Eppstein-Barr	LINC01107	2
chr4	90802690	chr4:90802690	5	GTEx,GTEx,NATGEN2015,TCGA^CESC	HPV16,Eppstein-Barr,NC_001806_152222nt_Human_alphaherpesvirus_1	CCSER1	4
chr1	15362755	chr1:15362755	5	NATGEN2015,TCGA^CESC	HPV16	FHAD1;RP3-467K16.2	5
chr1	149538458	chr1:149538458	5	NATGEN2015,TCGA^CESC	HPV16,HPV33	NBPF19	4
chr10	938212	chr10:938212	5	NATGEN2015,TCGA^CESC,TCGA^LIHC	HPV58,HPV33,HBV,HPV16	ADARB2	2
chr12	70855570	chr12:70855570	5	NATGEN2015,TCGA^LIHC	HPV16,HBV	PTPRR	4
chr12	123281708	chr12:123281708	5	NATGEN2015,TCGA^CESC,TCGA^LIHC	HPV16,HBV	SBNO1	2
chr15	31334897	chr15:31334897	5	NATGEN2015,TCGA^LIHC	HBV,HPV16	OTUD7A	2
chr16	34568400	chr16:34568400	5	NATGEN2015	HPV33,HPV16,HPV11	ABBA01017803.1~CTD-2144E22.9	5
chr16	88668889	chr16:88668889	5	NATGEN2015,TCGA^CESC	HPV16	RP5-1142A6.5;RNF166	3
chr2	141469157	chr2:141469157	5	NATGEN2015,TCGA^CESC	HPV16,HPV59,HPV45	LRP1B	5
chr2	145657986	chr2:145657986	5	NATGEN2015,TCGA^CESC,TCGA^HNSC	HPV16,HPV45,HPV18	AC079163.1~AC079248.1	5
chr20	4029692	chr20:4029692	5	NATGEN2015,TCGA^CESC	HPV18,HPV58,HPV16	FTLP3~RPL21P2	1
chr20	50326877	chr20:50326877	5	NATGEN2015	HPV16	LINC01271~RN7SL636P	3
chr21	9758668	chr21:9758668	5	NATGEN2015	HPV16,HPV58,HPV33,HPV11	RP11-555K2.2~RN7SL52P	3
chr21	45842807	chr21:45842807	5	NATGEN2015,TCGA^CESC	HPV18,HPV33,HPV16	PCBP3	3
chr22	37407416	chr22:37407416	5	NATGEN2015	HPV16,HPV11,HPV58	MFNG	2
chr4	86696978	chr4:86696978	5	NATGEN2015,TCGA^CESC	HPV16,HPV18	PTPN13	4
chr4	117940052	chr4:117940052	5	NATGEN2015	HPV33,HPV16,HPV58	AC108056.1~NDST3	1
chr4	139286908	chr4:139286908	5	NATGEN2015,TCGA^LIHC	HPV16,HBV	NAA15	3
chr5	3884559	chr5:3884559	5	NATGEN2015,TCGA^HNSC,TCGA^LIHC	HBV,HPV16	AC091947.1~CTD-2287N17.1	2
chr5	25947994	chr5:25947994	5	NATGEN2015,TCGA^CESC,TCGA^HNSC	HPV18,HPV16,HPV33	RNU4-43P~RP11-351N6.1	3
chr5	174730567	chr5:174730567	5	NATGEN2015	HPV16,HPV33,HPV58	HIGD1AP3~MSX2	2
chr6	25133238	chr6:25133238	5	NATGEN2015,TCGA^CESC	HPV18,HPV16	CMAHP	2
chr8	85759816	chr8:85759816	5	NATGEN2015,TCGA^CESC	HPV18,HPV33,HPV16	CTA-392E5.1	1
chr9	100347310	chr9:100347310	5	NATGEN2015,TCGA^HNSC,TCGA^LIHC	HPV16,HBV	TEX10	2
chrX	45787678	chrX:45787678	5	NATGEN2015,TCGA^CESC	HPV16,HPV31	KRT8P14~RP6-99M1.1	2
chr7	114071473	chr7:114071473	5	TCGA^CESC	HPV16	PPP1R3A	5
chr9	5451349	chr9:5451349	5	TCGA^CESC,TCGA^HNSC,TCGA^STAD	HPV16,Eppstein-Barr	CD274	2
chr1	14267520	chr1:14267520	4	CCLE,NATGEN2015	HPV16,NC_001501_8332nt_Moloney_murine_leukemia_virus	KAZN	1
chr1	21952918	chr1:21952918	4	CCLE,NATGEN2015,TCGA^CESC	HPV33,HPV16,NC_001501_8332nt_Moloney_murine_leukemia_virus	CDC42	1
chr1	23583000	chr1:23583000	4	CCLE,NATGEN2015,TCGA^CESC,TCGA^LIHC	HPV18,HBV,NC_001501_8332nt_Moloney_murine_leukemia_virus,HPV59	ASAP3	1
chr1	27437824	chr1:27437824	4	CCLE,NATGEN2015,TCGA^CESC	NC_007815_8197nt_PreXMRV_1,HPV16	WASF2	2
chr1	43477399	chr1:43477399	4	CCLE,NATGEN2015,TCGA^CESC	HPV16,HPV45,NC_001501_8332nt_Moloney_murine_leukemia_virus,HPV31	CDC20	1
chr1	57965664	chr1:57965664	4	CCLE,NATGEN2015	HPV16,NC_001702_8135nt_Murine_type_C_retrovirus,HPV58	DAB1	2
chr1	154014892	chr1:154014892	4	CCLE,NATGEN2015	HPV16,NC_001501_8332nt_Moloney_murine_leukemia_virus	GATAD2B	1
chr10	17225518	chr10:17225518	4	CCLE,NATGEN2015	HPV16,NC_001702_8135nt_Murine_type_C_retrovirus,NC_001436_8507nt_Human_T_cell_leukemia_virus_type_I	VIM-AS1;VIM	2
chr11	743415	chr11:743415	4	CCLE,GTEx,NATGEN2015,TCGA^CESC	HPV18,Eppstein-Barr,HPV11,NC_001501_8332nt_Moloney_murine_leukemia_virus	TALDO1	2
chr11	62519091	chr11:62519091	4	CCLE	NC_001501_8332nt_Moloney_murine_leukemia_virus	AHNAK	4
chr11	102756955	chr11:102756955	4	CCLE,TCGA^CESC	HPV18,NC_001702_8135nt_Murine_type_C_retrovirus	WTAPP1	3
chr11	123109918	chr11:123109918	4	CCLE,NATGEN2015	NC_001702_8135nt_Murine_type_C_retrovirus,HPV16,NC_001501_8332nt_Moloney_murine_leukemia_virus	HSPA8	2
chr12	426534	chr12:426534	4	CCLE,NATGEN2015,TCGA^CESC	HPV16,NC_001702_8135nt_Murine_type_C_retrovirus	KDM5A	2
chr12	9198434	chr12:9198434	4	CCLE,NATGEN2015,TCGA^LIHC	HBV,NC_001501_8332nt_Moloney_murine_leukemia_virus,NC_001702_8135nt_Murine_type_C_retrovirus,HPV33	PTMAP4;LINC00987;A2MP1	2
chr12	20479719	chr12:20479719	4	CCLE,GTEx,GTEx	NC_001806_152222nt_Human_alphaherpesvirus_1,NC_007815_8197nt_PreXMRV_1,NC_001702_8135nt_Murine_type_C_retrovirus	PDE3A	4
chr12	54402227	chr12:54402227	4	CCLE,NATGEN2015	HPV16,NC_001702_8135nt_Murine_type_C_retrovirus,NC_001501_8332nt_Moloney_murine_leukemia_virus	HNRNPA1;RP11-968A15.8	1
chr13	30413695	chr13:30413695	4	CCLE,NATGEN2015,TCGA^CESC,TCGA^LIHC	HPV45,HPV33,NC_001436_8507nt_Human_T_cell_leukemia_virus_type_I,HBV	HMGB1	3
chr13	81831953	chr13:81831953	4	CCLE,NATGEN2015,TCGA^CESC	HPV16,NC_001702_8135nt_Murine_type_C_retrovirus,HPV11	PTMAP5~GYG1P2	3
chr14	66103876	chr14:66103876	4	CCLE,NATGEN2015	HPV11,NC_001436_8507nt_Human_T_cell_leukemia_virus_type_I,NC_001702_8135nt_Murine_type_C_retrovirus,HPV31	YBX1P1~RP11-783L4.1	2
chr14	67953310	chr14:67953310	4	CCLE,TCGA^CESC	HPV18,HPV45,HPV16,NC_001501_8332nt_Moloney_murine_leukemia_virus	RAD51B	3
chr15	60458479	chr15:60458479	4	CCLE,NATGEN2015	NC_001501_8332nt_Moloney_murine_leukemia_virus,HPV16	ICE2	2
chr16	46809078	chr16:46809078	4	CCLE,NATGEN2015,TCGA^CESC	HPV16,NC_001436_8507nt_Human_T_cell_leukemia_virus_type_I	C16orf87	1
chr16	82188188	chr16:82188188	4	CCLE,NATGEN2015	HPV11,NC_001436_8507nt_Human_T_cell_leukemia_virus_type_I,HPV16	RN7SKP190~AC024590.1	2
chr17	2218124	chr17:2218124	4	CCLE,NATGEN2015	HPV16,NC_007815_8197nt_PreXMRV_1,HPV58	SMG6	2
chr17	18775025	chr17:18775025	4	CCLE,NATGEN2015	HPV16,NC_001501_8332nt_Moloney_murine_leukemia_virus	CCDC144B	2
chr18	70231537	chr18:70231537	4	CCLE,NATGEN2015,TCGA^CESC	NC_001702_8135nt_Murine_type_C_retrovirus,HPV45,HPV16	RN7SL795P~GTSCR1	1
chr19	38844974	chr19:38844974	4	CCLE,TCGA^CESC	HPV16,NC_007815_8197nt_PreXMRV_1	ACTN4	1
chr19	41790437	chr19:41790437	4	CCLE,GTEx,TCGA^CESC	NC_001702_8135nt_Murine_type_C_retrovirus,NC_001501_8332nt_Moloney_murine_leukemia_virus,Eppstein-Barr,HPV16	RPS19	2
chr19	49015979	chr19:49015979	4	CCLE,GTEx,GTEx	NC_001702_8135nt_Murine_type_C_retrovirus,NC_001806_152222nt_Human_alphaherpesvirus_1	FTL	3
chr19	49513532	chr19:49513532	4	CCLE,GTEx,GTEx,TCGA^CESC	HPV16,NC_001806_152222nt_Human_alphaherpesvirus_1,Eppstein-Barr,NC_001702_8135nt_Murine_type_C_retrovirus	RPS11	3
chr2	99905659	chr2:99905659	4	CCLE,NATGEN2015,TCGA^LIHC	HPV16,NC_007815_8197nt_PreXMRV_1,HBV	AFF3	4
chr2	127397300	chr2:127397300	4	CCLE,NATGEN2015	HPV33,HPV16,HPV11,NC_001501_8332nt_Moloney_murine_leukemia_virus	AC068282.3	1
chr2	160241508	chr2:160241508	4	CCLE,NATGEN2015	NC_001702_8135nt_Murine_type_C_retrovirus,HPV33,HPV16	RBMS1	3
chr2	177147694	chr2:177147694	4	CCLE,NATGEN2015,TCGA^LIHC	HPV16,HBV,NC_001436_8507nt_Human_T_cell_leukemia_virus_type_I	AC079305.8	1
chr2	203340629	chr2:203340629	4	CCLE,NATGEN2015,TCGA^LIHC	NC_001702_8135nt_Murine_type_C_retrovirus,HPV16,HPV58,HBV	RAPH1~AC125238.2	2
chr2	210410874	chr2:210410874	4	CCLE,NATGEN2015,TCGA^LIHC	HBV,HPV16,NC_001702_8135nt_Murine_type_C_retrovirus	CPS1	2
chr20	62322982	chr20:62322982	4	CCLE,NATGEN2015,TCGA^CESC	NC_007815_8197nt_PreXMRV_1,HPV16,NC_001702_8135nt_Murine_type_C_retrovirus	RPS21	2
chr21	41644090	chr21:41644090	4	CCLE,NATGEN2015,TCGA^HNSC	HPV16,NC_001702_8135nt_Murine_type_C_retrovirus	AP006748.1~LINC00111	1
chr22	36267911	chr22:36267911	4	CCLE,NATGEN2015,TCGA^LIHC	HBV,HPV16,HPV33,NC_001702_8135nt_Murine_type_C_retrovirus	APOL1~MIR6819	1
chr22	45918638	chr22:45918638	4	CCLE,NATGEN2015,TCGA^CESC	HPV16,NC_007815_8197nt_PreXMRV_1	ATXN10	2
chr22	48716247	chr22:48716247	4	CCLE,NATGEN2015	HPV16,HPV58,NC_001702_8135nt_Murine_type_C_retrovirus	FAM19A5	2
chr3	22068606	chr3:22068606	4	CCLE,NATGEN2015	HPV16,NC_001702_8135nt_Murine_type_C_retrovirus	ZNF385D	3
chr3	48409518	chr3:48409518	4	CCLE,NATGEN2015	HPV16,HPV11,NC_001501_8332nt_Moloney_murine_leukemia_virus,HPV33	PFKFB4	2
chr4	818603	chr4:818603	4	CCLE,GTEx,NATGEN2015	HPV16,NC_001702_8135nt_Murine_type_C_retrovirus,Eppstein-Barr	CTBP1-AS;CTBP1	1
chr5	65435382	chr5:65435382	4	CCLE,TCGA^HNSC,TCGA^LIHC	HPV16,HBV,NC_001501_8332nt_Moloney_murine_leukemia_virus,NC_001702_8135nt_Murine_type_C_retrovirus	ADAMTS6	1
chr5	119036228	chr5:119036228	4	CCLE,GTEx,GTEx	Eppstein-Barr,NC_001702_8135nt_Murine_type_C_retrovirus,NC_001436_8507nt_Human_T_cell_leukemia_virus_type_I,NC_001806_152222nt_Human_alphaherpesvirus_1	DTWD2;PTMAP2	3
chr5	146158836	chr5:146158836	4	CCLE,TCGA^CESC,TCGA^LIHC	HPV16,HBV,NC_001501_8332nt_Moloney_murine_leukemia_virus	CTC-359M8.1	1
chr5	168497717	chr5:168497717	4	CCLE,NATGEN2015,TCGA^CESC	NC_007815_8197nt_PreXMRV_1,HPV33,HPV18,NC_001702_8135nt_Murine_type_C_retrovirus	CTC-575D19.1	1
chr6	26109710	chr6:26109710	4	CCLE,TCGA^CESC,TCGA^HNSC,TCGA^LIHC	HBV,HPV16,NC_007815_8197nt_PreXMRV_1,NC_001702_8135nt_Murine_type_C_retrovirus	HIST1H2BB	1
chr6	30548413	chr6:30548413	4	CCLE,NATGEN2015,TCGA^CESC	HPV16,HPV18,NC_001436_8507nt_Human_T_cell_leukemia_virus_type_I	HLA-E~XXbac-BPG249D20.9	1
chr6	31836266	chr6:31836266	4	CCLE,GTEx,GTEx,GTEx	NC_001806_152222nt_Human_alphaherpesvirus_1,NC_001501_8332nt_Moloney_murine_leukemia_virus	HSPA1B	2
chr6	33322441	chr6:33322441	4	CCLE,NATGEN2015	HPV16,NC_001702_8135nt_Murine_type_C_retrovirus,HPV11	BRD2	1
chr6	44261450	chr6:44261450	4	CCLE,NATGEN2015	NC_001702_8135nt_Murine_type_C_retrovirus,NC_007815_8197nt_PreXMRV_1,NC_001501_8332nt_Moloney_murine_leukemia_virus,HPV16	HSP90AB1	3
chr7	101167591	chr7:101167591	4	CCLE,NATGEN2015,TCGA^CESC	HPV18,NC_001501_8332nt_Moloney_murine_leukemia_virus,NC_001702_8135nt_Murine_type_C_retrovirus,HPV16	AP1S1	1
chr7	103237193	chr7:103237193	4	CCLE,NATGEN2015	HPV33,HPV58,HPV11,NC_001501_8332nt_Moloney_murine_leukemia_virus	NAPEPLD	2
chr7	108083481	chr7:108083481	4	CCLE,NATGEN2015,TCGA^CESC,TCGA^LIHC	HPV45,HBV,HPV16,NC_001501_8332nt_Moloney_murine_leukemia_virus	LAMB1	2
chr7	149442799	chr7:149442799	4	CCLE,NATGEN2015	NC_001702_8135nt_Murine_type_C_retrovirus,HPV16,HPV33	SSPO	1
chr8	17797118	chr8:17797118	4	CCLE,NATGEN2015	NC_001501_8332nt_Moloney_murine_leukemia_virus,HPV16	FGL1	1
chr8	134805322	chr8:134805322	4	CCLE,NATGEN2015	NC_001702_8135nt_Murine_type_C_retrovirus,HPV16	CTD-2342N23.1~AC083843.4	1
chr9	125146393	chr9:125146393	4	CCLE,GTEx	NC_001702_8135nt_Murine_type_C_retrovirus,Eppstein-Barr,NC_001501_8332nt_Moloney_murine_leukemia_virus	HSPA5	3
chrX	17246490	chrX:17246490	4	CCLE,NATGEN2015	NC_007815_8197nt_PreXMRV_1,HPV58,HPV33,HPV16,NC_001702_8135nt_Murine_type_C_retrovirus	NHS	2
chrX	72345299	chrX:72345299	4	CCLE,NATGEN2015	HPV16,HPV58,NC_001702_8135nt_Murine_type_C_retrovirus	HDAC8	1
chrX	120383660	chrX:120383660	4	CCLE,NATGEN2015	NC_001501_8332nt_Moloney_murine_leukemia_virus,HPV58,HPV16	CUL4B	2
chr1	91396416	chr1:91396416	4	GTEx,GTEx,GTEx,NATGEN2015	NC_001806_152222nt_Human_alphaherpesvirus_1,HPV16	HFM1	3
chr11	88828105	chr11:88828105	4	GTEx,NATGEN2015,TCGA^CESC	HPV16,NC_001806_152222nt_Human_alphaherpesvirus_1	GRM5	4
chr14	36628583	chr14:36628583	4	GTEx,NATGEN2015,TCGA^CESC	HPV16,NC_001806_152222nt_Human_alphaherpesvirus_1	PAX9	1
chr16	33832396	chr16:33832396	4	GTEx,NATGEN2015	HPV16,HPV33,NC_001806_152222nt_Human_alphaherpesvirus_1	BCAP31P1~RP11-598D12.1	1
chr19	47093126	chr19:47093126	4	GTEx,NATGEN2015,TCGA^CESC	HPV16,Eppstein-Barr	AP2S1~CTD-2233K9.1	1
chr2	89775578	chr2:89775578	4	GTEx,TCGA^CESC,TCGA^HNSC,TCGA^LIHC	HBV,Eppstein-Barr,HPV16	5S_rRNA~IGKV2D-38	4
chr22	19461522	chr22:19461522	4	GTEx,GTEx,NATGEN2015	NC_001806_152222nt_Human_alphaherpesvirus_1,HPV16	CLDN5	2
chr6	32461560	chr6:32461560	4	GTEx,GTEx,NATGEN2015	Eppstein-Barr,HPV11,HPV16,NC_001806_152222nt_Human_alphaherpesvirus_1	C6orf10	1
chrX	13073606	chrX:13073606	4	GTEx,NATGEN2015	Eppstein-Barr,HPV16,HPV33	TMSB4X	2
chr1	1604179	chr1:1604179	4	NATGEN2015,TCGA^CESC,TCGA^LIHC	HPV16,HPV33,HBV	CDK11B;CDK11A	2
chr1	29686702	chr1:29686702	4	NATGEN2015	HPV58,HPV16	RP11-810H18.1~AC092265.1	2
chr1	38288300	chr1:38288300	4	NATGEN2015,TCGA^CESC	HPV16	MIR3659~LINC01343	2
chr1	61313935	chr1:61313935	4	NATGEN2015,TCGA^CESC	HPV33,HPV16	NFIA	3
chr1	82466478	chr1:82466478	4	NATGEN2015,TCGA^CESC	HPV18,HPV16	RP11-147G16.1~AL357973.1	3
chr1	161294775	chr1:161294775	4	NATGEN2015,TCGA^LIHC	HPV33,HPV16,HBV	APOA2	2
chr1	201392910	chr1:201392910	4	NATGEN2015	HPV58,HPV16	IGFN1	1
chr1	202129734	chr1:202129734	4	NATGEN2015	HPV33,HPV11,HPV58,HPV16	LGR6	2
chr10	34482496	chr10:34482496	4	NATGEN2015,TCGA^CESC	HPV16,HPV33	PARD3	4
chr10	35057678	chr10:35057678	4	NATGEN2015,TCGA^CESC	HPV16	CUL2	2
chr10	133315542	chr10:133315542	4	NATGEN2015,TCGA^CESC	HPV16,HPV58,HPV33,HPV11	AL732375.6~XX-2136C48.7	1
chr11	10905915	chr11:10905915	4	NATGEN2015	HPV16,HPV33	CTD-2003C8.2~RP11-179A10.2	2
chr11	103638798	chr11:103638798	4	NATGEN2015,TCGA^CESC	HPV16	RP11-37O16.8~RP11-563P16.1	2
chr11	112921058	chr11:112921058	4	NATGEN2015	HPV16,HPV11	NCAM1	2
chr12	90823599	chr12:90823599	4	NATGEN2015,TCGA^HNSC	HPV16,HPV56	CCER1	2
chr12	131534418	chr12:131534418	4	NATGEN2015,TCGA^CESC	HPV33,HPV18,HPV16	AC073578.1~RP11-292I17.1	1
chr13	63499184	chr13:63499184	4	NATGEN2015,TCGA^CESC	HPV18,HPV16	LINC00376~LINC00395	2
chr14	22798744	chr14:22798744	4	NATGEN2015,TCGA^LIHC	HBV,HPV16	CH17-302M23.1	1
chr15	37498217	chr15:37498217	4	NATGEN2015	HPV33,HPV16	RP11-720L8.1	2
chr16	4756650	chr16:4756650	4	NATGEN2015,TCGA^HNSC	HPV16,HPV18	SMIM22;RP11-127I20.5	2
chr17	2672786	chr17:2672786	4	NATGEN2015,TCGA^CESC	HPV18,HPV33,HPV16	CTD-2309O5.3	1
chr17	37796625	chr17:37796625	4	NATGEN2015,TCGA^CESC	HPV16	CH17-431G21.1	1
chr17	60878689	chr17:60878689	4	NATGEN2015,TCGA^CESC,TCGA^HNSC	HPV11,HPV16,HPV18,HPV58	BCAS3	4
chr17	74563123	chr17:74563123	4	NATGEN2015,TCGA^LIHC	HPV16,HPV33,HBV	AC079325.6	1
chr18	27873992	chr18:27873992	4	NATGEN2015,TCGA^CESC	HPV16	RP11-739N10.1~AC015933.2	2
chr19	7714772	chr19:7714772	4	NATGEN2015	HPV11,HPV16	STXBP2	2
chr19	36285123	chr19:36285123	4	NATGEN2015	HPV16,HPV33	CTD-3162L10.1	2
chr19	37287802	chr19:37287802	4	NATGEN2015,TCGA^CESC	HPV11,HPV16,HPV18	CTD-3220F14.1~CTD-3220F14.3	3
chr19	37913331	chr19:37913331	4	NATGEN2015,TCGA^CESC	HPV16	SIPA1L3	3
chr2	3582171	chr2:3582171	4	NATGEN2015	HPV59,HPV11,HPV16	RPS7~AC010907.2	2
chr2	34184795	chr2:34184795	4	NATGEN2015,TCGA^CESC,TCGA^LIHC	HPV33,HPV16,HBV	LINC01317	2
chr2	77418698	chr2:77418698	4	NATGEN2015,TCGA^LIHC	HBV,HPV16,HPV33	LRRTM4	2
chr2	111706058	chr2:111706058	4	NATGEN2015,TCGA^CESC	HPV16,HPV33,HPV69	MIR4435-1HG	2
chr2	130643076	chr2:130643076	4	NATGEN2015,TCGA^LIHC	HPV16,HBV	AC013269.5	1
chr2	200160566	chr2:200160566	4	NATGEN2015,TCGA^CESC,TCGA^LIHC	HPV16,HBV	SPATS2L	2
chr2	212780681	chr2:212780681	4	NATGEN2015,TCGA^CESC	HPV18,HPV16	AC079610.1	2
chr20	61433475	chr20:61433475	4	NATGEN2015,TCGA^CESC	HPV58,HPV16	CDH4	4
chr22	10877583	chr22:10877583	4	NATGEN2015,TCGA^LIHC	HBV,HPV16	CU459211.1~CU104787.1	2
chr22	12843868	chr22:12843868	4	NATGEN2015	HPV16,HPV33	CU463998.2~U6	4
chr22	41073698	chr22:41073698	4	NATGEN2015,TCGA^CESC,TCGA^LIHC	HBV,HPV16	RANGAP1~ZC3H7B	1
chr3	53826366	chr3:53826366	4	NATGEN2015,TCGA^CESC	HPV33,HPV16	CACNA1D	2
chr3	83286861	chr3:83286861	4	NATGEN2015,TCGA^CESC	HPV33,HPV16	CYP51A1P1~SRRM1P2	4
chr3	111564115	chr3:111564115	4	NATGEN2015,TCGA^HNSC,TCGA^LIHC	HPV33,HPV16,HBV	PLCXD2	2
chr3	116019259	chr3:116019259	4	NATGEN2015,TCGA^CESC	HPV16	LSAMP	4
chr3	140850504	chr3:140850504	4	NATGEN2015	HPV16	TRIM42~RP11-691G17.1	2
chr3	154426550	chr3:154426550	4	NATGEN2015,TCGA^CESC	HPV16	GPR149	2
chr3	177248994	chr3:177248994	4	NATGEN2015,TCGA^CESC,TCGA^LUSC	HPV16,HPV30,HPV18	RP11-706D8.3~RN7SKP52	2
chr3	182548990	chr3:182548990	4	NATGEN2015	HPV16,HPV18	RP11-338L18.1~EIF4EP3	2
chr3	186622448	chr3:186622448	4	NATGEN2015,TCGA^CESC,TCGA^LIHC	HPV16,HBV	RP11-48F14.2~CRYGS	2
chr3	189365519	chr3:189365519	4	NATGEN2015,TCGA^CESC,TCGA^HNSC	HPV58,HPV16	TPRG1-AS2~RP11-600G3.1	4
chr4	9125418	chr4:9125418	4	NATGEN2015	HPV33,HPV16,HPV11	RP13-582L3.4~RP11-747H12.1	1
chr4	31744287	chr4:31744287	4	NATGEN2015,TCGA^CESC	HPV58,HPV16	RP11-665I14.1~RP11-734I18.1	4
chr4	38668033	chr4:38668033	4	NATGEN2015,TCGA^CESC,TCGA^LIHC	HPV16,HBV,HPV33	FAM114A1	1
chr4	68934289	chr4:68934289	4	NATGEN2015,TCGA^CESC,TCGA^LIHC	HPV11,HBV,HPV16,HPV35	UGT2B7;UGT2B11	3
chr4	86293823	chr4:86293823	4	NATGEN2015	HPV16	RP11-778J15.1;MAPK10	3
chr4	125430863	chr4:125430863	4	NATGEN2015,TCGA^CESC	HPV58,HPV16,HPV18	FAT4~NUPL1P1	2
chr5	4963012	chr5:4963012	4	NATGEN2015,TCGA^LIHC	HPV16,HPV33,HBV	CTD-2046I8.1~CTD-2247C11.2	2
chr5	19268452	chr5:19268452	4	NATGEN2015,TCGA^CESC	HPV16,HPV33	HSPD1P15~AC118463.1	3
chr5	38949629	chr5:38949629	4	NATGEN2015,TCGA^CESC	HPV39,HPV18,HPV16	C9	2
chr5	127631006	chr5:127631006	4	NATGEN2015,TCGA^CESC,TCGA^LIHC	HPV58,HPV16,HBV	CTC-548H10.2~CUL1P1	1
chr5	152804542	chr5:152804542	4	NATGEN2015,TCGA^CESC,TCGA^LIHC	HPV31,HPV16,HPV11,HBV	LINC01470	2
chr6	87816521	chr6:87816521	4	NATGEN2015,TCGA^CESC,TCGA^LIHC	HPV16,HBV,HPV33	RP11-453D21.1~SPACA1	2
chr7	14176072	chr7:14176072	4	NATGEN2015	HPV16,HPV33	DGKB	3
chr7	69777234	chr7:69777234	4	NATGEN2015,TCGA^CESC	HPV33,HPV18,HPV16,HPV58	AUTS2	4
chr7	96137669	chr7:96137669	4	NATGEN2015,TCGA^HNSC	HPV33,HPV11,HPV16	DYNC1I1	2
chr7	96630915	chr7:96630915	4	NATGEN2015,TCGA^HNSC	HPV33,HPV16	ACN9	1
chr8	32875266	chr8:32875266	4	NATGEN2015,TCGA^CESC	HPV16	NRG1-IT3~RNU6-663P	2
chr8	51324815	chr8:51324815	4	NATGEN2015,TCGA^LIHC	HPV16,HBV	PXDNL	3
chr9	41046592	chr9:41046592	4	NATGEN2015	HPV33,HPV16	PGM5P2;RP11-87H9.2	3
chr9	105033585	chr9:105033585	4	NATGEN2015	HPV33,HPV16	RP11-217B7.3~RN7SKP191	2
chr9	117425343	chr9:117425343	4	NATGEN2015,TCGA^CESC,TCGA^LIHC	HPV35,HPV18,HPV16,HBV	RP11-388N2.1~RP11-500B12.1	2
chr9	129629042	chr9:129629042	4	NATGEN2015,TCGA^HNSC	HPV35,HPV18,HPV33,HPV16	PRRX2-AS1~PTGES	1
chrX	49692963	chrX:49692963	4	NATGEN2015,TCGA^CESC	HPV16,HPV33	CLCN5	1
chrX	147200278	chrX:147200278	4	NATGEN2015,TCGA^CESC	HPV16	MIR508~MIR514B	1
chrX	150573754	chrX:150573754	4	NATGEN2015	HPV16,HPV33	MTM1	2
chrX	153842834	chrX:153842834	4	NATGEN2015,TCGA^CESC	HPV16	RENBP	2
chr17	45160928	chr17:45160928	4	TCGA^CESC	HPV16	PLCD3	3
chr2	78232222	chr2:78232222	4	TCGA^CESC	HPV16,HPV18,HPV58	AC012494.1~CYCSP6	2
chr9	129199801	chr9:129199801	4	TCGA^CESC,TCGA^HNSC,TCGA^LIHC	HPV16,HBV,HPV18	CRAT	1
chr1	22537821	chr1:22537821	3	CCLE,NATGEN2015,TCGA^LIHC	HPV16,HBV,NC_001501_8332nt_Moloney_murine_leukemia_virus	C1QB~MIR4684	1
chr1	40246508	chr1:40246508	3	CCLE,GTEx,NATGEN2015	NC_001501_8332nt_Moloney_murine_leukemia_virus,NC_001806_152222nt_Human_alphaherpesvirus_1,HPV16	PPT1	1
chr1	83542966	chr1:83542966	3	CCLE,NATGEN2015	HPV58,HPV16,HBV	LINC01362~RP11-413G15.1	1
chr1	89614690	chr1:89614690	3	CCLE,NATGEN2015	HPV33,NC_001501_8332nt_Moloney_murine_leukemia_virus,HPV16	GBP1P1	1
chr1	153537492	chr1:153537492	3	CCLE,NATGEN2015	HPV16,NC_001702_8135nt_Murine_type_C_retrovirus	S100A2	1
chr1	208543370	chr1:208543370	3	CCLE,NATGEN2015	HPV16,NC_001436_8507nt_Human_T_cell_leukemia_virus_type_I,HPV33	RP11-2P2.1~RP11-565N2.1	1
chr1	228234301	chr1:228234301	3	CCLE,NATGEN2015,TCGA^CESC	NC_001501_8332nt_Moloney_murine_leukemia_virus,HPV16	ARF1	1
chr1	233702595	chr1:233702595	3	CCLE,NATGEN2015	HPV16,NC_007815_8197nt_PreXMRV_1,NC_001702_8135nt_Murine_type_C_retrovirus	KCNK1	1
chr10	71670559	chr10:71670559	3	CCLE,NATGEN2015	HPV16,NC_001702_8135nt_Murine_type_C_retrovirus	CDH23	2
chr10	122369497	chr10:122369497	3	CCLE,TCGA^CESC	NC_001501_8332nt_Moloney_murine_leukemia_virus,NC_001669_5243nt_Macaca_mulatta_polyomavirus_1,HPV58	BTBD16	1
chr11	31419135	chr11:31419135	3	CCLE,NATGEN2015	HPV16,NC_001501_8332nt_Moloney_murine_leukemia_virus	DCDC1	1
chr11	32842826	chr11:32842826	3	CCLE,TCGA^CESC	HPV16,HPV31,NC_007815_8197nt_PreXMRV_1,NC_001702_8135nt_Murine_type_C_retrovirus	CCDC73	1
chr11	64082749	chr11:64082749	3	CCLE	NC_001501_8332nt_Moloney_murine_leukemia_virus,NC_001702_8135nt_Murine_type_C_retrovirus	COX8A	1
chr11	69908948	chr11:69908948	3	CCLE,TCGA^CESC,TCGA^HNSC	HPV16,HBV	FADD;RP11-805J14.5	1
chr11	83038653	chr11:83038653	3	CCLE,TCGA^CESC	HPV16,NC_001501_8332nt_Moloney_murine_leukemia_virus	ANKRD42	1
chr11	86787623	chr11:86787623	3	CCLE,NATGEN2015	NC_001501_8332nt_Moloney_murine_leukemia_virus,HPV33,HPV16	PRSS23	2
chr11	126353427	chr11:126353427	3	CCLE,NATGEN2015	HPV16,NC_001501_8332nt_Moloney_murine_leukemia_virus,HPV33	DCPS	1
chr11	129849623	chr11:129849623	3	CCLE,NATGEN2015	HPV16,HPV33,NC_001702_8135nt_Murine_type_C_retrovirus	LINC01395~RP11-507F16.1	1
chr12	6999898	chr12:6999898	3	CCLE,NATGEN2015	NC_006430_15246nt_Mammalian_orthorubulavirus_5,HPV58,HPV16	ENO2	1
chr12	13012052	chr12:13012052	3	CCLE	NC_001702_8135nt_Murine_type_C_retrovirus,NC_001501_8332nt_Moloney_murine_leukemia_virus	GPRC5A	2
chr12	15739736	chr12:15739736	3	CCLE,NATGEN2015	NC_001702_8135nt_Murine_type_C_retrovirus,HPV18,NC_001501_8332nt_Moloney_murine_leukemia_virus	EPS8	1
chr12	56207324	chr12:56207324	3	CCLE	NC_001702_8135nt_Murine_type_C_retrovirus,NC_001501_8332nt_Moloney_murine_leukemia_virus	IL23A	1
chr12	122362380	chr12:122362380	3	CCLE,TCGA^LIHC	NC_001501_8332nt_Moloney_murine_leukemia_virus,HBV	CLIP1	3
chr12	132492322	chr12:132492322	3	CCLE,NATGEN2015	HPV33,NC_007815_8197nt_PreXMRV_1,HPV16	GALNT9	1
chr13	113481760	chr13:113481760	3	CCLE,NATGEN2015	NC_007815_8197nt_PreXMRV_1,HPV33,NC_001501_8332nt_Moloney_murine_leukemia_virus	GRK1~LINC00552	1
chr14	32202152	chr14:32202152	3	CCLE,GTEx,GTEx	NC_001806_152222nt_Human_alphaherpesvirus_1,NC_001702_8135nt_Murine_type_C_retrovirus	RNU6-7	2
chr14	55109354	chr14:55109354	3	CCLE,NATGEN2015	HPV16,NC_001501_8332nt_Moloney_murine_leukemia_virus	ATG14;RP11-454L9.2	1
chr14	93063700	chr14:93063700	3	CCLE,TCGA^CESC,TCGA^LIHC	HBV,HPV45,NC_001702_8135nt_Murine_type_C_retrovirus	CHGA	1
chr14	102833671	chr14:102833671	3	CCLE,NATGEN2015	HPV16,NC_001702_8135nt_Murine_type_C_retrovirus	AL117209.1~AMN	1
chr15	64239873	chr15:64239873	3	CCLE,NATGEN2015,TCGA^LIHC	HBV,NC_001702_8135nt_Murine_type_C_retrovirus,HPV33	SNX1	1
chr15	65973776	chr15:65973776	3	CCLE,NATGEN2015	HPV16,NC_001702_8135nt_Murine_type_C_retrovirus	MAP2K1	1
chr15	73938022	chr15:73938022	3	CCLE,NATGEN2015	HPV16,NC_001702_8135nt_Murine_type_C_retrovirus	PML	2
chr15	80305706	chr15:80305706	3	CCLE,NATGEN2015	HPV16,NC_001501_8332nt_Moloney_murine_leukemia_virus	ARNT2	1
chr16	68455982	chr16:68455982	3	CCLE,NATGEN2015	NC_001702_8135nt_Murine_type_C_retrovirus,HPV33,HPV16	CDH3	1
chr16	87388445	chr16:87388445	3	CCLE,NATGEN2015	HPV16,NC_001501_8332nt_Moloney_murine_leukemia_virus	C16orf95;RP11-178L8.5	1
chr17	266419	chr17:266419	3	CCLE,NATGEN2015,TCGA^CESC	HPV11,HPV16,NC_007815_8197nt_PreXMRV_1	RPH3AL	3
chr17	4446637	chr17:4446637	3	CCLE,NATGEN2015	NC_001501_8332nt_Moloney_murine_leukemia_virus,HPV16,HPV31	MYBBP1A~GGT6	1
chr17	4850260	chr17:4850260	3	CCLE,GTEx	NC_001501_8332nt_Moloney_murine_leukemia_virus,Eppstein-Barr	PFN1;ENO3	3
chr17	8138569	chr17:8138569	3	CCLE,NATGEN2015	HPV16,NC_001702_8135nt_Murine_type_C_retrovirus	AC135178.7~SNORA69	1
chr17	19555266	chr17:19555266	3	CCLE,TCGA^LIHC	NC_007815_8197nt_PreXMRV_1,HBV,NC_001702_8135nt_Murine_type_C_retrovirus	CTD-2104P17.1	1
chr17	30976491	chr17:30976491	3	CCLE,GTEx,NATGEN2015	NC_001702_8135nt_Murine_type_C_retrovirus,Eppstein-Barr,HPV18	RNF135	1
chr17	35954307	chr17:35954307	3	CCLE,NATGEN2015	NC_001436_8507nt_Human_T_cell_leukemia_virus_type_I,NC_001702_8135nt_Murine_type_C_retrovirus,HPV16	TAF15	2
chr17	36376255	chr17:36376255	3	CCLE,NATGEN2015	HPV33,HPV16,NC_001501_8332nt_Moloney_murine_leukemia_virus	MYO19;PIGW	1
chr17	43043253	chr17:43043253	3	CCLE,NATGEN2015	HPV33,NC_001702_8135nt_Murine_type_C_retrovirus,HPV16	G6PC	1
chr17	50209212	chr17:50209212	3	CCLE,NATGEN2015	NC_001501_8332nt_Moloney_murine_leukemia_virus,HPV33	COL1A1	1
chr17	63802010	chr17:63802010	3	CCLE,NATGEN2015	NC_007815_8197nt_PreXMRV_1,HPV16,NC_001702_8135nt_Murine_type_C_retrovirus	DDX42	2
chr17	79968185	chr17:79968185	3	CCLE,TCGA^CESC	HPV16,HPV58,NC_009333_137969nt_Human_gammaherpesvirus_8	EIF4A3	2
chr17	81284747	chr17:81284747	3	CCLE,NATGEN2015	NC_007815_8197nt_PreXMRV_1,NC_001436_8507nt_Human_T_cell_leukemia_virus_type_I,HPV16	RP11-455O6.9~RP11-1055B8.9	1
chr17	82099437	chr17:82099437	3	CCLE,TCGA^LIHC	HBV,NC_001702_8135nt_Murine_type_C_retrovirus	CCDC57	1
chr18	2968721	chr18:2968721	3	CCLE,NATGEN2015	HPV16,NC_001501_8332nt_Moloney_murine_leukemia_virus	MYOM1	1
chr18	47959129	chr18:47959129	3	CCLE,TCGA^HNSC,TCGA^LIHC	HPV68,HBV,HPV16	ZBTB7C	2
chr19	3080746	chr19:3080746	3	CCLE,NATGEN2015	HPV11,NC_001501_8332nt_Moloney_murine_leukemia_virus,HPV16	AES~GNA11	1
chr19	6189478	chr19:6189478	3	CCLE,NATGEN2015,TCGA^LIHC	NC_001501_8332nt_Moloney_murine_leukemia_virus,HBV,HPV16	MLLT1	1
chr19	8579722	chr19:8579722	3	CCLE,NATGEN2015	NC_001436_8507nt_Human_T_cell_leukemia_virus_type_I,HPV33,HPV16	HNRNPM	1
chr19	11662443	chr19:11662443	3	CCLE,TCGA^LIHC	HBV,NC_007815_8197nt_PreXMRV_1,NC_001702_8135nt_Murine_type_C_retrovirus	HNRNPA1P10	2
chr19	34336464	chr19:34336464	3	CCLE,NATGEN2015	HPV11,NC_001702_8135nt_Murine_type_C_retrovirus,HPV16	CTC-523E23.4	1
chr19	54087250	chr19:54087250	3	CCLE,NATGEN2015	NC_001702_8135nt_Murine_type_C_retrovirus,HPV16	CACNG7	1
chr2	38448819	chr2:38448819	3	CCLE,TCGA^HNSC	NC_001702_8135nt_Murine_type_C_retrovirus,NC_001436_8507nt_Human_T_cell_leukemia_virus_type_I,HPV16	AC016995.3	1
chr2	70246723	chr2:70246723	3	CCLE,NATGEN2015	HPV33,NC_001702_8135nt_Murine_type_C_retrovirus,HPV16	AC016700.6~PCYOX1	1
chr2	131480438	chr2:131480438	3	CCLE,NATGEN2015	HPV33,HPV16,NC_001702_8135nt_Murine_type_C_retrovirus	AC073869.2~AC073869.1	1
chr2	197446103	chr2:197446103	3	CCLE,NATGEN2015,TCGA^CESC	HPV16,NC_001702_8135nt_Murine_type_C_retrovirus	ANKRD44	1
chr2	218337307	chr2:218337307	3	CCLE,TCGA^CESC	HPV16,NC_001501_8332nt_Moloney_murine_leukemia_virus	PNKD	1
chr20	2922046	chr20:2922046	3	CCLE,GTEx,NATGEN2015	NC_001806_152222nt_Human_alphaherpesvirus_1,HPV16,NC_001501_8332nt_Moloney_murine_leukemia_virus	AVP	1
chr20	20000219	chr20:20000219	3	CCLE,NATGEN2015	NC_007815_8197nt_PreXMRV_1,NC_001702_8135nt_Murine_type_C_retrovirus,HPV16	RIN2	2
chr20	25030651	chr20:25030651	3	CCLE,NATGEN2015,TCGA^HNSC	HPV33,HPV11,NC_007815_8197nt_PreXMRV_1	ACSS1	1
chr20	34738198	chr20:34738198	3	CCLE,NATGEN2015	HPV33,HPV16,NC_001501_8332nt_Moloney_murine_leukemia_virus	ACSS2	1
chr20	36951711	chr20:36951711	3	CCLE,NATGEN2015	HPV16,NC_001501_8332nt_Moloney_murine_leukemia_virus	MROH8	1
chr20	38030649	chr20:38030649	3	CCLE,NATGEN2015	HPV16,NC_001702_8135nt_Murine_type_C_retrovirus	RALGAPB	1
chr20	63503870	chr20:63503870	3	CCLE,GTEx,NATGEN2015	HPV16,NC_001806_152222nt_Human_alphaherpesvirus_1,NC_001702_8135nt_Murine_type_C_retrovirus	COL20A1	1
chr22	28950302	chr22:28950302	3	CCLE,NATGEN2015,TCGA^CESC	HPV31,NC_001501_8332nt_Moloney_murine_leukemia_virus,HPV11	chr22-38_28785274-29006793.1;KREMEN1	2
chr22	35611163	chr22:35611163	3	CCLE,NATGEN2015	HPV16,NC_001436_8507nt_Human_T_cell_leukemia_virus_type_I	RBFOX2	2
chr3	71304734	chr3:71304734	3	CCLE,NATGEN2015	NC_000858_9028nt_Simian_T_lymphotropic_virus_1,HPV16,NC_001436_8507nt_Human_T_cell_leukemia_virus_type_I	FOXP1	3
chr3	139235238	chr3:139235238	3	CCLE,NATGEN2015	NC_001501_8332nt_Moloney_murine_leukemia_virus,HPV16	MRPS22	2
chr3	146245607	chr3:146245607	3	CCLE,NATGEN2015	NC_001669_5243nt_Macaca_mulatta_polyomavirus_1,HPV16	PLOD2~PLSCR4	2
chr3	185354452	chr3:185354452	3	CCLE,NATGEN2015,TCGA^CESC	NC_001702_8135nt_Murine_type_C_retrovirus,HPV16	IGF2BP2	1
chr4	82375308	chr4:82375308	3	CCLE,NATGEN2015	NC_001501_8332nt_Moloney_murine_leukemia_virus,NC_001436_8507nt_Human_T_cell_leukemia_virus_type_I,HPV16	HNRNPD	2
chr4	121770570	chr4:121770570	3	CCLE,TCGA^LIHC	NC_001401_4679nt_Adeno_associated_virus_2,HBV,NC_001702_8135nt_Murine_type_C_retrovirus	CCNA2	2
chr5	14510546	chr5:14510546	3	CCLE,NATGEN2015	HPV16,NC_001702_8135nt_Murine_type_C_retrovirus	TRIO	2
chr5	56407982	chr5:56407982	3	CCLE,NATGEN2015	NC_001501_8332nt_Moloney_murine_leukemia_virus,NC_001702_8135nt_Murine_type_C_retrovirus,HPV16	CTC-236F12.4	1
chr5	116237778	chr5:116237778	3	CCLE,NATGEN2015	NC_001702_8135nt_Murine_type_C_retrovirus,HPV16	CTB-118N6.2~RPS17P2	1
chr5	121541371	chr5:121541371	3	CCLE,NATGEN2015	HPV16,NC_001702_8135nt_Murine_type_C_retrovirus,NC_007815_8197nt_PreXMRV_1	CTC-546K23.2~RP11-510I6.1	1
chr5	181140542	chr5:181140542	3	CCLE,GTEx,NATGEN2015	HPV16,Eppstein-Barr,NC_001702_8135nt_Murine_type_C_retrovirus	BTNL8	1
chr6	74998188	chr6:74998188	3	CCLE,NATGEN2015,TCGA^CESC	NC_001501_8332nt_Moloney_murine_leukemia_virus,HPV16	RP11-560O20.1~COL12A1	2
chr6	129509577	chr6:129509577	3	CCLE,NATGEN2015,TCGA^LIHC	HPV16,NC_007815_8197nt_PreXMRV_1,NC_001702_8135nt_Murine_type_C_retrovirus,HBV	LAMA2	2
chr7	44625533	chr7:44625533	3	CCLE,NATGEN2015	HPV18,HPV16,HPV33	NPC1L1	1
chr7	74190624	chr7:74190624	3	CCLE,NATGEN2015	HPV16,NC_007815_8197nt_PreXMRV_1	CLIP2	1
chr7	75239629	chr7:75239629	3	CCLE,NATGEN2015	NC_001501_8332nt_Moloney_murine_leukemia_virus,HPV33	GTF2IP1	2
chr7	116607248	chr7:116607248	3	CCLE,NATGEN2015	NC_001501_8332nt_Moloney_murine_leukemia_virus,HPV16	AC002066.1;CAV2	1
chr7	123947922	chr7:123947922	3	CCLE,GTEx,NATGEN2015	HPV16,NC_001501_8332nt_Moloney_murine_leukemia_virus,NC_001806_152222nt_Human_alphaherpesvirus_1	RP11-390E23.6~RNU6-11P	1
chr7	148721001	chr7:148721001	3	CCLE,NATGEN2015	HPV16,HPV11,NC_001702_8135nt_Murine_type_C_retrovirus	C7orf33	1
chr8	58525862	chr8:58525862	3	CCLE,NATGEN2015	HPV16,NC_001702_8135nt_Murine_type_C_retrovirus	NSMAF	1
chr8	79816384	chr8:79816384	3	CCLE,NATGEN2015,TCGA^CESC	HPV33,HPV16,NC_001702_8135nt_Murine_type_C_retrovirus	MRPS28	2
chr8	100622041	chr8:100622041	3	CCLE,GTEx,TCGA^LIHC	NC_001702_8135nt_Murine_type_C_retrovirus,Eppstein-Barr,HBV	PABPC1	2
chr9	41944368	chr9:41944368	3	CCLE,NATGEN2015	HBV,HPV16	ATP5A1P6~RAB28P3	1
chr9	92440256	chr9:92440256	3	CCLE,NATGEN2015	HPV33,NC_001436_8507nt_Human_T_cell_leukemia_virus_type_I,HPV16	FGD3	1
chr9	112166970	chr9:112166970	3	CCLE,NATGEN2015,TCGA^CESC	HPV16,NC_007815_8197nt_PreXMRV_1	HSDL2	1
chrX	39787798	chrX:39787798	3	CCLE,GTEx	NC_001702_8135nt_Murine_type_C_retrovirus,Eppstein-Barr	GAPDHP1	1
chrX	65020831	chrX:65020831	3	CCLE,NATGEN2015,TCGA^CESC	NC_007815_8197nt_PreXMRV_1,HPV16	AL445523.1~CCT4P2	1
chrY	57193713	chrY:57193713	3	CCLE,TCGA^CESC	NC_001436_8507nt_Human_T_cell_leukemia_virus_type_I,HPV16,NC_000858_9028nt_Simian_T_lymphotropic_virus_1	IL9R	3
chr1	42809615	chr1:42809615	3	GTEx,NATGEN2015,TCGA^BLCA	HPV16,HPV31,Eppstein-Barr	C1orf50	1
chr12	31777203	chr12:31777203	3	GTEx,NATGEN2015,TCGA^CESC	HPV59,NC_001806_152222nt_Human_alphaherpesvirus_1,HPV58	AMN1	1
chr13	22831792	chr13:22831792	3	GTEx,TCGA^CESC	HPV16,HPV58,NC_001806_152222nt_Human_alphaherpesvirus_1	AL157931.1~HMGA1P6	1
chr13	104228783	chr13:104228783	3	GTEx,GTEx,GTEx	NC_001806_152222nt_Human_alphaherpesvirus_1	ATP6V1G1P7~RPL7P45	3
chr14	69077515	chr14:69077515	3	GTEx,NATGEN2015	HPV33,HPV16,NC_001806_152222nt_Human_alphaherpesvirus_1	ACTN1	1
chr15	90553804	chr15:90553804	3	GTEx,TCGA^CESC,TCGA^HNSC	Eppstein-Barr,HPV16	CRTC3;CTD-3065B20.3	1
chr16	21897849	chr16:21897849	3	GTEx,NATGEN2015,TCGA^LIHC	NC_001806_152222nt_Human_alphaherpesvirus_1,HBV,HPV16	C16orf52;RP11-101E7.2	1
chr2	47523198	chr2:47523198	3	GTEx,GTEx,NATGEN2015	Eppstein-Barr,HPV16,NC_001806_152222nt_Human_alphaherpesvirus_1	AC073283.4;BCYRN1	1
chr6	34918218	chr6:34918218	3	GTEx,NATGEN2015	HPV16,Eppstein-Barr	ANKS1A	2
chr8	119094424	chr8:119094424	3	GTEx,NATGEN2015	HPV16,NC_001806_152222nt_Human_alphaherpesvirus_1	ENPP2	1
chr9	19378866	chr9:19378866	3	GTEx	Eppstein-Barr	RPS6	3
chr1	2437963	chr1:2437963	3	NATGEN2015,TCGA^CESC	HPV33,HPV16	MORN1	1
chr1	7838821	chr1:7838821	3	NATGEN2015	HPV16	UTS2~TNFRSF9	2
chr1	11613271	chr1:11613271	3	NATGEN2015	HPV16,HPV58	DRAXIN	2
chr1	18139769	chr1:18139769	3	NATGEN2015	HPV33,HPV16,HPV58	ACTL8~RP11-174G17.2	1
chr1	31084607	chr1:31084607	3	NATGEN2015,TCGA^CESC	HPV16,HPV33,HPV58	AC114494.1~RP11-439L8.2	1
chr1	31965678	chr1:31965678	3	NATGEN2015	HPV16,HPV33	HDAC1	1
chr1	41471749	chr1:41471749	3	NATGEN2015	HPV16,HPV11	HIVEP3	2
chr1	53020584	chr1:53020584	3	NATGEN2015,TCGA^LIHC	HPV33,HBV,HPV16	C1orf123	1
chr1	54937608	chr1:54937608	3	NATGEN2015,TCGA^CESC	HPV16	DHCR24	1
chr1	56438983	chr1:56438983	3	NATGEN2015,TCGA^CESC,TCGA^LIHC	HPV16,HBV	PPAP2B	1
chr1	57305166	chr1:57305166	3	NATGEN2015,TCGA^LIHC	HPV16,HBV	DAB1	3
chr1	74197291	chr1:74197291	3	NATGEN2015	HPV16,HPV11	FPGT	1
chr1	81266952	chr1:81266952	3	NATGEN2015	HPV16,HPV58	LPHN2	2
chr1	87540150	chr1:87540150	3	NATGEN2015,TCGA^HNSC	HPV16	RNA5SP52~RP11-60A14.1	2
chr1	114729450	chr1:114729450	3	NATGEN2015	HPV16	NRAS	2
chr1	117876780	chr1:117876780	3	NATGEN2015	HPV16,HPV33	AL390877.1~GDAP2	1
chr1	145322053	chr1:145322053	3	NATGEN2015,TCGA^CESC	HPV16,HPV11	AC241585.1~U1	1
chr1	155041432	chr1:155041432	3	NATGEN2015,TCGA^CESC	HPV16,HPV33	DCST2	1
chr1	161772215	chr1:161772215	3	NATGEN2015	HPV33,HPV16	ATF6	1
chr1	163479144	chr1:163479144	3	NATGEN2015,TCGA^LIHC	HPV16,HBV	NUF2~RP11-408E1.1	1
chr1	164790429	chr1:164790429	3	NATGEN2015,TCGA^CESC	HPV18,HPV52	PBX1	3
chr1	171180937	chr1:171180937	3	NATGEN2015,TCGA^CESC	HPV16	FMO2	1
chr1	188010210	chr1:188010210	3	NATGEN2015,TCGA^CESC	HPV16,HPV58	RP5-925F19.1~RP11-134C1.1	2
chr1	198239580	chr1:198239580	3	NATGEN2015,TCGA^CESC	HPV16,HPV58	AC093419.1~ATP6V1G3	1
chr1	203048075	chr1:203048075	3	NATGEN2015	HPV16,HPV58	TMEM183A	2
chr1	203678089	chr1:203678089	3	NATGEN2015,TCGA^CESC	HPV18,HPV58,HPV16	ATP2B4	1
chr1	209443930	chr1:209443930	3	NATGEN2015,TCGA^CESC	HPV73,HPV16	MIR205~RP1-272L16.1	1
chr1	212423062	chr1:212423062	3	NATGEN2015,TCGA^CESC,TCGA^LIHC	HPV16,HBV	ATF3	1
chr1	216465128	chr1:216465128	3	NATGEN2015,TCGA^CESC	HPV16,HPV45	ESRRG	2
chr1	236574424	chr1:236574424	3	NATGEN2015,TCGA^CESC,TCGA^LIHC	HBV,HPV16	HEATR1~ACTN2	1
chr1	240377460	chr1:240377460	3	NATGEN2015	HPV58,HPV16	FMN2	2
chr1	245738795	chr1:245738795	3	NATGEN2015,TCGA^HNSC	HPV16,HPV33	SMYD3;SMYD3	2
chr10	8060433	chr10:8060433	3	NATGEN2015	HPV58,HPV16	PRPF38AP1~LINC00708	1
chr10	10827996	chr10:10827996	3	NATGEN2015	HPV16	RP1-186E20.1~SFTA1P	1
chr10	20950740	chr10:20950740	3	NATGEN2015	HPV16	NEBL	3
chr10	28546847	chr10:28546847	3	NATGEN2015,TCGA^LIHC	HBV,HPV16	RNU4ATAC6P~TPRKBP1	1
chr10	31880132	chr10:31880132	3	NATGEN2015,TCGA^CESC	HPV16,HPV58	RN7SL825P~KIF5B	1
chr10	76421684	chr10:76421684	3	NATGEN2015,TCGA^LIHC	HPV16,HPV58,HBV	C10orf11	2
chr10	94252107	chr10:94252107	3	NATGEN2015,TCGA^LIHC	HBV,HPV16	NOC3L	1
chr10	113343384	chr10:113343384	3	NATGEN2015	HPV16	CASP7	1
chr10	118651748	chr10:118651748	3	NATGEN2015	HPV16,HPV58	CACUL1~RP11-215A21.2	1
chr10	125083702	chr10:125083702	3	NATGEN2015,TCGA^LIHC	HPV16,HBV	CTBP2	2
chr10	128597075	chr10:128597075	3	NATGEN2015	HPV33,HPV11,HPV16	RP11-264E18.1~RP11-442O18.2	2
chr11	11897868	chr11:11897868	3	NATGEN2015,TCGA^CESC	HPV58,HPV16	DKK3~RP13-631K18.2	1
chr11	13929509	chr11:13929509	3	NATGEN2015,TCGA^CESC	HPV16	RP11-98J9.1;RP11-98J9.2	1
chr11	20605604	chr11:20605604	3	NATGEN2015,TCGA^CESC	HPV16	NELL1	2
chr11	35626747	chr11:35626747	3	NATGEN2015,TCGA^CESC	HPV16	KRT18P14~RP11-698N11.2	1
chr11	54790805	chr11:54790805	3	NATGEN2015	HPV31,HPV33,HPV16	AC110283.1~TRIM48	2
chr11	58298214	chr11:58298214	3	NATGEN2015	HPV33,HPV16	OR5B15P~OR5B3	1
chr11	58871938	chr11:58871938	3	NATGEN2015	HPV16,HPV58	GLYAT	1
chr11	76319495	chr11:76319495	3	NATGEN2015,TCGA^HNSC	HPV33,HPV16	RP11-619A14.3~PRKRIR	2
chr11	97799657	chr11:97799657	3	NATGEN2015,TCGA^CESC	HPV58,HPV16	RNA5SP347~RP11-379J13.1	1
chr11	110833780	chr11:110833780	3	NATGEN2015	HPV16	ARHGAP20	1
chr11	117150856	chr11:117150856	3	NATGEN2015	HPV16	PAFAH1B2	1
chr11	119925871	chr11:119925871	3	NATGEN2015	HPV16	AP001994.1~RP11-831A10.2	1
chr12	1592154	chr12:1592154	3	NATGEN2015,TCGA^LIHC	HPV16,HBV	ADIPOR2	1
chr12	13499642	chr12:13499642	3	NATGEN2015	HPV16	GRIN2B	2
chr12	15118285	chr12:15118285	3	NATGEN2015	HPV16	LINC01489	1
chr12	22346191	chr12:22346191	3	NATGEN2015,TCGA^LIHC	HPV16,HBV,HPV18	ST8SIA1	3
chr12	30834183	chr12:30834183	3	NATGEN2015	HPV16	LINC00941	1
chr12	46512564	chr12:46512564	3	NATGEN2015,TCGA^CESC	HPV16,HPV58	RP11-446N19.1;RP11-96H19.1	2
chr12	56720435	chr12:56720435	3	NATGEN2015,TCGA^LIHC	HBV,HPV16	RBMS2	1
chr12	113695527	chr12:113695527	3	NATGEN2015	HPV33,HPV16,NC_001716_153080nt_Human_betaherpesvirus_7	LHX5-AS1~LINC01234	2
chr13	24877746	chr13:24877746	3	NATGEN2015,TCGA^CESC	HPV16	IRX1P1	1
chr13	48113330	chr13:48113330	3	NATGEN2015,TCGA^LIHC	HPV16,HBV	ITM2B	1
chr13	103300468	chr13:103300468	3	NATGEN2015,TCGA^CESC	HPV16	SLC10A2~LINC01309	3
chr13	105818091	chr13:105818091	3	NATGEN2015	HPV16,HPV58	LINC00343	1
chr13	114067082	chr13:114067082	3	NATGEN2015,TCGA^CESC,TCGA^HNSC	HPV16,HPV33	CDC16	1
chr14	40591943	chr14:40591943	3	NATGEN2015,TCGA^CESC	HPV18,HPV16	RP11-662J14.2~RP11-129M6.1	3
chr14	43620899	chr14:43620899	3	NATGEN2015	HPV16	KRT8P2~RP11-557C9.3	1
chr14	44123736	chr14:44123736	3	NATGEN2015,TCGA^LIHC	HBV,HPV11,HPV16	RP11-305B6.3	3
chr14	44584864	chr14:44584864	3	NATGEN2015,TCGA^CESC,TCGA^HNSC	HPV16	AL161752.1~RP11-99L13.1	1
chr14	48143757	chr14:48143757	3	NATGEN2015	HPV18,HPV16	RP11-10A2.1~RP11-2G1.3	2
chr14	61521861	chr14:61521861	3	NATGEN2015,TCGA^LIHC	HBV,HPV16	PRKCH	2
chr14	79000180	chr14:79000180	3	NATGEN2015	HPV16,HPV18	NRXN3	3
chr14	87064084	chr14:87064084	3	NATGEN2015	HPV11,HPV16	RP11-322L20.1	1
chr14	104575857	chr14:104575857	3	NATGEN2015	HPV16,HPV33	CTD-3051D23.3~PLD4	1
chr15	22044367	chr15:22044367	3	NATGEN2015,TCGA^CESC,TCGA^LIHC	HPV16,HBV	MIR1268A~RP11-603B24.2	1
chr15	92835224	chr15:92835224	3	NATGEN2015	HPV16	CHD2	1
chr15	93509783	chr15:93509783	3	NATGEN2015,TCGA^HNSC	HPV16	RP11-266O8.1	2
chr15	96434798	chr15:96434798	3	NATGEN2015,TCGA^CESC	HPV18,HPV16,HPV11	RP11-522B15.4	1
chr16	1130286	chr16:1130286	3	NATGEN2015,TCGA^HNSC,TCGA^LIHC	HPV16,HBV	IFT140	1
chr16	7811788	chr16:7811788	3	NATGEN2015,TCGA^HNSC	HPV16	AC093515.1~RP11-279O17.2	1
chr16	20504410	chr16:20504410	3	NATGEN2015,TCGA^CESC,TCGA^LIHC	HPV16,HPV33,HBV	ACSM2A	1
chr16	26000936	chr16:26000936	3	NATGEN2015	HPV16,HPV58	HS3ST4	2
chr16	29247348	chr16:29247348	3	NATGEN2015,TCGA^LIHC	HBV,HPV16	RP11-426C22.8~RP11-231C14.6	1
chr16	35679838	chr16:35679838	3	NATGEN2015	HPV16	RP11-14K3.2~RP11-14K3.7	1
chr16	60735100	chr16:60735100	3	NATGEN2015	HPV16	AC009080.1~RP11-90K18.1	2
chr17	26721462	chr17:26721462	3	NATGEN2015,TCGA^LIHC	HBV,HPV16	RP11-846F4.11~RP11-260A9.1	3
chr17	78870998	chr17:78870998	3	NATGEN2015,TCGA^CESC	HPV16,HPV58	RBFOX3	2
chr17	82752262	chr17:82752262	3	NATGEN2015	HPV11,HPV33,HPV16	TBCD	2
chr18	3489083	chr18:3489083	3	NATGEN2015,TCGA^CESC	HPV16	DLGAP1	2
chr18	15586834	chr18:15586834	3	NATGEN2015,TCGA^CESC	HPV11,HPV16	RNU6-721P~ROCK1	3
chr18	20464335	chr18:20464335	3	NATGEN2015,TCGA^CESC	HPV33,HPV16	RNU6-721P~ROCK1	3
chr18	26670776	chr18:26670776	3	NATGEN2015	HPV16,HPV33	AQP4-AS1	1
chr18	28583578	chr18:28583578	3	NATGEN2015,TCGA^CESC,TCGA^HNSC	HPV16	ARIH2P1~RP11-510D21.1	1
chr18	31056651	chr18:31056651	3	NATGEN2015	HPV16	DSC3~DSC2	3
chr18	67956777	chr18:67956777	3	NATGEN2015,TCGA^LIHC	HPV16,HBV	RP11-421N8.1~RP11-128D14.1	1
chr19	9045507	chr19:9045507	3	NATGEN2015,TCGA^HNSC	HPV16	BOLA3P2~OR1M4P	1
chr19	14070894	chr19:14070894	3	NATGEN2015,TCGA^CESC	HPV16	CTC-548K16.1~CD97	1
chr19	21392139	chr19:21392139	3	NATGEN2015,TCGA^CESC	HPV16	RP11-678G14.2~RP11-678G14.3	1
chr19	29783074	chr19:29783074	3	NATGEN2015,TCGA^LIHC	HBV,HPV33	CCNE1	2
chr19	30967800	chr19:30967800	3	NATGEN2015	HPV16	CTC-400I9.2~CTC-400I9.1	1
chr19	42500066	chr19:42500066	3	NATGEN2015,TCGA^HNSC	HPV16,HPV58	LIPE-AS1	1
chr19	43340640	chr19:43340640	3	NATGEN2015,TCGA^HNSC	HPV16	CTC-490G23.2~CD177	1
chr19	45756516	chr19:45756516	3	NATGEN2015	HPV16	AC007193.6;AC006262.4	1
chr19	53518863	chr19:53518863	3	NATGEN2015,TCGA^LIHC	HPV16,HBV	CTC-339O9.2~MIR512-1	1
chr19	55955851	chr19:55955851	3	NATGEN2015,TCGA^CESC	HPV16	CTD-2621I17.8~ZNF444	1
chr2	10594008	chr2:10594008	3	NATGEN2015,TCGA^HNSC	HPV16	AC007249.3~AC092687.5	1
chr2	19558624	chr2:19558624	3	NATGEN2015	HPV16	AC010096.2~AC019055.1	3
chr2	28749925	chr2:28749925	3	NATGEN2015	HPV16	PLB1	1
chr2	40261470	chr2:40261470	3	NATGEN2015	HPV16	SLC8A1	2
chr2	41743657	chr2:41743657	3	NATGEN2015,TCGA^CESC	HPV16	AC010739.1~LDHAP3	1
chr2	42919486	chr2:42919486	3	NATGEN2015,TCGA^LIHC	HBV,HPV33,HPV58	AC016735.2	1
chr2	43972787	chr2:43972787	3	NATGEN2015,TCGA^CESC	HPV18,HPV33,HPV16	DYNC2LI1	1
chr2	60394159	chr2:60394159	3	NATGEN2015,TCGA^CESC,TCGA^LIHC	HBV,HPV33,HPV16	AC007381.2	1
chr2	66389120	chr2:66389120	3	NATGEN2015,TCGA^LIHC	HPV16,HBV	MEIS1	2
chr2	82066663	chr2:82066663	3	NATGEN2015,TCGA^LIHC	HPV16,HBV	AC079896.1~RNU6-685P	2
chr2	113779833	chr2:113779833	3	NATGEN2015	HPV16	AC017074.2	1
chr2	121949578	chr2:121949578	3	NATGEN2015,TCGA^LIHC	HBV,HPV16	AC018737.3~AC062020.2	3
chr2	156310763	chr2:156310763	3	NATGEN2015,TCGA^HNSC	HPV16	AC073551.1~NR4A2	2
chr2	162035555	chr2:162035555	3	NATGEN2015	HPV16	DPP4;AC008063.2	1
chr2	163552420	chr2:163552420	3	NATGEN2015,TCGA^BLCA	NC_001538_5153nt_Human_polyomavirus_1,HPV16	RNU6-627P~FIGN	2
chr2	168839469	chr2:168839469	3	NATGEN2015,TCGA^CESC	HPV16	NOSTRIN	1
chr2	169603041	chr2:169603041	3	NATGEN2015	HPV16	BBS5	1
chr2	176716110	chr2:176716110	3	NATGEN2015,TCGA^CESC	HPV18,HPV16,HPV11	AC073636.1~RNU6-187P	1
chr2	182934363	chr2:182934363	3	NATGEN2015,TCGA^LIHC	HPV16,HBV	NCKAP1	2
chr2	193132553	chr2:193132553	3	NATGEN2015	HPV11,HPV16	AC092638.1~AC092638.2	1
chr2	205593868	chr2:205593868	3	NATGEN2015,TCGA^CESC	HPV16	PARD3B	2
chr20	14485744	chr20:14485744	3	NATGEN2015,TCGA^CESC	HPV16,HPV18	MACROD2	2
chr20	22523861	chr20:22523861	3	NATGEN2015	HPV16	RP5-1004I9.1~LINC00261	2
chr20	41399525	chr20:41399525	3	NATGEN2015,TCGA^CESC	HPV16	CHD6	2
chr21	38817966	chr21:38817966	3	NATGEN2015,TCGA^HNSC	HPV16,HPV53	AF064858.6	1
chr21	39906587	chr21:39906587	3	NATGEN2015	HPV33,HPV16	PCP4	2
chr22	14474351	chr22:14474351	3	NATGEN2015,TCGA^CESC	HPV16	CU463998.2~U6	3
chr22	15855081	chr22:15855081	3	NATGEN2015	HPV16,HPV33	DUXAP8;AP000525.10	1
chr22	21603502	chr22:21603502	3	NATGEN2015,TCGA^LIHC	HBV,HPV16	UBE2L3	2
chr22	44646307	chr22:44646307	3	NATGEN2015	HPV16,HPV33	LINC00229	2
chr3	13299837	chr3:13299837	3	NATGEN2015,TCGA^CESC	HPV16,HPV33	NUP210	2
chr3	32431106	chr3:32431106	3	NATGEN2015	HPV16,HPV58	CMTM6	1
chr3	32997254	chr3:32997254	3	NATGEN2015	HPV11,HPV16	SUSD5	1
chr3	35774314	chr3:35774314	3	NATGEN2015	HPV16,HPV33	AC104308.2~RFC3P1	2
chr3	49519078	chr3:49519078	3	NATGEN2015,TCGA^CESC	HPV18,HPV16,HPV58	DAG1	2
chr3	50376706	chr3:50376706	3	NATGEN2015	HPV16,HPV33,HPV18	C3orf18	1
chr3	58673100	chr3:58673100	3	NATGEN2015,TCGA^CESC,TCGA^LIHC	HPV33,HBV,HPV16	ACOX2	1
chr3	74587530	chr3:74587530	3	NATGEN2015	HPV58,HPV33,HPV16	AC128653.1~NIPA2P2	2
chr3	89129409	chr3:89129409	3	NATGEN2015,TCGA^CESC	HPV16	EPHA3	3
chr3	94158974	chr3:94158974	3	NATGEN2015,TCGA^LIHC	HPV16,HPV33,HBV	ARL13B;DHFRL1	1
chr3	112388566	chr3:112388566	3	NATGEN2015	HPV16,HPV33	CD200	2
chr3	137730178	chr3:137730178	3	NATGEN2015,TCGA^CESC	HPV16	RP11-2A4.4~HSPA8P9	3
chr3	139842134	chr3:139842134	3	NATGEN2015	HPV31,HPV16,HPV18	CLSTN2	2
chr3	141579172	chr3:141579172	3	NATGEN2015	HPV33,HPV58,HPV16	GRK7	1
chr3	156357017	chr3:156357017	3	NATGEN2015,TCGA^CESC,TCGA^LIHC	HBV,HPV16	KCNAB1	3
chr3	160525240	chr3:160525240	3	NATGEN2015,TCGA^CESC	HPV16,HPV33	KPNA4	1
chr3	169564006	chr3:169564006	3	NATGEN2015	HPV45,HPV16	LRRIQ4	1
chr3	176149476	chr3:176149476	3	NATGEN2015	HPV16	RP11-78E6.1~LINC01208	1
chr3	178716316	chr3:178716316	3	NATGEN2015	HPV16	KCNMB2;KCNMB2-AS1	2
chr3	190388874	chr3:190388874	3	NATGEN2015,TCGA^CESC	HPV45,HPV16	CLDN16	1
chr3	195165727	chr3:195165727	3	NATGEN2015,TCGA^CESC	HPV16,HPV45	XXYLT1	2
chr4	38384	chr4:38384	3	NATGEN2015,TCGA^CESC	HPV16	~BNIP3P41	2
chr4	1785424	chr4:1785424	3	NATGEN2015,TCGA^CESC	HPV16,HPV33,HPV18	FGFR3	1
chr4	7188307	chr4:7188307	3	NATGEN2015	HPV16,HPV58,HPV33	SORCS2	2
chr4	27851326	chr4:27851326	3	NATGEN2015	HPV16	IGBP1P5~AC007106.1	3
chr4	29309632	chr4:29309632	3	NATGEN2015,TCGA^CESC	HPV18,HPV16	RP11-68D16.1~RP11-68D16.2	2
chr4	40877477	chr4:40877477	3	NATGEN2015,TCGA^CESC	HPV16,HPV18,HPV11	APBB2	1
chr4	44328752	chr4:44328752	3	NATGEN2015,TCGA^LIHC	HBV,HPV16	AC131951.1~RP11-500G9.1	1
chr4	46557955	chr4:46557955	3	NATGEN2015	HPV58,HPV16	COX7B2	1
chr4	51219224	chr4:51219224	3	NATGEN2015,TCGA^CESC	HPV16,HPV31,HPV33	AC119751.4~DUTP7	3
chr4	56507015	chr4:56507015	3	NATGEN2015,TCGA^CESC	HPV16	HOPX~RPL17P20	1
chr4	65712268	chr4:65712268	3	NATGEN2015,TCGA^LIHC	HBV,HPV16	EPHA5	1
chr4	67679537	chr4:67679537	3	NATGEN2015,TCGA^CESC	HPV33,HPV16	CENPC	1
chr4	101003654	chr4:101003654	3	NATGEN2015	HPV16,HPV11	PPP3CA	2
chr4	123873332	chr4:123873332	3	NATGEN2015	HPV16	RP11-107E21.1~RP11-728C8.1	3
chr4	138067446	chr4:138067446	3	NATGEN2015	HPV16,HPV33	LINC00500~RP11-310A13.2	1
chr4	139875482	chr4:139875482	3	NATGEN2015,TCGA^HNSC	HPV16	MAML3	3
chr4	168247448	chr4:168247448	3	NATGEN2015,TCGA^CESC	HPV16,HPV18,HPV11	ANXA10	1
chr5	1765824	chr5:1765824	3	NATGEN2015	HPV16	CTD-2194D22.2~CTD-2194D22.5	1
chr5	12312040	chr5:12312040	3	NATGEN2015,TCGA^LIHC	HPV16,HBV	CTNND2~RNU6-679P	1
chr5	29489520	chr5:29489520	3	NATGEN2015,TCGA^CESC	HPV16	CTD-2118P12.1~CTD-2010I22.2	1
chr5	48853705	chr5:48853705	3	NATGEN2015,TCGA^CESC	HPV16,HPV33	CTD-2013M15.1~EMB	3
chr5	59432239	chr5:59432239	3	NATGEN2015,TCGA^CESC	HPV18,HPV16	PDE4D	3
chr5	68163333	chr5:68163333	3	NATGEN2015,TCGA^CESC,TCGA^LIHC	HPV18,HBV,HPV16	AC010376.1~CTD-2060F24.1	1
chr5	74241196	chr5:74241196	3	NATGEN2015	HPV16,HPV58	CTD-2292M14.1~LINC01335	1
chr5	78356373	chr5:78356373	3	NATGEN2015	HPV16,HPV59	AP3B1	1
chr5	79867045	chr5:79867045	3	NATGEN2015,TCGA^CESC	HPV16,HPV18	CMYA5	1
chr5	85266195	chr5:85266195	3	NATGEN2015,TCGA^HNSC	HPV16	RP11-1072N2.4~CTD-2331D11.2	2
chr5	95074849	chr5:95074849	3	NATGEN2015	HPV16,HPV33	MCTP1	2
chr5	98811086	chr5:98811086	3	NATGEN2015	HPV33,HPV16	AC022142.1~CTC-463N11.1	1
chr5	104065760	chr5:104065760	3	NATGEN2015,TCGA^LIHC	HPV16,HBV	NUDT12~RP11-138J23.1	1
chr5	149482449	chr5:149482449	3	NATGEN2015	HPV16	ARHGEF37	1
chr6	1981085	chr6:1981085	3	NATGEN2015	HPV16	GMDS	3
chr6	13420758	chr6:13420758	3	NATGEN2015	HPV16,HPV59	NOL7;RANBP9	1
chr6	37965093	chr6:37965093	3	NATGEN2015	HPV16	ZFAND3	2
chr6	48783855	chr6:48783855	3	NATGEN2015,TCGA^CESC	HPV16	RP1-281E18.1~RP1-57E3.1	2
chr6	58117477	chr6:58117477	3	NATGEN2015,TCGA^CESC,TCGA^LIHC	HPV45,HBV,HPV16	RP11-278J20.2~RBBP4P4	2
chr6	61308721	chr6:61308721	3	NATGEN2015,TCGA^CESC	HPV16	AL356131.1~RP1-91N13.1	1
chr6	63537938	chr6:63537938	3	NATGEN2015,TCGA^LIHC	HPV16,HBV	PHF3	2
chr6	83806649	chr6:83806649	3	NATGEN2015	HPV16	RP3-393K13.1~RIPPLY2	3
chr6	85139058	chr6:85139058	3	NATGEN2015	HPV16,HPV33	RP3-435K13.1~RP3-455E7.1	1
chr6	106923473	chr6:106923473	3	NATGEN2015,TCGA^CESC	HPV16	CD24~C6orf203	2
chr6	130450975	chr6:130450975	3	NATGEN2015,TCGA^CESC	HPV18,HPV16	RP11-102N11.1~SMLR1	1
chr6	134633386	chr6:134633386	3	NATGEN2015	HPV16	RP11-557H15.4	2
chr6	142245219	chr6:142245219	3	NATGEN2015	HPV16	GPR126	1
chr6	160163917	chr6:160163917	3	NATGEN2015,TCGA^CESC	HPV16,HPV58,HPV11	SLC22A2	2
chr6	163758478	chr6:163758478	3	NATGEN2015	HPV58,HPV16	RN7SL366P~RP1-155D22.2	1
chr6	167367170	chr6:167367170	3	NATGEN2015	HPV16,HPV33	TCP10~RP11-351J23.2	2
chr7	21320389	chr7:21320389	3	NATGEN2015	HPV16,HPV18	ASS1P11~RNU1-15P	1
chr7	53125291	chr7:53125291	3	NATGEN2015,TCGA^CESC,TCGA^LIHC	HBV,HPV16	POM121L12~HAUS6P1	2
chr7	54071934	chr7:54071934	3	NATGEN2015	HPV16	RP11-806J6.1~HPVC1	2
chr7	65398268	chr7:65398268	3	NATGEN2015	HPV16,HPV11	RP11-667F9.1	1
chr7	65959457	chr7:65959457	3	NATGEN2015,TCGA^LIHC	HBV,HPV11,HPV16	RP11-252P18.1~RP5-1132H15.3	1
chr7	71589460	chr7:71589460	3	NATGEN2015,TCGA^CESC	HPV16,HPV11	CALN1	2
chr7	77116674	chr7:77116674	3	NATGEN2015	HPV16,HPV18	FDPSP7~AC005522.7	1
chr7	88677628	chr7:88677628	3	NATGEN2015,TCGA^LIHC	HPV16,HBV	AC002069.6~AC002069.5	2
chr7	100084526	chr7:100084526	3	NATGEN2015,TCGA^CESC,TCGA^LIHC	HPV18,HBV	GATS~SPDYE3	1
chr7	133739414	chr7:133739414	3	NATGEN2015	HPV16	EXOC4	2
chr7	144015239	chr7:144015239	3	NATGEN2015	HPV16	OR2A12~OR2A2	1
chr7	157882229	chr7:157882229	3	NATGEN2015	HPV16,HPV33	PTPRN2	2
chr7	158371459	chr7:158371459	3	NATGEN2015,TCGA^CESC	HPV33,HPV16	PTPRN2	3
chr8	29011493	chr8:29011493	3	NATGEN2015	HPV16,HPV33	CTD-2647L4.1;KIF13B	1
chr8	41088784	chr8:41088784	3	NATGEN2015,TCGA^CESC	HPV16,HPV33	GINS4	1
chr8	47783516	chr8:47783516	3	NATGEN2015,TCGA^CESC	HPV16	RNU6-519P~UBE2V2	2
chr8	52337868	chr8:52337868	3	NATGEN2015,TCGA^LIHC	HPV16,HPV33,HBV	CTD-3214K23.1~AC087348.1	1
chr8	55002830	chr8:55002830	3	NATGEN2015	HPV16	RP11-56A10.1~RP11-386G21.1	2
chr8	60118557	chr8:60118557	3	NATGEN2015,TCGA^LIHC	HBV,HPV16	RP11-88H1.1~RP11-27P7.1	2
chr8	84268850	chr8:84268850	3	NATGEN2015,TCGA^LIHC	HPV16,HBV	RALYL	2
chr8	98492210	chr8:98492210	3	NATGEN2015	HPV16	KB-1517D11.3~KB-1517D11.2	1
chr8	122080870	chr8:122080870	3	NATGEN2015	HPV16	RP11-398G24.2	2
chr9	17462187	chr9:17462187	3	NATGEN2015	HPV16	CNTLN	2
chr9	28530242	chr9:28530242	3	NATGEN2015,TCGA^CESC	HPV58,HPV33,HPV16	LINGO2	2
chr9	38073963	chr9:38073963	3	NATGEN2015	HPV16	GAS2L1P1	1
chr9	65966132	chr9:65966132	3	NATGEN2015	HPV16,HPV33,HPV11	FAM95B1	1
chr9	76349305	chr9:76349305	3	NATGEN2015,TCGA^LIHC	HPV16,HPV33,HBV	PCSK5	2
chr9	95745481	chr9:95745481	3	NATGEN2015	HPV33,HPV16	ERCC6L2	1
chr9	98907097	chr9:98907097	3	NATGEN2015	HPV16,HPV33	ANKS6	1
chr9	99809083	chr9:99809083	3	NATGEN2015,TCGA^HNSC	HPV16	NR4A3~STX17-AS1	1
chr9	116690701	chr9:116690701	3	NATGEN2015,TCGA^CESC	HPV16	ASTN2	3
chr9	118165410	chr9:118165410	3	NATGEN2015,TCGA^CESC	HPV16,HPV11	RP11-127L21.1~TUBB4BP6	1
chr9	124387027	chr9:124387027	3	NATGEN2015,TCGA^CESC,TCGA^LIHC	HPV16,HBV	GPR144	1
chr9	135662075	chr9:135662075	3	NATGEN2015	HPV33,HPV16	AL161452.1~OBP2A	1
chrX	10723746	chrX:10723746	3	NATGEN2015	HPV33,HPV16	MID1	2
chrX	25699324	chrX:25699324	3	NATGEN2015	HPV16	RP11-298C3.2~RP11-86A5.1	2
chrX	28208429	chrX:28208429	3	NATGEN2015,TCGA^CESC	HPV16	AC078988.1~MIR6134	1
chrX	43498319	chrX:43498319	3	NATGEN2015	HPV16,HPV33	NANOGP10~MAOA	2
chrX	48853865	chrX:48853865	3	NATGEN2015,TCGA^CESC	HPV16,HPV18	AF196970.3	1
chrX	51437142	chrX:51437142	3	NATGEN2015	HPV16,HPV33	NUDT11	1
chrX	57733776	chrX:57733776	3	NATGEN2015,TCGA^CESC	HPV16,HPV58	RP1-49C23.1~ZXDA	2
chrX	68643172	chrX:68643172	3	NATGEN2015	HPV16	STARD8	2
chrX	76481490	chrX:76481490	3	NATGEN2015	HPV33,HPV16	MIR325HG	2
chrX	88685232	chrX:88685232	3	NATGEN2015	HPV16,HPV33	CTD-2194M22.1~CPXCR1	2
chrX	99489527	chrX:99489527	3	NATGEN2015	HPV16,HPV18,HPV33	AL109750.1~RP3-377O6.2	2
chrX	124287035	chrX:124287035	3	NATGEN2015	HPV16	STAG2	2
chrX	136141711	chrX:136141711	3	NATGEN2015,TCGA^CESC	HPV16,HPV18	MAP7D3~STK24P1	2
chrY	2499389	chrY:2499389	3	NATGEN2015,TCGA^CESC	HPV16	DHRSX	2
chr11	101616202	chr11:101616202	3	TCGA^CESC	HPV45	TRPC6	3
chr11	120348767	chr11:120348767	3	TCGA^CESC,TCGA^LIHC	HPV16,HBV	ARHGEF12~TCEB1P22	2
chr18	44613	chr18:44613	3	TCGA^CESC,TCGA^HNSC	HPV16,HPV58	AP005530.1	2
chr2	191232433	chr2:191232433	3	TCGA^CESC,TCGA^LIHC	HPV45,HBV	AC068056.1~uc_338	1
chrX	108517883	chrX:108517883	3	TCGA^CESC	HPV18,HPV16	COL4A5	3
