multiqc_index,sample,genotype,feature,score,position,chr,chr_position,end,strand,match,counts
reads_R-HPV58|0,reads_R-HPV58,HPV58,right,10,6313,chr6,138045578,138045606,+,36,7
reads_R-HPV58|1,reads_R-HPV58,HPV58,right,10,1946,chr3,41820269,41820238,-,35,4
reads_R-HPV58|2,reads_R-HPV58,HPV58,right,10,1705,chr7,24144769,24144741,-,36,3
reads_R-HPV58|3,reads_R-HPV58,HPV58,right,10,3660,chr20,40901291,40901260,-,32,2
reads_R-HPV58|4,reads_R-HPV58,HPV58,right,4,3385,chrX,111358027,111358058,+,38,13
reads_R-HPV58|5,reads_R-HPV58,HPV58,right,4,3385,chr9,61583057,61583088,+,41,13
reads_R-HPV58|6,reads_R-HPV58,HPV58,right,4,3385,chr6,37412416,37412447,+,39,13
reads_R-HPV58|7,reads_R-HPV58,HPV58,right,4,3385,chr2,9276739,9276770,+,40,13
reads_R-HPV58|8,reads_R-HPV58,HPV58,right,4,3385,chr17,48835950,48835981,+,39,13
reads_R-HPV58|9,reads_R-HPV58,HPV58,right,4,3385,chr8,8806778,8806747,-,40,13
reads_R-HPV58|10,reads_R-HPV58,HPV58,right,4,3385,chr3,178970583,178970552,-,41,13
reads_R-HPV58|11,reads_R-HPV58,HPV58,right,4,3385,chr20,25835613,25835582,-,42,13
reads_R-HPV58|12,reads_R-HPV58,HPV58,right,4,3385,chr20,3776357,3776326,-,40,13
reads_R-HPV58|13,reads_R-HPV58,HPV58,right,4,3385,chr14,98560650,98560619,-,39,13
reads_R-HPV58|14,reads_R-HPV58,HPV58,right,4,1576,chr6,6115921,6115957,+,41,12
reads_R-HPV58|15,reads_R-HPV58,HPV58,right,4,1576,chr4,71506422,71506458,+,41,12
reads_R-HPV58|16,reads_R-HPV58,HPV58,right,4,1576,chr2,129789130,129789166,+,40,12
reads_R-HPV58|17,reads_R-HPV58,HPV58,right,4,1576,chr1,176420913,176420949,+,40,12
reads_R-HPV58|18,reads_R-HPV58,HPV58,right,4,1576,chr8,97535000,97534965,-,40,12
reads_R-HPV58|19,reads_R-HPV58,HPV58,right,4,1576,chr7,29222140,29222104,-,41,12
reads_R-HPV58|20,reads_R-HPV58,HPV58,right,4,1576,chr6,127771195,127771159,-,41,12
reads_R-HPV58|21,reads_R-HPV58,HPV58,right,4,1576,chr2,71274656,71274620,-,41,12
reads_R-HPV58|22,reads_R-HPV58,HPV58,right,4,3385,chr9,65514214,65514246,+,41,12
reads_R-HPV58|23,reads_R-HPV58,HPV58,right,4,3385,chr19,57770324,57770356,+,40,12
reads_R-HPV58|24,reads_R-HPV58,HPV58,right,4,3385,chr11,85992485,85992518,+,40,12
reads_R-HPV58|25,reads_R-HPV58,HPV58,right,4,3385,chr5,178807853,178807820,-,41,12
reads_R-HPV58|26,reads_R-HPV58,HPV58,right,4,1576,chrX,73478040,73478076,+,40,11
reads_R-HPV58|27,reads_R-HPV58,HPV58,right,4,1576,chr4,161576098,161576062,-,40,11
reads_R-HPV58|28,reads_R-HPV58,HPV58,right,4,1576,chr4,462184,462148,-,42,11
reads_R-HPV58|29,reads_R-HPV58,HPV58,right,4,1576,chr14,81043366,81043330,-,41,11
reads_R-HPV58|30,reads_R-HPV58,HPV58,right,4,1576,chr1,209056350,209056314,-,40,11
reads_R-HPV58|31,reads_R-HPV58,HPV58,right,4,3385,chr9,61943843,61943809,-,41,11
reads_R-HPV58|32,reads_R-HPV58,HPV58,right,4,3385,chr19,33295043,33295013,-,40,11
reads_R-HPV58|33,reads_R-HPV58,HPV58,right,4,3385,chr19,36761257,36761223,-,39,11
reads_R-HPV58|34,reads_R-HPV58,HPV58,right,4,1576,chr10,32496126,32496160,+,40,10
reads_R-HPV58|35,reads_R-HPV58,HPV58,right,4,2755,chr18,15800918,15800887,-,40,10
reads_R-HPV58|36,reads_R-HPV58,HPV58,right,4,2755,chr18,15804988,15804957,-,40,10
reads_R-HPV58|37,reads_R-HPV58,HPV58,right,4,2755,chr18,15811104,15811073,-,40,10
reads_R-HPV58|38,reads_R-HPV58,HPV58,right,4,2755,chr18,15817549,15817518,-,40,10
reads_R-HPV58|39,reads_R-HPV58,HPV58,right,4,2755,chr18,15831619,15831588,-,40,10
reads_R-HPV58|40,reads_R-HPV58,HPV58,right,4,2755,chr18,15834338,15834307,-,40,10
reads_R-HPV58|41,reads_R-HPV58,HPV58,right,4,2755,chr18,15839770,15839739,-,40,10
reads_R-HPV58|42,reads_R-HPV58,HPV58,right,4,3385,chr22,38191629,38191600,-,38,10
reads_R-HPV58|43,reads_R-HPV58,HPV58,right,4,1576,chrX,144109363,144109330,-,39,9
reads_R-HPV58|44,reads_R-HPV58,HPV58,right,4,3385,chr22,36094126,36094098,-,32,9
reads_R-HPV58|45,reads_R-HPV58,HPV58,right,4,3385,chr17,19858787,19858759,-,34,9
reads_R-HPV58|46,reads_R-HPV58,HPV58,right,4,3385,chr14,50181263,50181234,-,34,9
reads_R-HPV58|47,reads_R-HPV58,HPV58,right,4,1576,chr6,112403113,112403150,+,39,8
reads_R-HPV58|48,reads_R-HPV58,HPV58,right,4,1576,chr5,96099056,96099093,+,36,8
reads_R-HPV58|49,reads_R-HPV58,HPV58,right,4,1576,chr5,45094916,45094953,+,38,8
reads_R-HPV58|50,reads_R-HPV58,HPV58,right,4,1576,chr2,195949026,195949063,+,40,8
reads_R-HPV58|51,reads_R-HPV58,HPV58,right,4,1576,chr18,1879953,1879990,+,39,8
reads_R-HPV58|52,reads_R-HPV58,HPV58,right,4,1576,chr14,61054607,61054644,+,39,8
reads_R-HPV58|53,reads_R-HPV58,HPV58,right,4,1576,chr1,171856606,171856643,+,36,8
reads_R-HPV58|54,reads_R-HPV58,HPV58,right,4,1576,chr9,78154188,78154151,-,39,8
reads_R-HPV58|55,reads_R-HPV58,HPV58,right,4,1576,chr9,32512999,32512962,-,40,8
reads_R-HPV58|56,reads_R-HPV58,HPV58,right,4,1576,chrX,70867302,70867265,-,40,8
reads_R-HPV58|57,reads_R-HPV58,HPV58,right,4,1576,chr6,93435331,93435294,-,40,8
reads_R-HPV58|58,reads_R-HPV58,HPV58,right,4,1576,chr3,169571270,169571233,-,41,8
reads_R-HPV58|59,reads_R-HPV58,HPV58,right,4,1576,chr3,41929767,41929730,-,41,8
reads_R-HPV58|60,reads_R-HPV58,HPV58,right,4,1576,chr2,184820845,184820808,-,40,8
reads_R-HPV58|61,reads_R-HPV58,HPV58,right,4,1576,chr2,183846256,183846219,-,41,8
reads_R-HPV58|62,reads_R-HPV58,HPV58,right,4,1576,chr15,54948487,54948450,-,41,8
reads_R-HPV58|63,reads_R-HPV58,HPV58,right,4,1576,chr12,107084109,107084072,-,40,8
reads_R-HPV58|64,reads_R-HPV58,HPV58,right,4,1576,chr1,85512779,85512742,-,41,8
reads_R-HPV58|65,reads_R-HPV58,HPV58,right,4,2755,chr18,15801592,15801558,-,40,8
reads_R-HPV58|66,reads_R-HPV58,HPV58,right,4,1576,chr7,127501200,127501164,-,36,7
reads_R-HPV58|67,reads_R-HPV58,HPV58,right,4,1576,chrX,142673925,142673963,+,41,7
reads_R-HPV58|68,reads_R-HPV58,HPV58,right,4,1576,chrX,78370125,78370163,+,41,7
reads_R-HPV58|69,reads_R-HPV58,HPV58,right,4,1576,chr9,65908170,65908208,+,40,7
reads_R-HPV58|70,reads_R-HPV58,HPV58,right,4,1576,chr8,60023918,60023955,+,40,7
reads_R-HPV58|71,reads_R-HPV58,HPV58,right,4,1576,chr7,54319879,54319917,+,39,7
reads_R-HPV58|72,reads_R-HPV58,HPV58,right,4,1576,chr6,9967769,9967807,+,40,7
reads_R-HPV58|73,reads_R-HPV58,HPV58,right,4,1576,chr5,6930306,6930344,+,35,7
reads_R-HPV58|74,reads_R-HPV58,HPV58,right,4,1576,chr4,86197296,86197334,+,40,7
reads_R-HPV58|75,reads_R-HPV58,HPV58,right,4,1576,chr4,5779574,5779612,+,40,7
reads_R-HPV58|76,reads_R-HPV58,HPV58,right,4,1576,chr21,17749807,17749845,+,40,7
reads_R-HPV58|77,reads_R-HPV58,HPV58,right,4,1576,chr2,219815242,219815280,+,40,7
reads_R-HPV58|78,reads_R-HPV58,HPV58,right,4,1576,chr2,137072340,137072378,+,40,7
reads_R-HPV58|79,reads_R-HPV58,HPV58,right,4,1576,chr2,195069257,195069295,+,39,7
reads_R-HPV58|80,reads_R-HPV58,HPV58,right,4,1576,chr14,37375115,37375153,+,42,7
reads_R-HPV58|81,reads_R-HPV58,HPV58,right,4,1576,chr14,22347048,22347086,+,38,7
reads_R-HPV58|82,reads_R-HPV58,HPV58,right,4,1576,chr12,85649408,85649446,+,38,7
reads_R-HPV58|83,reads_R-HPV58,HPV58,right,4,1576,chr11,96722899,96722937,+,40,7
reads_R-HPV58|84,reads_R-HPV58,HPV58,right,4,1576,chr11,63038050,63038088,+,40,7
reads_R-HPV58|85,reads_R-HPV58,HPV58,right,4,1576,chr10,23588618,23588656,+,41,7
reads_R-HPV58|86,reads_R-HPV58,HPV58,right,4,1576,chr10,95174979,95175017,+,40,7
reads_R-HPV58|87,reads_R-HPV58,HPV58,right,4,1576,chr1,213627159,213627197,+,40,7
reads_R-HPV58|88,reads_R-HPV58,HPV58,right,4,1576,chr1,51703375,51703413,+,40,7
reads_R-HPV58|89,reads_R-HPV58,HPV58,right,4,1576,chr1,189137045,189137083,+,39,7
reads_R-HPV58|90,reads_R-HPV58,HPV58,right,4,1576,chrX,88629092,88629054,-,38,7
reads_R-HPV58|91,reads_R-HPV58,HPV58,right,4,1576,chr9,101820259,101820221,-,40,7
reads_R-HPV58|92,reads_R-HPV58,HPV58,right,4,1576,chr8,117436585,117436547,-,40,7
reads_R-HPV58|93,reads_R-HPV58,HPV58,right,4,1576,chr8,103385911,103385873,-,40,7
reads_R-HPV58|94,reads_R-HPV58,HPV58,right,4,1576,chr8,47023022,47022984,-,40,7
reads_R-HPV58|95,reads_R-HPV58,HPV58,right,4,1576,chr7,126586110,126586072,-,40,7
reads_R-HPV58|96,reads_R-HPV58,HPV58,right,4,1576,chr7,14990879,14990841,-,38,7
reads_R-HPV58|97,reads_R-HPV58,HPV58,right,4,1576,chr6,85583676,85583638,-,41,7
reads_R-HPV58|98,reads_R-HPV58,HPV58,right,4,1576,chr5,102425545,102425507,-,40,7
reads_R-HPV58|99,reads_R-HPV58,HPV58,right,4,1576,chr5,40709462,40709424,-,40,7
reads_R-HPV58|100,reads_R-HPV58,HPV58,right,4,1576,chr4,81544806,81544768,-,38,7
reads_R-HPV58|101,reads_R-HPV58,HPV58,right,4,1576,chr3,110444380,110444342,-,40,7
reads_R-HPV58|102,reads_R-HPV58,HPV58,right,4,1576,chr3,26880273,26880235,-,40,7
reads_R-HPV58|103,reads_R-HPV58,HPV58,right,4,1576,chr3,26496098,26496060,-,40,7
reads_R-HPV58|104,reads_R-HPV58,HPV58,right,4,1576,chr22,28510935,28510897,-,40,7
reads_R-HPV58|105,reads_R-HPV58,HPV58,right,4,1576,chr20,23839895,23839857,-,41,7
reads_R-HPV58|106,reads_R-HPV58,HPV58,right,4,1576,chr2,198689196,198689158,-,40,7
reads_R-HPV58|107,reads_R-HPV58,HPV58,right,4,1576,chr15,39262203,39262165,-,40,7
reads_R-HPV58|108,reads_R-HPV58,HPV58,right,4,1576,chr11,106123151,106123113,-,40,7
reads_R-HPV58|109,reads_R-HPV58,HPV58,right,4,1576,chr10,95151795,95151757,-,40,7
reads_R-HPV58|110,reads_R-HPV58,HPV58,right,4,1576,chr1,97642030,97641992,-,40,7
reads_R-HPV58|111,reads_R-HPV58,HPV58,right,4,1576,chr1,47960640,47960603,-,40,7
reads_R-HPV58|112,reads_R-HPV58,HPV58,right,4,2755,chr18,15814837,15814803,-,40,7
reads_R-HPV58|113,reads_R-HPV58,HPV58,right,4,2755,chr18,15818566,15818532,-,40,7
reads_R-HPV58|114,reads_R-HPV58,HPV58,right,4,2755,chr18,15820602,15820568,-,40,7
reads_R-HPV58|115,reads_R-HPV58,HPV58,right,4,2755,chr18,15830259,15830225,-,40,7
reads_R-HPV58|116,reads_R-HPV58,HPV58,right,4,2755,chr18,15838410,15838376,-,40,7
reads_R-HPV58|117,reads_R-HPV58,HPV58,right,4,2755,chr18,15842480,15842446,-,40,7
reads_R-HPV58|118,reads_R-HPV58,HPV58,right,4,3385,chr4,38975582,38975609,+,32,7
reads_R-HPV58|119,reads_R-HPV58,HPV58,right,4,1576,chrX,84967111,84967148,+,37,6
reads_R-HPV58|120,reads_R-HPV58,HPV58,right,4,1576,chr11,13156263,13156299,+,36,6
reads_R-HPV58|121,reads_R-HPV58,HPV58,right,4,1576,chr3,104022976,104022940,-,37,6
reads_R-HPV58|122,reads_R-HPV58,HPV58,right,4,1576,chr19,41104472,41104435,-,36,6
reads_R-HPV58|123,reads_R-HPV58,HPV58,right,4,2755,chr18,15832978,15832943,-,40,6
reads_R-HPV58|124,reads_R-HPV58,HPV58,right,4,1576,chrX,109063847,109063809,-,39,5
reads_R-HPV58|125,reads_R-HPV58,HPV58,right,4,1576,chrX,79679107,79679076,-,32,5
reads_R-HPV58|126,reads_R-HPV58,HPV58,right,4,1576,chrX,36593229,36593191,-,36,5
reads_R-HPV58|127,reads_R-HPV58,HPV58,right,4,1576,chr9,7411945,7411907,-,39,5
reads_R-HPV58|128,reads_R-HPV58,HPV58,right,4,1576,chr12,91808895,91808857,-,40,5
reads_R-HPV58|129,reads_R-HPV58,HPV58,right,4,1576,chr12,91781967,91781929,-,40,5
reads_R-HPV58|130,reads_R-HPV58,HPV58,right,4,1576,chr1,243530032,243530068,+,34,5
reads_R-HPV58|131,reads_R-HPV58,HPV58,right,4,2755,chr18,15812464,15812428,-,40,5
reads_R-HPV58|132,reads_R-HPV58,HPV58,right,4,3385,chr2,223762472,223762498,+,27,5
reads_R-HPV58|133,reads_R-HPV58,HPV58,left,4,4931,chrY,7137385,7137357,+,33,5
reads_R-HPV58|134,reads_R-HPV58,HPV58,left,4,4931,chrY,9943782,9943754,+,33,5
reads_R-HPV58|135,reads_R-HPV58,HPV58,left,4,4931,chrY,15888095,15888067,+,33,5
reads_R-HPV58|136,reads_R-HPV58,HPV58,left,4,4931,chrX,10717842,10717814,+,33,5
reads_R-HPV58|137,reads_R-HPV58,HPV58,left,4,4931,chrX,11709908,11709880,+,33,5
reads_R-HPV58|138,reads_R-HPV58,HPV58,left,4,4931,chrX,12109219,12109191,+,33,5
reads_R-HPV58|139,reads_R-HPV58,HPV58,left,4,4931,chrX,20848258,20848230,+,33,5
reads_R-HPV58|140,reads_R-HPV58,HPV58,left,4,4931,chrX,21342357,21342329,+,33,5
reads_R-HPV58|141,reads_R-HPV58,HPV58,left,4,4931,chrX,22611955,22611927,+,33,5
reads_R-HPV58|142,reads_R-HPV58,HPV58,left,4,4931,chrX,23241175,23241147,+,33,5
reads_R-HPV58|143,reads_R-HPV58,HPV58,left,4,4931,chr9,1146687,1146659,+,33,5
reads_R-HPV58|144,reads_R-HPV58,HPV58,left,4,4931,chr9,3315170,3315142,+,33,5
reads_R-HPV58|145,reads_R-HPV58,HPV58,left,4,4931,chr9,4608441,4608413,+,33,5
reads_R-HPV58|146,reads_R-HPV58,HPV58,left,4,4931,chr9,5241161,5241133,+,33,5
reads_R-HPV58|147,reads_R-HPV58,HPV58,left,4,4931,chr9,6298141,6298113,+,33,5
reads_R-HPV58|148,reads_R-HPV58,HPV58,left,4,4931,chr9,17542220,17542192,+,33,5
reads_R-HPV58|149,reads_R-HPV58,HPV58,left,4,4931,chr9,18713895,18713867,+,33,5
reads_R-HPV58|150,reads_R-HPV58,HPV58,left,4,4931,chr9,20105494,20105466,+,33,5
reads_R-HPV58|151,reads_R-HPV58,HPV58,left,4,4931,chr8,2416395,2416367,+,33,5
reads_R-HPV58|152,reads_R-HPV58,HPV58,left,4,4931,chr8,4857062,4857034,+,33,5
reads_R-HPV58|153,reads_R-HPV58,HPV58,left,4,4931,chr8,9991664,9991636,+,33,5
reads_R-HPV58|154,reads_R-HPV58,HPV58,left,4,4931,chr8,24561485,24561457,+,33,5
reads_R-HPV58|155,reads_R-HPV58,HPV58,left,4,4931,chr8,29451986,29451958,+,33,5
reads_R-HPV58|156,reads_R-HPV58,HPV58,left,4,4931,chr7,14315929,14315901,+,33,5
reads_R-HPV58|157,reads_R-HPV58,HPV58,left,4,4931,chr6,9813409,9813381,+,33,5
reads_R-HPV58|158,reads_R-HPV58,HPV58,left,4,4931,chr6,12743952,12743924,+,33,5
reads_R-HPV58|159,reads_R-HPV58,HPV58,left,4,4931,chr6,19484521,19484493,+,33,5
reads_R-HPV58|160,reads_R-HPV58,HPV58,left,4,4931,chr6,29782547,29782519,+,33,5
reads_R-HPV58|161,reads_R-HPV58,HPV58,left,4,4931,chr6,39457166,39457138,+,33,5
reads_R-HPV58|162,reads_R-HPV58,HPV58,left,4,4931,chr5,8733639,8733611,+,33,5
reads_R-HPV58|163,reads_R-HPV58,HPV58,left,4,4931,chr5,26478697,26478669,+,33,5
reads_R-HPV58|164,reads_R-HPV58,HPV58,left,4,4931,chr4,11237889,11237861,+,33,5
reads_R-HPV58|165,reads_R-HPV58,HPV58,left,4,4931,chr4,16945743,16945715,+,33,5
reads_R-HPV58|166,reads_R-HPV58,HPV58,left,4,4931,chr4,17731981,17731953,+,33,5
reads_R-HPV58|167,reads_R-HPV58,HPV58,left,4,4931,chr4,22149086,22149058,+,33,5
reads_R-HPV58|168,reads_R-HPV58,HPV58,left,4,4931,chr3,3897962,3897934,+,33,5
reads_R-HPV58|169,reads_R-HPV58,HPV58,left,4,4931,chr3,3911580,3911552,+,33,5
reads_R-HPV58|170,reads_R-HPV58,HPV58,left,4,4931,chr3,4134264,4134236,+,33,5
reads_R-HPV58|171,reads_R-HPV58,HPV58,left,4,4931,chr3,5936471,5936443,+,33,5
reads_R-HPV58|172,reads_R-HPV58,HPV58,left,4,4931,chr3,8614157,8614129,+,33,5
reads_R-HPV58|173,reads_R-HPV58,HPV58,left,4,4931,chr3,8718733,8718705,+,33,5
reads_R-HPV58|174,reads_R-HPV58,HPV58,left,4,4931,chr22,32944243,32944215,+,33,5
reads_R-HPV58|175,reads_R-HPV58,HPV58,left,4,4931,chr22,22190611,22190583,+,33,5
reads_R-HPV58|176,reads_R-HPV58,HPV58,left,4,4931,chr22,15497087,15497059,+,33,5
reads_R-HPV58|177,reads_R-HPV58,HPV58,left,4,4931,chr22,12547130,12547102,+,33,5
reads_R-HPV58|178,reads_R-HPV58,HPV58,left,4,4931,chr21,7283025,7282997,+,33,5
reads_R-HPV58|179,reads_R-HPV58,HPV58,left,4,4931,chr21,14169509,14169481,+,33,5
reads_R-HPV58|180,reads_R-HPV58,HPV58,left,4,4931,chr21,28679696,28679668,+,33,5
reads_R-HPV58|181,reads_R-HPV58,HPV58,left,4,4931,chr21,26897621,26897593,+,33,5
reads_R-HPV58|182,reads_R-HPV58,HPV58,left,4,4931,chr21,19813357,19813329,+,33,5
reads_R-HPV58|183,reads_R-HPV58,HPV58,left,4,4931,chr21,19149870,19149842,+,33,5
reads_R-HPV58|184,reads_R-HPV58,HPV58,left,4,4931,chr21,17165678,17165650,+,33,5
reads_R-HPV58|185,reads_R-HPV58,HPV58,left,4,4931,chr20,15134363,15134335,+,33,5
reads_R-HPV58|186,reads_R-HPV58,HPV58,left,4,4931,chr20,22117404,22117376,+,33,5
reads_R-HPV58|187,reads_R-HPV58,HPV58,left,4,4931,chr20,22131969,22131941,+,33,5
reads_R-HPV58|188,reads_R-HPV58,HPV58,left,4,4931,chr20,23428769,23428741,+,33,5
reads_R-HPV58|189,reads_R-HPV58,HPV58,left,4,4931,chr20,24514921,24514893,+,33,5
reads_R-HPV58|190,reads_R-HPV58,HPV58,left,4,4931,chr20,24903253,24903225,+,33,5
reads_R-HPV58|191,reads_R-HPV58,HPV58,left,4,4931,chr2,31499085,31499057,+,33,5
reads_R-HPV58|192,reads_R-HPV58,HPV58,left,4,4931,chr19,9400437,9400409,+,33,5
reads_R-HPV58|193,reads_R-HPV58,HPV58,left,4,4931,chr19,20493245,20493217,+,33,5
reads_R-HPV58|194,reads_R-HPV58,HPV58,left,4,4931,chr19,27502203,27502175,+,33,5
reads_R-HPV58|195,reads_R-HPV58,HPV58,left,4,4931,chr19,28272368,28272340,+,33,5
reads_R-HPV58|196,reads_R-HPV58,HPV58,left,4,4931,chr19,55825058,55825030,+,33,5
reads_R-HPV58|197,reads_R-HPV58,HPV58,left,4,4931,chr19,29461950,29461922,+,33,5
reads_R-HPV58|198,reads_R-HPV58,HPV58,left,4,4931,chr19,29135372,29135344,+,33,5
reads_R-HPV58|199,reads_R-HPV58,HPV58,left,4,4931,chr18,2249832,2249804,+,33,5
reads_R-HPV58|200,reads_R-HPV58,HPV58,left,4,4931,chr18,2343244,2343216,+,33,5
reads_R-HPV58|201,reads_R-HPV58,HPV58,left,4,4931,chr18,6702587,6702559,+,33,5
reads_R-HPV58|202,reads_R-HPV58,HPV58,left,4,4931,chr18,13692550,13692522,+,33,5
reads_R-HPV58|203,reads_R-HPV58,HPV58,left,4,4931,chr18,22888154,22888126,+,33,5
reads_R-HPV58|204,reads_R-HPV58,HPV58,left,4,4931,chr18,24903902,24903874,+,33,5
reads_R-HPV58|205,reads_R-HPV58,HPV58,left,4,4931,chr18,25719246,25719218,+,33,5
reads_R-HPV58|206,reads_R-HPV58,HPV58,left,4,4931,chr17,56005249,56005221,+,33,5
reads_R-HPV58|207,reads_R-HPV58,HPV58,left,4,4931,chr17,32889794,32889766,+,33,5
reads_R-HPV58|208,reads_R-HPV58,HPV58,left,4,4931,chr17,26676202,26676174,+,33,5
reads_R-HPV58|209,reads_R-HPV58,HPV58,left,4,4931,chr17,15357442,15357414,+,33,5
reads_R-HPV58|210,reads_R-HPV58,HPV58,left,4,4931,chr17,27010941,27010913,+,32,5
reads_R-HPV58|211,reads_R-HPV58,HPV58,left,4,4931,chr16,17909189,17909161,+,33,5
reads_R-HPV58|212,reads_R-HPV58,HPV58,left,4,4931,chr16,18610826,18610798,+,33,5
reads_R-HPV58|213,reads_R-HPV58,HPV58,left,4,4931,chr16,46492636,46492608,+,33,5
reads_R-HPV58|214,reads_R-HPV58,HPV58,left,4,4931,chr16,52336187,52336159,+,33,5
reads_R-HPV58|215,reads_R-HPV58,HPV58,left,4,4931,chr15,17016376,17016348,+,33,5
reads_R-HPV58|216,reads_R-HPV58,HPV58,left,4,4931,chr15,19890972,19890944,+,33,5
reads_R-HPV58|217,reads_R-HPV58,HPV58,left,4,4931,chr15,32186211,32186183,+,33,5
reads_R-HPV58|218,reads_R-HPV58,HPV58,left,4,4931,chr15,37429811,37429783,+,33,5
reads_R-HPV58|219,reads_R-HPV58,HPV58,left,4,4931,chr15,37532806,37532778,+,33,5
reads_R-HPV58|220,reads_R-HPV58,HPV58,left,4,4931,chr15,38583502,38583474,+,33,5
reads_R-HPV58|221,reads_R-HPV58,HPV58,left,4,4931,chr15,39221053,39221025,+,33,5
reads_R-HPV58|222,reads_R-HPV58,HPV58,left,4,4931,chr14,18570037,18570009,+,33,5
reads_R-HPV58|223,reads_R-HPV58,HPV58,left,4,4931,chr14,21762853,21762825,+,33,5
reads_R-HPV58|224,reads_R-HPV58,HPV58,left,4,4931,chr14,25186197,25186169,+,33,5
reads_R-HPV58|225,reads_R-HPV58,HPV58,left,4,4931,chr14,26297251,26297223,+,33,5
reads_R-HPV58|226,reads_R-HPV58,HPV58,left,4,4931,chr14,28191100,28191072,+,33,5
reads_R-HPV58|227,reads_R-HPV58,HPV58,left,4,4931,chr12,2702285,2702257,+,33,5
reads_R-HPV58|228,reads_R-HPV58,HPV58,left,4,4931,chr12,9613111,9613083,+,33,5
reads_R-HPV58|229,reads_R-HPV58,HPV58,left,4,4931,chr12,21363191,21363163,+,33,5
reads_R-HPV58|230,reads_R-HPV58,HPV58,left,4,4931,chr12,22343533,22343505,+,33,5
reads_R-HPV58|231,reads_R-HPV58,HPV58,left,4,4931,chr11,5415071,5415043,+,33,5
reads_R-HPV58|232,reads_R-HPV58,HPV58,left,4,4931,chr11,7863694,7863666,+,33,5
reads_R-HPV58|233,reads_R-HPV58,HPV58,left,4,4931,chr11,14780461,14780433,+,33,5
reads_R-HPV58|234,reads_R-HPV58,HPV58,left,4,4931,chr11,16523278,16523250,+,33,5
reads_R-HPV58|235,reads_R-HPV58,HPV58,left,4,4931,chr11,23433929,23433901,+,33,5
reads_R-HPV58|236,reads_R-HPV58,HPV58,left,4,4931,chr10,152858,152830,+,33,5
reads_R-HPV58|237,reads_R-HPV58,HPV58,left,4,4931,chr10,4863256,4863228,+,33,5
reads_R-HPV58|238,reads_R-HPV58,HPV58,left,4,4931,chr10,5248014,5247986,+,33,5
reads_R-HPV58|239,reads_R-HPV58,HPV58,left,4,4931,chr10,6450722,6450694,+,33,5
reads_R-HPV58|240,reads_R-HPV58,HPV58,left,4,4931,chr10,7139585,7139557,+,33,5
reads_R-HPV58|241,reads_R-HPV58,HPV58,left,4,4931,chr10,10653513,10653485,+,33,5
reads_R-HPV58|242,reads_R-HPV58,HPV58,left,4,4931,chr10,13031141,13031113,+,33,5
reads_R-HPV58|243,reads_R-HPV58,HPV58,left,4,4931,chr10,18995230,18995202,+,33,5
reads_R-HPV58|244,reads_R-HPV58,HPV58,left,4,4931,chr1,30440754,30440726,+,33,5
reads_R-HPV58|245,reads_R-HPV58,HPV58,left,4,4931,chr1,33674754,33674726,+,33,5
reads_R-HPV58|246,reads_R-HPV58,HPV58,left,4,4931,chr1,41990797,41990769,+,33,5
reads_R-HPV58|247,reads_R-HPV58,HPV58,left,4,4931,chr1,45165112,45165084,+,33,5
reads_R-HPV58|248,reads_R-HPV58,HPV58,left,4,4931,chr1,46014971,46014943,+,33,5
reads_R-HPV58|249,reads_R-HPV58,HPV58,left,4,4931,chrY,9841974,9842002,-,33,5
reads_R-HPV58|250,reads_R-HPV58,HPV58,left,4,4931,chrY,11991979,11992007,-,33,5
reads_R-HPV58|251,reads_R-HPV58,HPV58,left,4,4931,chrY,12521759,12521787,-,33,5
reads_R-HPV58|252,reads_R-HPV58,HPV58,left,4,4931,chrY,14027540,14027568,-,33,5
reads_R-HPV58|253,reads_R-HPV58,HPV58,left,4,4931,chrX,14204057,14204085,-,33,5
reads_R-HPV58|254,reads_R-HPV58,HPV58,left,4,4931,chrX,18070898,18070926,-,33,5
reads_R-HPV58|255,reads_R-HPV58,HPV58,left,4,4931,chr9,233263,233291,-,33,5
reads_R-HPV58|256,reads_R-HPV58,HPV58,left,4,4931,chr9,1193488,1193516,-,33,5
reads_R-HPV58|257,reads_R-HPV58,HPV58,left,4,4931,chr9,4951076,4951104,-,33,5
reads_R-HPV58|258,reads_R-HPV58,HPV58,left,4,4931,chr9,5681509,5681537,-,33,5
reads_R-HPV58|259,reads_R-HPV58,HPV58,left,4,4931,chr9,8005733,8005761,-,33,5
reads_R-HPV58|260,reads_R-HPV58,HPV58,left,4,4931,chr9,13304850,13304878,-,33,5
reads_R-HPV58|261,reads_R-HPV58,HPV58,left,4,4931,chr9,15598515,15598543,-,33,5
reads_R-HPV58|262,reads_R-HPV58,HPV58,left,4,4931,chr8,15579683,15579711,-,33,5
reads_R-HPV58|263,reads_R-HPV58,HPV58,left,4,4931,chr8,20685531,20685559,-,33,5
reads_R-HPV58|264,reads_R-HPV58,HPV58,left,4,4931,chr8,25733707,25733735,-,33,5
reads_R-HPV58|265,reads_R-HPV58,HPV58,left,4,4931,chr8,31234630,31234658,-,33,5
reads_R-HPV58|266,reads_R-HPV58,HPV58,left,4,4931,chr7,18988429,18988457,-,33,5
reads_R-HPV58|267,reads_R-HPV58,HPV58,left,4,4931,chr7,21180014,21180042,-,33,5
reads_R-HPV58|268,reads_R-HPV58,HPV58,left,4,4931,chr6,482865,482893,-,33,5
reads_R-HPV58|269,reads_R-HPV58,HPV58,left,4,4931,chr6,2421142,2421170,-,33,5
reads_R-HPV58|270,reads_R-HPV58,HPV58,left,4,4931,chr6,5889518,5889546,-,33,5
reads_R-HPV58|271,reads_R-HPV58,HPV58,left,4,4931,chr6,6298114,6298142,-,33,5
reads_R-HPV58|272,reads_R-HPV58,HPV58,left,4,4931,chr6,23257651,23257679,-,33,5
reads_R-HPV58|273,reads_R-HPV58,HPV58,left,4,4931,chr6,23362338,23362366,-,33,5
reads_R-HPV58|274,reads_R-HPV58,HPV58,left,4,4931,chr5,4499712,4499740,-,33,5
reads_R-HPV58|275,reads_R-HPV58,HPV58,left,4,4931,chr5,7128647,7128675,-,33,5
reads_R-HPV58|276,reads_R-HPV58,HPV58,left,4,4931,chr5,8087583,8087611,-,33,5
reads_R-HPV58|277,reads_R-HPV58,HPV58,left,4,4931,chr5,9005853,9005881,-,33,5
reads_R-HPV58|278,reads_R-HPV58,HPV58,left,4,4931,chr5,36187600,36187628,-,33,5
reads_R-HPV58|279,reads_R-HPV58,HPV58,left,4,4931,chr5,38628962,38628990,-,33,5
reads_R-HPV58|280,reads_R-HPV58,HPV58,left,4,4931,chr4,4957257,4957285,-,33,5
reads_R-HPV58|281,reads_R-HPV58,HPV58,left,4,4931,chr4,18600492,18600520,-,33,5
reads_R-HPV58|282,reads_R-HPV58,HPV58,left,4,4931,chr4,19081270,19081298,-,33,5
reads_R-HPV58|283,reads_R-HPV58,HPV58,left,4,4931,chr4,20719696,20719724,-,33,5
reads_R-HPV58|284,reads_R-HPV58,HPV58,left,4,4931,chr4,21106964,21106992,-,33,5
reads_R-HPV58|285,reads_R-HPV58,HPV58,left,4,4931,chr4,33288978,33289006,-,33,5
reads_R-HPV58|286,reads_R-HPV58,HPV58,left,4,4931,chr3,18933859,18933887,-,33,5
reads_R-HPV58|287,reads_R-HPV58,HPV58,left,4,4931,chr3,19593628,19593656,-,33,5
reads_R-HPV58|288,reads_R-HPV58,HPV58,left,4,4931,chr22,50753503,50753531,-,33,5
reads_R-HPV58|289,reads_R-HPV58,HPV58,left,4,4931,chr22,22280156,22280184,-,33,5
reads_R-HPV58|290,reads_R-HPV58,HPV58,left,4,4931,chr22,12376801,12376829,-,33,5
reads_R-HPV58|291,reads_R-HPV58,HPV58,left,4,4931,chr21,40026238,40026266,-,33,5
reads_R-HPV58|292,reads_R-HPV58,HPV58,left,4,4931,chr21,30840081,30840109,-,33,5
reads_R-HPV58|293,reads_R-HPV58,HPV58,left,4,4931,chr21,19075109,19075137,-,33,5
reads_R-HPV58|294,reads_R-HPV58,HPV58,left,4,4931,chr21,13992824,13992852,-,33,5
reads_R-HPV58|295,reads_R-HPV58,HPV58,left,4,4931,chr20,4287093,4287121,-,33,5
reads_R-HPV58|296,reads_R-HPV58,HPV58,left,4,4931,chr20,18864579,18864607,-,33,5
reads_R-HPV58|297,reads_R-HPV58,HPV58,left,4,4931,chr20,30144201,30144229,-,33,5
reads_R-HPV58|298,reads_R-HPV58,HPV58,left,4,4931,chr20,22043823,22043851,-,33,5
reads_R-HPV58|299,reads_R-HPV58,HPV58,left,4,4931,chr2,17986494,17986522,-,33,5
reads_R-HPV58|300,reads_R-HPV58,HPV58,left,4,4931,chr2,23439677,23439705,-,33,5
reads_R-HPV58|301,reads_R-HPV58,HPV58,left,4,4931,chr2,35323122,35323150,-,33,5
reads_R-HPV58|302,reads_R-HPV58,HPV58,left,4,4931,chr2,35566431,35566459,-,33,5
reads_R-HPV58|303,reads_R-HPV58,HPV58,left,4,4931,chr19,24016738,24016766,-,33,5
reads_R-HPV58|304,reads_R-HPV58,HPV58,left,4,4931,chr19,42808819,42808847,-,33,5
reads_R-HPV58|305,reads_R-HPV58,HPV58,left,4,4931,chr19,36701289,36701317,-,33,5
reads_R-HPV58|306,reads_R-HPV58,HPV58,left,4,4931,chr18,21886312,21886340,-,33,5
reads_R-HPV58|307,reads_R-HPV58,HPV58,left,4,4931,chr18,32860022,32860050,-,33,5
reads_R-HPV58|308,reads_R-HPV58,HPV58,left,4,4931,chr18,37830131,37830159,-,33,5
reads_R-HPV58|309,reads_R-HPV58,HPV58,left,4,4931,chr17,11864388,11864416,-,33,5
reads_R-HPV58|310,reads_R-HPV58,HPV58,left,4,4931,chr17,12453273,12453301,-,33,5
reads_R-HPV58|311,reads_R-HPV58,HPV58,left,4,4931,chr17,71355315,71355343,-,33,5
reads_R-HPV58|312,reads_R-HPV58,HPV58,left,4,4931,chr17,66599950,66599978,-,33,5
reads_R-HPV58|313,reads_R-HPV58,HPV58,left,4,4931,chr17,60884810,60884838,-,33,5
reads_R-HPV58|314,reads_R-HPV58,HPV58,left,4,4931,chr16,31282085,31282113,-,33,5
reads_R-HPV58|315,reads_R-HPV58,HPV58,left,4,4931,chr16,32840048,32840076,-,33,5
reads_R-HPV58|316,reads_R-HPV58,HPV58,left,4,4931,chr16,34216203,34216231,-,33,5
reads_R-HPV58|317,reads_R-HPV58,HPV58,left,4,4931,chr16,35229114,35229142,-,33,5
reads_R-HPV58|318,reads_R-HPV58,HPV58,left,4,4931,chr16,36095289,36095317,-,33,5
reads_R-HPV58|319,reads_R-HPV58,HPV58,left,4,4931,chr15,21631706,21631734,-,33,5
reads_R-HPV58|320,reads_R-HPV58,HPV58,left,4,4931,chr15,22074293,22074321,-,33,5
reads_R-HPV58|321,reads_R-HPV58,HPV58,left,4,4931,chr15,30344555,30344583,-,33,5
reads_R-HPV58|322,reads_R-HPV58,HPV58,left,4,4931,chr15,38595885,38595913,-,33,5
reads_R-HPV58|323,reads_R-HPV58,HPV58,left,4,4931,chr15,56137981,56138009,-,33,5
reads_R-HPV58|324,reads_R-HPV58,HPV58,left,4,4931,chr14,19339076,19339104,-,33,5
reads_R-HPV58|325,reads_R-HPV58,HPV58,left,4,4931,chr14,24520857,24520885,-,33,5
reads_R-HPV58|326,reads_R-HPV58,HPV58,left,4,4931,chr14,25782226,25782254,-,33,5
reads_R-HPV58|327,reads_R-HPV58,HPV58,left,4,4931,chr14,26632638,26632666,-,33,5
reads_R-HPV58|328,reads_R-HPV58,HPV58,left,4,4931,chr12,3395578,3395606,-,33,5
reads_R-HPV58|329,reads_R-HPV58,HPV58,left,4,4931,chr12,10347808,10347836,-,33,5
reads_R-HPV58|330,reads_R-HPV58,HPV58,left,4,4931,chr12,10517977,10518005,-,33,5
reads_R-HPV58|331,reads_R-HPV58,HPV58,left,4,4931,chr12,13394974,13395002,-,33,5
reads_R-HPV58|332,reads_R-HPV58,HPV58,left,4,4931,chr12,17625893,17625921,-,33,5
reads_R-HPV58|333,reads_R-HPV58,HPV58,left,4,4931,chr11,14171858,14171886,-,33,5
reads_R-HPV58|334,reads_R-HPV58,HPV58,left,4,4931,chr10,5086442,5086470,-,33,5
reads_R-HPV58|335,reads_R-HPV58,HPV58,left,4,4931,chr10,5178346,5178374,-,33,5
reads_R-HPV58|336,reads_R-HPV58,HPV58,left,4,4931,chr10,10072742,10072770,-,33,5
reads_R-HPV58|337,reads_R-HPV58,HPV58,left,4,4931,chr10,19443687,19443715,-,33,5
reads_R-HPV58|338,reads_R-HPV58,HPV58,left,4,4931,chr1,34569444,34569472,-,33,5
reads_R-HPV58|339,reads_R-HPV58,HPV58,left,4,4931,chr1,48367162,48367190,-,33,5
reads_R-HPV58|340,reads_R-HPV58,HPV58,left,4,4931,chr1,51477820,51477848,-,33,5
reads_R-HPV58|341,reads_R-HPV58,HPV58,left,4,4931,chr1,55565190,55565218,-,33,5
reads_R-HPV58|342,reads_R-HPV58,HPV58,left,4,4931,chr1,59651117,59651145,-,33,5
reads_R-HPV58|343,reads_R-HPV58,HPV58,right,4,1576,chr2,66611367,66611402,+,40,4
reads_R-HPV58|344,reads_R-HPV58,HPV58,right,4,1576,chr20,71039,71002,-,35,4
reads_R-HPV58|345,reads_R-HPV58,HPV58,right,4,1576,chr15,46985248,46985216,-,32,4
reads_R-HPV58|346,reads_R-HPV58,HPV58,right,4,1576,chrY,3049055,3049093,+,39,4
reads_R-HPV58|347,reads_R-HPV58,HPV58,right,4,1576,chrX,23472686,23472724,+,42,4
reads_R-HPV58|348,reads_R-HPV58,HPV58,right,4,1576,chrX,45653750,45653788,+,40,4
reads_R-HPV58|349,reads_R-HPV58,HPV58,right,4,1576,chr14,45751745,45751784,+,42,4
reads_R-HPV58|350,reads_R-HPV58,HPV58,right,4,1576,chrX,20985868,20985830,-,38,4
reads_R-HPV58|351,reads_R-HPV58,HPV58,right,4,1576,chr7,14462530,14462492,-,42,4
reads_R-HPV58|352,reads_R-HPV58,HPV58,right,4,1576,chr5,118877972,118877934,-,42,4
reads_R-HPV58|353,reads_R-HPV58,HPV58,right,4,3385,chr10,16403277,16403304,+,29,4
reads_R-HPV58|354,reads_R-HPV58,HPV58,left,4,4931,chrY,6332772,6332744,+,33,4
reads_R-HPV58|355,reads_R-HPV58,HPV58,left,4,4931,chrY,9882602,9882574,+,33,4
reads_R-HPV58|356,reads_R-HPV58,HPV58,left,4,4931,chrY,13912046,13912018,+,33,4
reads_R-HPV58|357,reads_R-HPV58,HPV58,left,4,4931,chrY,14923981,14923953,+,33,4
reads_R-HPV58|358,reads_R-HPV58,HPV58,left,4,4931,chrY,15428705,15428677,+,33,4
reads_R-HPV58|359,reads_R-HPV58,HPV58,left,4,4931,chrY,19037284,19037256,+,28,4
reads_R-HPV58|360,reads_R-HPV58,HPV58,left,4,4931,chrY,19852758,19852730,+,28,4
reads_R-HPV58|361,reads_R-HPV58,HPV58,left,4,4931,chrX,10640811,10640783,+,33,4
reads_R-HPV58|362,reads_R-HPV58,HPV58,left,4,4931,chrX,18107546,18107518,+,33,4
reads_R-HPV58|363,reads_R-HPV58,HPV58,left,4,4931,chrX,19145329,19145301,+,33,4
reads_R-HPV58|364,reads_R-HPV58,HPV58,left,4,4931,chrX,20773957,20773929,+,33,4
reads_R-HPV58|365,reads_R-HPV58,HPV58,left,4,4931,chrX,25772596,25772568,+,28,4
reads_R-HPV58|366,reads_R-HPV58,HPV58,left,4,4931,chrX,34417802,34417774,+,28,4
reads_R-HPV58|367,reads_R-HPV58,HPV58,left,4,4931,chrX,37400278,37400250,+,28,4
reads_R-HPV58|368,reads_R-HPV58,HPV58,left,4,4931,chrX,42006957,42006929,+,28,4
reads_R-HPV58|369,reads_R-HPV58,HPV58,left,4,4931,chrX,46106646,46106618,+,28,4
reads_R-HPV58|370,reads_R-HPV58,HPV58,left,4,4931,chr9,14666645,14666617,+,33,4
reads_R-HPV58|371,reads_R-HPV58,HPV58,left,4,4931,chr9,15819986,15819958,+,33,4
reads_R-HPV58|372,reads_R-HPV58,HPV58,left,4,4931,chr8,9659381,9659353,+,33,4
reads_R-HPV58|373,reads_R-HPV58,HPV58,left,4,4931,chr8,16946627,16946599,+,33,4
reads_R-HPV58|374,reads_R-HPV58,HPV58,left,4,4931,chr8,31568143,31568115,+,28,4
reads_R-HPV58|375,reads_R-HPV58,HPV58,left,4,4931,chr8,40649721,40649693,+,28,4
reads_R-HPV58|376,reads_R-HPV58,HPV58,left,4,4931,chr8,43426505,43426477,+,28,4
reads_R-HPV58|377,reads_R-HPV58,HPV58,left,4,4931,chr7,2746319,2746291,+,33,4
reads_R-HPV58|378,reads_R-HPV58,HPV58,left,4,4931,chr7,7600863,7600835,+,33,4
reads_R-HPV58|379,reads_R-HPV58,HPV58,left,4,4931,chr7,15942889,15942861,+,33,4
reads_R-HPV58|380,reads_R-HPV58,HPV58,left,4,4931,chr7,20070583,20070555,+,33,4
reads_R-HPV58|381,reads_R-HPV58,HPV58,left,4,4931,chr7,25605681,25605653,+,28,4
reads_R-HPV58|382,reads_R-HPV58,HPV58,left,4,4931,chr7,25746492,25746464,+,28,4
reads_R-HPV58|383,reads_R-HPV58,HPV58,left,4,4931,chr7,32084648,32084620,+,28,4
reads_R-HPV58|384,reads_R-HPV58,HPV58,left,4,4931,chr7,34578580,34578552,+,28,4
reads_R-HPV58|385,reads_R-HPV58,HPV58,left,4,4931,chr7,34908899,34908871,+,28,4
reads_R-HPV58|386,reads_R-HPV58,HPV58,left,4,4931,chr7,43061756,43061728,+,28,4
reads_R-HPV58|387,reads_R-HPV58,HPV58,left,4,4931,chr6,2067060,2067032,+,33,4
reads_R-HPV58|388,reads_R-HPV58,HPV58,left,4,4931,chr6,9885099,9885071,+,33,4
reads_R-HPV58|389,reads_R-HPV58,HPV58,left,4,4931,chr6,23806712,23806684,+,33,4
reads_R-HPV58|390,reads_R-HPV58,HPV58,left,4,4931,chr6,25160964,25160936,+,33,4
reads_R-HPV58|391,reads_R-HPV58,HPV58,left,4,4931,chr6,28023546,28023518,+,28,4
reads_R-HPV58|392,reads_R-HPV58,HPV58,left,4,4931,chr5,10783031,10783003,+,33,4
reads_R-HPV58|393,reads_R-HPV58,HPV58,left,4,4931,chr5,13419158,13419130,+,33,4
reads_R-HPV58|394,reads_R-HPV58,HPV58,left,4,4931,chr5,21110072,21110044,+,33,4
reads_R-HPV58|395,reads_R-HPV58,HPV58,left,4,4931,chr5,33125032,33125004,+,33,4
reads_R-HPV58|396,reads_R-HPV58,HPV58,left,4,4931,chr5,35019370,35019342,+,28,4
reads_R-HPV58|397,reads_R-HPV58,HPV58,left,4,4931,chr5,40543966,40543938,+,28,4
reads_R-HPV58|398,reads_R-HPV58,HPV58,left,4,4931,chr5,41024831,41024803,+,28,4
reads_R-HPV58|399,reads_R-HPV58,HPV58,left,4,4931,chr5,42080942,42080914,+,28,4
reads_R-HPV58|400,reads_R-HPV58,HPV58,left,4,4931,chr5,45661100,45661072,+,28,4
reads_R-HPV58|401,reads_R-HPV58,HPV58,left,4,4931,chr5,50158781,50158753,+,28,4
reads_R-HPV58|402,reads_R-HPV58,HPV58,left,4,4931,chr4,2110035,2110007,+,33,4
reads_R-HPV58|403,reads_R-HPV58,HPV58,left,4,4931,chr4,5520927,5520899,+,33,4
reads_R-HPV58|404,reads_R-HPV58,HPV58,left,4,4931,chr4,9620703,9620675,+,33,4
reads_R-HPV58|405,reads_R-HPV58,HPV58,left,4,4931,chr4,15844207,15844179,+,33,4
reads_R-HPV58|406,reads_R-HPV58,HPV58,left,4,4931,chr4,44882234,44882206,+,28,4
reads_R-HPV58|407,reads_R-HPV58,HPV58,left,4,4931,chr4,49070639,49070611,+,28,4
reads_R-HPV58|408,reads_R-HPV58,HPV58,left,4,4931,chr4,52449102,52449074,+,28,4
reads_R-HPV58|409,reads_R-HPV58,HPV58,left,4,4931,chr3,812035,812007,+,33,4
reads_R-HPV58|410,reads_R-HPV58,HPV58,left,4,4931,chr3,3965736,3965708,+,33,4
reads_R-HPV58|411,reads_R-HPV58,HPV58,left,4,4931,chr3,19626335,19626307,+,28,4
reads_R-HPV58|412,reads_R-HPV58,HPV58,left,4,4931,chr3,19857709,19857681,+,28,4
reads_R-HPV58|413,reads_R-HPV58,HPV58,left,4,4931,chr3,23266850,23266822,+,28,4
reads_R-HPV58|414,reads_R-HPV58,HPV58,left,4,4931,chr3,30430258,30430230,+,28,4
reads_R-HPV58|415,reads_R-HPV58,HPV58,left,4,4931,chr22,15281183,15281155,+,33,4
reads_R-HPV58|416,reads_R-HPV58,HPV58,left,4,4931,chr22,28531704,28531677,+,32,4
reads_R-HPV58|417,reads_R-HPV58,HPV58,left,4,4931,chr22,16186368,16186341,+,32,4
reads_R-HPV58|418,reads_R-HPV58,HPV58,left,4,4931,chr22,15783561,15783533,+,32,4
reads_R-HPV58|419,reads_R-HPV58,HPV58,left,4,4931,chr21,5351405,5351377,+,33,4
reads_R-HPV58|420,reads_R-HPV58,HPV58,left,4,4931,chr21,14929743,14929715,+,33,4
reads_R-HPV58|421,reads_R-HPV58,HPV58,left,4,4931,chr21,40035811,40035783,+,28,4
reads_R-HPV58|422,reads_R-HPV58,HPV58,left,4,4931,chr21,37111845,37111817,+,28,4
reads_R-HPV58|423,reads_R-HPV58,HPV58,left,4,4931,chr21,10742304,10742276,+,27,4
reads_R-HPV58|424,reads_R-HPV58,HPV58,left,4,4931,chr20,2503605,2503577,+,33,4
reads_R-HPV58|425,reads_R-HPV58,HPV58,left,4,4931,chr20,21890314,21890286,+,33,4
reads_R-HPV58|426,reads_R-HPV58,HPV58,left,4,4931,chr20,22012226,22012198,+,33,4
reads_R-HPV58|427,reads_R-HPV58,HPV58,left,4,4931,chr20,24924506,24924478,+,28,4
reads_R-HPV58|428,reads_R-HPV58,HPV58,left,4,4931,chr20,25108040,25108012,+,28,4
reads_R-HPV58|429,reads_R-HPV58,HPV58,left,4,4931,chr20,25263262,25263234,+,28,4
reads_R-HPV58|430,reads_R-HPV58,HPV58,left,4,4931,chr20,29528557,29528529,+,28,4
reads_R-HPV58|431,reads_R-HPV58,HPV58,left,4,4931,chr2,8128597,8128569,+,33,4
reads_R-HPV58|432,reads_R-HPV58,HPV58,left,4,4931,chr2,23739346,23739318,+,33,4
reads_R-HPV58|433,reads_R-HPV58,HPV58,left,4,4931,chr2,30816469,30816441,+,28,4
reads_R-HPV58|434,reads_R-HPV58,HPV58,left,4,4931,chr2,30906855,30906827,+,28,4
reads_R-HPV58|435,reads_R-HPV58,HPV58,left,4,4931,chr2,34638104,34638076,+,33,4
reads_R-HPV58|436,reads_R-HPV58,HPV58,left,4,4931,chr2,37725933,37725905,+,28,4
reads_R-HPV58|437,reads_R-HPV58,HPV58,left,4,4931,chr2,41361244,41361216,+,28,4
reads_R-HPV58|438,reads_R-HPV58,HPV58,left,4,4931,chr2,48742488,48742460,+,28,4
reads_R-HPV58|439,reads_R-HPV58,HPV58,left,4,4931,chr2,52422494,52422466,+,28,4
reads_R-HPV58|440,reads_R-HPV58,HPV58,left,4,4931,chr2,57611480,57611452,+,28,4
reads_R-HPV58|441,reads_R-HPV58,HPV58,left,4,4931,chr2,63533506,63533478,+,28,4
reads_R-HPV58|442,reads_R-HPV58,HPV58,left,4,4931,chr19,20827306,20827278,+,33,4
reads_R-HPV58|443,reads_R-HPV58,HPV58,left,4,4931,chr19,27598408,27598380,+,28,4
reads_R-HPV58|444,reads_R-HPV58,HPV58,left,4,4931,chr19,57730072,57730044,+,32,4
reads_R-HPV58|445,reads_R-HPV58,HPV58,left,4,4931,chr19,41489155,41489127,+,33,4
reads_R-HPV58|446,reads_R-HPV58,HPV58,left,4,4931,chr19,34862845,34862817,+,33,4
reads_R-HPV58|447,reads_R-HPV58,HPV58,left,4,4931,chr19,29228435,29228407,+,33,4
reads_R-HPV58|448,reads_R-HPV58,HPV58,left,4,4931,chr19,24234015,24233987,+,27,4
reads_R-HPV58|449,reads_R-HPV58,HPV58,left,4,4931,chr18,38451,38423,+,33,4
reads_R-HPV58|450,reads_R-HPV58,HPV58,left,4,4931,chr18,538357,538329,+,33,4
reads_R-HPV58|451,reads_R-HPV58,HPV58,left,4,4931,chr18,6166474,6166446,+,33,4
reads_R-HPV58|452,reads_R-HPV58,HPV58,left,4,4931,chr18,37025519,37025491,+,28,4
reads_R-HPV58|453,reads_R-HPV58,HPV58,left,4,4931,chr18,40844904,40844876,+,28,4
reads_R-HPV58|454,reads_R-HPV58,HPV58,left,4,4931,chr18,75849512,75849484,+,28,4
reads_R-HPV58|455,reads_R-HPV58,HPV58,left,4,4931,chr18,65169162,65169134,+,28,4
reads_R-HPV58|456,reads_R-HPV58,HPV58,left,4,4931,chr17,9618646,9618618,+,33,4
reads_R-HPV58|457,reads_R-HPV58,HPV58,left,4,4931,chr17,73808002,73807974,+,32,4
reads_R-HPV58|458,reads_R-HPV58,HPV58,left,4,4931,chr17,70461616,70461588,+,33,4
reads_R-HPV58|459,reads_R-HPV58,HPV58,left,4,4931,chr17,53915525,53915497,+,33,4
reads_R-HPV58|460,reads_R-HPV58,HPV58,left,4,4931,chr17,27031380,27031352,+,27,4
reads_R-HPV58|461,reads_R-HPV58,HPV58,left,4,4931,chr16,31340667,31340639,+,33,4
reads_R-HPV58|462,reads_R-HPV58,HPV58,left,4,4931,chr16,35077571,35077543,+,28,4
reads_R-HPV58|463,reads_R-HPV58,HPV58,left,4,4931,chr16,35875163,35875135,+,33,4
reads_R-HPV58|464,reads_R-HPV58,HPV58,left,4,4931,chr16,35946483,35946455,+,28,4
reads_R-HPV58|465,reads_R-HPV58,HPV58,left,4,4931,chr16,49031481,49031453,+,33,4
reads_R-HPV58|466,reads_R-HPV58,HPV58,left,4,4931,chr16,49230868,49230840,+,33,4
reads_R-HPV58|467,reads_R-HPV58,HPV58,left,4,4931,chr16,53399548,53399520,+,33,4
reads_R-HPV58|468,reads_R-HPV58,HPV58,left,4,4931,chr16,76609987,76609959,+,28,4
reads_R-HPV58|469,reads_R-HPV58,HPV58,left,4,4931,chr16,72629933,72629905,+,28,4
reads_R-HPV58|470,reads_R-HPV58,HPV58,left,4,4931,chr15,20313684,20313656,+,33,4
reads_R-HPV58|471,reads_R-HPV58,HPV58,left,4,4931,chr15,23716732,23716704,+,33,4
reads_R-HPV58|472,reads_R-HPV58,HPV58,left,4,4931,chr15,32294938,32294910,+,33,4
reads_R-HPV58|473,reads_R-HPV58,HPV58,left,4,4931,chr15,39423223,39423195,+,33,4
reads_R-HPV58|474,reads_R-HPV58,HPV58,left,4,4931,chr15,43652633,43652605,+,28,4
reads_R-HPV58|475,reads_R-HPV58,HPV58,left,4,4931,chr15,49356880,49356852,+,28,4
reads_R-HPV58|476,reads_R-HPV58,HPV58,left,4,4931,chr14,19912788,19912760,+,33,4
reads_R-HPV58|477,reads_R-HPV58,HPV58,left,4,4931,chr14,20282827,20282799,+,33,4
reads_R-HPV58|478,reads_R-HPV58,HPV58,left,4,4931,chr14,24489592,24489564,+,33,4
reads_R-HPV58|479,reads_R-HPV58,HPV58,left,4,4931,chr14,27461693,27461665,+,33,4
reads_R-HPV58|480,reads_R-HPV58,HPV58,left,4,4931,chr14,36414490,36414462,+,28,4
reads_R-HPV58|481,reads_R-HPV58,HPV58,left,4,4931,chr14,40350718,40350690,+,28,4
reads_R-HPV58|482,reads_R-HPV58,HPV58,left,4,4931,chr12,4511535,4511507,+,33,4
reads_R-HPV58|483,reads_R-HPV58,HPV58,left,4,4931,chr12,5700236,5700208,+,28,4
reads_R-HPV58|484,reads_R-HPV58,HPV58,left,4,4931,chr12,11300316,11300288,+,33,4
reads_R-HPV58|485,reads_R-HPV58,HPV58,left,4,4931,chr12,14082204,14082176,+,33,4
reads_R-HPV58|486,reads_R-HPV58,HPV58,left,4,4931,chr12,19817287,19817259,+,33,4
reads_R-HPV58|487,reads_R-HPV58,HPV58,left,4,4931,chr12,21284652,21284624,+,33,4
reads_R-HPV58|488,reads_R-HPV58,HPV58,left,4,4931,chr12,21421864,21421836,+,28,4
reads_R-HPV58|489,reads_R-HPV58,HPV58,left,4,4931,chr12,22139188,22139160,+,33,4
reads_R-HPV58|490,reads_R-HPV58,HPV58,left,4,4931,chr12,30591144,30591116,+,28,4
reads_R-HPV58|491,reads_R-HPV58,HPV58,left,4,4931,chr12,33230342,33230314,+,28,4
reads_R-HPV58|492,reads_R-HPV58,HPV58,left,4,4931,chr11,5357787,5357759,+,33,4
reads_R-HPV58|493,reads_R-HPV58,HPV58,left,4,4931,chr11,5917125,5917097,+,33,4
reads_R-HPV58|494,reads_R-HPV58,HPV58,left,4,4931,chr11,10175808,10175780,+,33,4
reads_R-HPV58|495,reads_R-HPV58,HPV58,left,4,4931,chr11,16499104,16499076,+,33,4
reads_R-HPV58|496,reads_R-HPV58,HPV58,left,4,4931,chr11,23323755,23323727,+,33,4
reads_R-HPV58|497,reads_R-HPV58,HPV58,left,4,4931,chr11,24219882,24219854,+,33,4
reads_R-HPV58|498,reads_R-HPV58,HPV58,left,4,4931,chr11,27222362,27222334,+,28,4
reads_R-HPV58|499,reads_R-HPV58,HPV58,left,4,4931,chr10,38120,38092,+,33,4
reads_R-HPV58|500,reads_R-HPV58,HPV58,left,4,4931,chr10,1258945,1258917,+,33,4
reads_R-HPV58|501,reads_R-HPV58,HPV58,left,4,4931,chr10,6858835,6858807,+,33,4
reads_R-HPV58|502,reads_R-HPV58,HPV58,left,4,4931,chr10,9960373,9960345,+,33,4
reads_R-HPV58|503,reads_R-HPV58,HPV58,left,4,4931,chr10,20940231,20940203,+,33,4
reads_R-HPV58|504,reads_R-HPV58,HPV58,left,4,4931,chr10,22745693,22745665,+,28,4
reads_R-HPV58|505,reads_R-HPV58,HPV58,left,4,4931,chr1,4042737,4042709,+,33,4
reads_R-HPV58|506,reads_R-HPV58,HPV58,left,4,4931,chr1,33832308,33832280,+,33,4
reads_R-HPV58|507,reads_R-HPV58,HPV58,left,4,4931,chr1,34095055,34095027,+,33,4
reads_R-HPV58|508,reads_R-HPV58,HPV58,left,4,4931,chr1,34253401,34253373,+,33,4
reads_R-HPV58|509,reads_R-HPV58,HPV58,left,4,4931,chr1,37970653,37970625,+,33,4
reads_R-HPV58|510,reads_R-HPV58,HPV58,left,4,4931,chr1,45183044,45183016,+,33,4
reads_R-HPV58|511,reads_R-HPV58,HPV58,left,4,4931,chr1,45287346,45287318,+,33,4
reads_R-HPV58|512,reads_R-HPV58,HPV58,left,4,4931,chr1,46797356,46797328,+,28,4
reads_R-HPV58|513,reads_R-HPV58,HPV58,left,4,4931,chr1,46848969,46848941,+,28,4
reads_R-HPV58|514,reads_R-HPV58,HPV58,left,4,4931,chr1,47168696,47168668,+,28,4
reads_R-HPV58|515,reads_R-HPV58,HPV58,left,4,4931,chrY,6148983,6149011,-,33,4
reads_R-HPV58|516,reads_R-HPV58,HPV58,left,4,4931,chrY,6292139,6292167,-,33,4
reads_R-HPV58|517,reads_R-HPV58,HPV58,left,4,4931,chrY,8477860,8477888,-,33,4
reads_R-HPV58|518,reads_R-HPV58,HPV58,left,4,4931,chrY,13774075,13774103,-,33,4
reads_R-HPV58|519,reads_R-HPV58,HPV58,left,4,4931,chrY,15588360,15588388,-,33,4
reads_R-HPV58|520,reads_R-HPV58,HPV58,left,4,4931,chrY,15944341,15944369,-,33,4
reads_R-HPV58|521,reads_R-HPV58,HPV58,left,4,4931,chrY,57041533,57041561,-,28,4
reads_R-HPV58|522,reads_R-HPV58,HPV58,left,4,4931,chrY,24879511,24879539,-,28,4
reads_R-HPV58|523,reads_R-HPV58,HPV58,left,4,4931,chrY,24113009,24113037,-,28,4
reads_R-HPV58|524,reads_R-HPV58,HPV58,left,4,4931,chrX,7590962,7590990,-,33,4
reads_R-HPV58|525,reads_R-HPV58,HPV58,left,4,4931,chrX,11021336,11021364,-,33,4
reads_R-HPV58|526,reads_R-HPV58,HPV58,left,4,4931,chrX,12861661,12861689,-,28,4
reads_R-HPV58|527,reads_R-HPV58,HPV58,left,4,4931,chrX,17233387,17233415,-,33,4
reads_R-HPV58|528,reads_R-HPV58,HPV58,left,4,4931,chrX,28389184,28389212,-,28,4
reads_R-HPV58|529,reads_R-HPV58,HPV58,left,4,4931,chrX,31080684,31080712,-,28,4
reads_R-HPV58|530,reads_R-HPV58,HPV58,left,4,4931,chrX,36703567,36703595,-,28,4
reads_R-HPV58|531,reads_R-HPV58,HPV58,left,4,4931,chrX,37585162,37585190,-,28,4
reads_R-HPV58|532,reads_R-HPV58,HPV58,left,4,4931,chrX,46055721,46055749,-,28,4
reads_R-HPV58|533,reads_R-HPV58,HPV58,left,4,4931,chr9,3540113,3540141,-,33,4
reads_R-HPV58|534,reads_R-HPV58,HPV58,left,4,4931,chr9,4918413,4918441,-,33,4
reads_R-HPV58|535,reads_R-HPV58,HPV58,left,4,4931,chr9,7865472,7865500,-,28,4
reads_R-HPV58|536,reads_R-HPV58,HPV58,left,4,4931,chr9,15559099,15559127,-,33,4
reads_R-HPV58|537,reads_R-HPV58,HPV58,left,4,4931,chr9,18842404,18842432,-,28,4
reads_R-HPV58|538,reads_R-HPV58,HPV58,left,4,4931,chr8,1448453,1448481,-,33,4
reads_R-HPV58|539,reads_R-HPV58,HPV58,left,4,4931,chr8,2305331,2305359,-,33,4
reads_R-HPV58|540,reads_R-HPV58,HPV58,left,4,4931,chr8,10935766,10935794,-,33,4
reads_R-HPV58|541,reads_R-HPV58,HPV58,left,4,4931,chr8,36411483,36411511,-,28,4
reads_R-HPV58|542,reads_R-HPV58,HPV58,left,4,4931,chr8,43415710,43415738,-,28,4
reads_R-HPV58|543,reads_R-HPV58,HPV58,left,4,4931,chr7,8729706,8729734,-,33,4
reads_R-HPV58|544,reads_R-HPV58,HPV58,left,4,4931,chr7,13272055,13272083,-,33,4
reads_R-HPV58|545,reads_R-HPV58,HPV58,left,4,4931,chr7,30640176,30640204,-,33,4
reads_R-HPV58|546,reads_R-HPV58,HPV58,left,4,4931,chr7,34630494,34630522,-,28,4
reads_R-HPV58|547,reads_R-HPV58,HPV58,left,4,4931,chr7,35742561,35742589,-,28,4
reads_R-HPV58|548,reads_R-HPV58,HPV58,left,4,4931,chr7,37615423,37615451,-,28,4
reads_R-HPV58|549,reads_R-HPV58,HPV58,left,4,4931,chr7,39964990,39965018,-,28,4
reads_R-HPV58|550,reads_R-HPV58,HPV58,left,4,4931,chr7,40822130,40822158,-,28,4
reads_R-HPV58|551,reads_R-HPV58,HPV58,left,4,4931,chr7,54309396,54309424,-,28,4
reads_R-HPV58|552,reads_R-HPV58,HPV58,left,4,4931,chr6,16013904,16013932,-,33,4
reads_R-HPV58|553,reads_R-HPV58,HPV58,left,4,4931,chr6,22169737,22169765,-,33,4
reads_R-HPV58|554,reads_R-HPV58,HPV58,left,4,4931,chr6,51034762,51034790,-,28,4
reads_R-HPV58|555,reads_R-HPV58,HPV58,left,4,4931,chr6,51191028,51191056,-,28,4
reads_R-HPV58|556,reads_R-HPV58,HPV58,left,4,4931,chr6,51669913,51669941,-,28,4
reads_R-HPV58|557,reads_R-HPV58,HPV58,left,4,4931,chr6,54456896,54456924,-,28,4
reads_R-HPV58|558,reads_R-HPV58,HPV58,left,4,4931,chr6,57271994,57272022,-,28,4
reads_R-HPV58|559,reads_R-HPV58,HPV58,left,4,4931,chr5,15909890,15909918,-,33,4
reads_R-HPV58|560,reads_R-HPV58,HPV58,left,4,4931,chr5,16646571,16646599,-,33,4
reads_R-HPV58|561,reads_R-HPV58,HPV58,left,4,4931,chr5,25381900,25381928,-,33,4
reads_R-HPV58|562,reads_R-HPV58,HPV58,left,4,4931,chr5,43263987,43264015,-,28,4
reads_R-HPV58|563,reads_R-HPV58,HPV58,left,4,4931,chr5,43670648,43670676,-,28,4
reads_R-HPV58|564,reads_R-HPV58,HPV58,left,4,4931,chr5,50456350,50456378,-,28,4
reads_R-HPV58|565,reads_R-HPV58,HPV58,left,4,4931,chr4,5441970,5441998,-,33,4
reads_R-HPV58|566,reads_R-HPV58,HPV58,left,4,4931,chr4,14663665,14663693,-,33,4
reads_R-HPV58|567,reads_R-HPV58,HPV58,left,4,4931,chr4,16405757,16405785,-,33,4
reads_R-HPV58|568,reads_R-HPV58,HPV58,left,4,4931,chr4,37941890,37941918,-,28,4
reads_R-HPV58|569,reads_R-HPV58,HPV58,left,4,4931,chr4,46665519,46665547,-,28,4
reads_R-HPV58|570,reads_R-HPV58,HPV58,left,4,4931,chr4,48055325,48055353,-,28,4
reads_R-HPV58|571,reads_R-HPV58,HPV58,left,4,4931,chr4,51938445,51938473,-,28,4
reads_R-HPV58|572,reads_R-HPV58,HPV58,left,4,4931,chr3,4365082,4365110,-,33,4
reads_R-HPV58|573,reads_R-HPV58,HPV58,left,4,4931,chr3,5594166,5594194,-,33,4
reads_R-HPV58|574,reads_R-HPV58,HPV58,left,4,4931,chr3,6767502,6767530,-,33,4
reads_R-HPV58|575,reads_R-HPV58,HPV58,left,4,4931,chr3,6948421,6948449,-,33,4
reads_R-HPV58|576,reads_R-HPV58,HPV58,left,4,4931,chr3,12031245,12031273,-,33,4
reads_R-HPV58|577,reads_R-HPV58,HPV58,left,4,4931,chr3,15910603,15910631,-,33,4
reads_R-HPV58|578,reads_R-HPV58,HPV58,left,4,4931,chr3,17099945,17099973,-,33,4
reads_R-HPV58|579,reads_R-HPV58,HPV58,left,4,4931,chr3,21253094,21253122,-,33,4
reads_R-HPV58|580,reads_R-HPV58,HPV58,left,4,4931,chr3,21986534,21986562,-,28,4
reads_R-HPV58|581,reads_R-HPV58,HPV58,left,4,4931,chr3,26388106,26388134,-,28,4
reads_R-HPV58|582,reads_R-HPV58,HPV58,left,4,4931,chr3,26729018,26729046,-,28,4
reads_R-HPV58|583,reads_R-HPV58,HPV58,left,4,4931,chr3,29109473,29109501,-,28,4
reads_R-HPV58|584,reads_R-HPV58,HPV58,left,4,4931,chr3,29129913,29129941,-,28,4
reads_R-HPV58|585,reads_R-HPV58,HPV58,left,4,4931,chr22,48989132,48989160,-,33,4
reads_R-HPV58|586,reads_R-HPV58,HPV58,left,4,4931,chr22,32298020,32298048,-,33,4
reads_R-HPV58|587,reads_R-HPV58,HPV58,left,4,4931,chr22,28337206,28337234,-,33,4
reads_R-HPV58|588,reads_R-HPV58,HPV58,left,4,4931,chr21,18873443,18873471,-,33,4
reads_R-HPV58|589,reads_R-HPV58,HPV58,left,4,4931,chr20,8112254,8112282,-,33,4
reads_R-HPV58|590,reads_R-HPV58,HPV58,left,4,4931,chr20,16910794,16910822,-,28,4
reads_R-HPV58|591,reads_R-HPV58,HPV58,left,4,4931,chr20,18953336,18953364,-,33,4
reads_R-HPV58|592,reads_R-HPV58,HPV58,left,4,4931,chr20,59535143,59535171,-,28,4
reads_R-HPV58|593,reads_R-HPV58,HPV58,left,4,4931,chr20,55277725,55277753,-,28,4
reads_R-HPV58|594,reads_R-HPV58,HPV58,left,4,4931,chr20,41804640,41804668,-,28,4
reads_R-HPV58|595,reads_R-HPV58,HPV58,left,4,4931,chr20,29469511,29469539,-,33,4
reads_R-HPV58|596,reads_R-HPV58,HPV58,left,4,4931,chr2,18015367,18015395,-,33,4
reads_R-HPV58|597,reads_R-HPV58,HPV58,left,4,4931,chr2,23228222,23228250,-,33,4
reads_R-HPV58|598,reads_R-HPV58,HPV58,left,4,4931,chr2,34558683,34558711,-,33,4
reads_R-HPV58|599,reads_R-HPV58,HPV58,left,4,4931,chr2,36105483,36105511,-,33,4
reads_R-HPV58|600,reads_R-HPV58,HPV58,left,4,4931,chr2,36115877,36115905,-,33,4
reads_R-HPV58|601,reads_R-HPV58,HPV58,left,4,4931,chr2,43663839,43663867,-,28,4
reads_R-HPV58|602,reads_R-HPV58,HPV58,left,4,4931,chr2,46475415,46475443,-,28,4
reads_R-HPV58|603,reads_R-HPV58,HPV58,left,4,4931,chr2,55791482,55791510,-,28,4
reads_R-HPV58|604,reads_R-HPV58,HPV58,left,4,4931,chr2,56657609,56657637,-,28,4
reads_R-HPV58|605,reads_R-HPV58,HPV58,left,4,4931,chr2,59555274,59555302,-,28,4
reads_R-HPV58|606,reads_R-HPV58,HPV58,left,4,4931,chr2,65927553,65927581,-,28,4
reads_R-HPV58|607,reads_R-HPV58,HPV58,left,4,4931,chr2,66350250,66350278,-,28,4
reads_R-HPV58|608,reads_R-HPV58,HPV58,left,4,4931,chr19,12008155,12008183,-,33,4
reads_R-HPV58|609,reads_R-HPV58,HPV58,left,4,4931,chr19,19724448,19724476,-,33,4
reads_R-HPV58|610,reads_R-HPV58,HPV58,left,4,4931,chr19,22158890,22158918,-,33,4
reads_R-HPV58|611,reads_R-HPV58,HPV58,left,4,4931,chr19,44224135,44224163,-,28,4
reads_R-HPV58|612,reads_R-HPV58,HPV58,left,4,4931,chr19,43245421,43245449,-,28,4
reads_R-HPV58|613,reads_R-HPV58,HPV58,left,4,4931,chr19,40041272,40041300,-,33,4
reads_R-HPV58|614,reads_R-HPV58,HPV58,left,4,4931,chr19,24150914,24150942,-,33,4
reads_R-HPV58|615,reads_R-HPV58,HPV58,left,4,4931,chr18,665881,665909,-,33,4
reads_R-HPV58|616,reads_R-HPV58,HPV58,left,4,4931,chr18,45797431,45797459,-,28,4
reads_R-HPV58|617,reads_R-HPV58,HPV58,left,4,4931,chr18,47351596,47351624,-,33,4
reads_R-HPV58|618,reads_R-HPV58,HPV58,left,4,4931,chr18,49774436,49774464,-,28,4
reads_R-HPV58|619,reads_R-HPV58,HPV58,left,4,4931,chr18,50347328,50347356,-,28,4
reads_R-HPV58|620,reads_R-HPV58,HPV58,left,4,4931,chr18,53258578,53258606,-,28,4
reads_R-HPV58|621,reads_R-HPV58,HPV58,left,4,4931,chr18,53977141,53977169,-,28,4
reads_R-HPV58|622,reads_R-HPV58,HPV58,left,4,4931,chr18,54667545,54667573,-,28,4
reads_R-HPV58|623,reads_R-HPV58,HPV58,left,4,4931,chr17,56190579,56190607,-,33,4
reads_R-HPV58|624,reads_R-HPV58,HPV58,left,4,4931,chr17,54591401,54591429,-,33,4
reads_R-HPV58|625,reads_R-HPV58,HPV58,left,4,4931,chr17,32644280,32644308,-,28,4
reads_R-HPV58|626,reads_R-HPV58,HPV58,left,4,4931,chr17,27102521,27102549,-,33,4
reads_R-HPV58|627,reads_R-HPV58,HPV58,left,4,4931,chr16,16748408,16748436,-,33,4
reads_R-HPV58|628,reads_R-HPV58,HPV58,left,4,4931,chr16,18824624,18824652,-,33,4
reads_R-HPV58|629,reads_R-HPV58,HPV58,left,4,4931,chr16,20758996,20759024,-,33,4
reads_R-HPV58|630,reads_R-HPV58,HPV58,left,4,4931,chr16,21046041,21046069,-,33,4
reads_R-HPV58|631,reads_R-HPV58,HPV58,left,4,4931,chr16,35611846,35611874,-,33,4
reads_R-HPV58|632,reads_R-HPV58,HPV58,left,4,4931,chr16,59562656,59562684,-,28,4
reads_R-HPV58|633,reads_R-HPV58,HPV58,left,4,4931,chr16,80089435,80089463,-,28,4
reads_R-HPV58|634,reads_R-HPV58,HPV58,left,4,4931,chr16,75738200,75738228,-,28,4
reads_R-HPV58|635,reads_R-HPV58,HPV58,left,4,4931,chr15,24637300,24637328,-,33,4
reads_R-HPV58|636,reads_R-HPV58,HPV58,left,4,4931,chr15,35389207,35389235,-,33,4
reads_R-HPV58|637,reads_R-HPV58,HPV58,left,4,4931,chr15,36685446,36685474,-,33,4
reads_R-HPV58|638,reads_R-HPV58,HPV58,left,4,4931,chr15,38838304,38838332,-,28,4
reads_R-HPV58|639,reads_R-HPV58,HPV58,left,4,4931,chr15,56314516,56314544,-,33,4
reads_R-HPV58|640,reads_R-HPV58,HPV58,left,4,4931,chr15,71370648,71370676,-,28,4
reads_R-HPV58|641,reads_R-HPV58,HPV58,left,4,4931,chr15,73511810,73511838,-,28,4
reads_R-HPV58|642,reads_R-HPV58,HPV58,left,4,4931,chr14,22259726,22259754,-,33,4
reads_R-HPV58|643,reads_R-HPV58,HPV58,left,4,4931,chr14,23742286,23742314,-,33,4
reads_R-HPV58|644,reads_R-HPV58,HPV58,left,4,4931,chr14,23760071,23760099,-,33,4
reads_R-HPV58|645,reads_R-HPV58,HPV58,left,4,4931,chr14,25207904,25207932,-,33,4
reads_R-HPV58|646,reads_R-HPV58,HPV58,left,4,4931,chr14,29958739,29958767,-,28,4
reads_R-HPV58|647,reads_R-HPV58,HPV58,left,4,4931,chr14,32581360,32581388,-,28,4
reads_R-HPV58|648,reads_R-HPV58,HPV58,left,4,4931,chr14,35178109,35178137,-,28,4
reads_R-HPV58|649,reads_R-HPV58,HPV58,left,4,4931,chr14,37770169,37770197,-,28,4
reads_R-HPV58|650,reads_R-HPV58,HPV58,left,4,4931,chr14,37783997,37784025,-,28,4
reads_R-HPV58|651,reads_R-HPV58,HPV58,left,4,4931,chr12,5119781,5119809,-,33,4
reads_R-HPV58|652,reads_R-HPV58,HPV58,left,4,4931,chr12,8964402,8964430,-,33,4
reads_R-HPV58|653,reads_R-HPV58,HPV58,left,4,4931,chr12,9524918,9524946,-,33,4
reads_R-HPV58|654,reads_R-HPV58,HPV58,left,4,4931,chr12,19732050,19732078,-,28,4
reads_R-HPV58|655,reads_R-HPV58,HPV58,left,4,4931,chr12,23519021,23519049,-,28,4
reads_R-HPV58|656,reads_R-HPV58,HPV58,left,4,4931,chr12,28676349,28676377,-,28,4
reads_R-HPV58|657,reads_R-HPV58,HPV58,left,4,4931,chr12,30523523,30523551,-,28,4
reads_R-HPV58|658,reads_R-HPV58,HPV58,left,4,4931,chr11,4404174,4404202,-,33,4
reads_R-HPV58|659,reads_R-HPV58,HPV58,left,4,4931,chr11,13397908,13397936,-,33,4
reads_R-HPV58|660,reads_R-HPV58,HPV58,left,4,4931,chr11,13823375,13823403,-,33,4
reads_R-HPV58|661,reads_R-HPV58,HPV58,left,4,4931,chr11,21672414,21672442,-,33,4
reads_R-HPV58|662,reads_R-HPV58,HPV58,left,4,4931,chr11,21999214,21999242,-,33,4
reads_R-HPV58|663,reads_R-HPV58,HPV58,left,4,4931,chr11,22526558,22526586,-,28,4
reads_R-HPV58|664,reads_R-HPV58,HPV58,left,4,4931,chr11,22650284,22650312,-,28,4
reads_R-HPV58|665,reads_R-HPV58,HPV58,left,4,4931,chr11,28208476,28208504,-,28,4
reads_R-HPV58|666,reads_R-HPV58,HPV58,left,4,4931,chr11,30054572,30054600,-,28,4
reads_R-HPV58|667,reads_R-HPV58,HPV58,left,4,4931,chr11,32944602,32944630,-,28,4
reads_R-HPV58|668,reads_R-HPV58,HPV58,left,4,4931,chr11,42432630,42432658,-,28,4
reads_R-HPV58|669,reads_R-HPV58,HPV58,left,4,4931,chr11,42457325,42457353,-,28,4
reads_R-HPV58|670,reads_R-HPV58,HPV58,left,4,4931,chr10,7061400,7061428,-,33,4
reads_R-HPV58|671,reads_R-HPV58,HPV58,left,4,4931,chr10,11734806,11734834,-,33,4
reads_R-HPV58|672,reads_R-HPV58,HPV58,left,4,4931,chr10,20463043,20463071,-,33,4
reads_R-HPV58|673,reads_R-HPV58,HPV58,left,4,4931,chr10,27873722,27873750,-,28,4
reads_R-HPV58|674,reads_R-HPV58,HPV58,left,4,4931,chr10,33514216,33514244,-,28,4
reads_R-HPV58|675,reads_R-HPV58,HPV58,left,4,4931,chr10,39449859,39449887,-,28,4
reads_R-HPV58|676,reads_R-HPV58,HPV58,left,4,4931,chr10,52733746,52733774,-,28,4
reads_R-HPV58|677,reads_R-HPV58,HPV58,left,4,4931,chr1,49878526,49878554,-,33,4
reads_R-HPV58|678,reads_R-HPV58,HPV58,left,4,4931,chr1,50908238,50908266,-,33,4
reads_R-HPV58|679,reads_R-HPV58,HPV58,left,4,4931,chr1,52174370,52174398,-,33,4
reads_R-HPV58|680,reads_R-HPV58,HPV58,left,4,4931,chr1,55497436,55497464,-,33,4
reads_R-HPV58|681,reads_R-HPV58,HPV58,left,4,4931,chr1,63505880,63505908,-,28,4
reads_R-HPV58|682,reads_R-HPV58,HPV58,left,4,4931,chr1,65548174,65548202,-,28,4
reads_R-HPV58|683,reads_R-HPV58,HPV58,left,4,4931,chr1,68684867,68684895,-,28,4
reads_R-HPV58|684,reads_R-HPV58,HPV58,left,4,4931,chr1,68879148,68879176,-,28,4
reads_R-HPV58|685,reads_R-HPV58,HPV58,right,4,1576,chr7,97190370,97190333,-,34,3
reads_R-HPV58|686,reads_R-HPV58,HPV58,right,4,1576,chr6,147918296,147918331,+,32,3
reads_R-HPV58|687,reads_R-HPV58,HPV58,right,4,1576,chrX,77721600,77721564,-,33,3
reads_R-HPV58|688,reads_R-HPV58,HPV58,right,4,2755,chr18,15855038,15855013,-,26,3
reads_R-HPV58|689,reads_R-HPV58,HPV58,right,4,2755,chr18,15857072,15857047,-,26,3
reads_R-HPV58|690,reads_R-HPV58,HPV58,right,4,2755,chr18,15862166,15862141,-,26,3
reads_R-HPV58|691,reads_R-HPV58,HPV58,right,4,2755,chr18,15868284,15868259,-,26,3
reads_R-HPV58|692,reads_R-HPV58,HPV58,right,4,2755,chr18,15871680,15871655,-,26,3
reads_R-HPV58|693,reads_R-HPV58,HPV58,right,4,2755,chr18,15879822,15879797,-,26,3
reads_R-HPV58|694,reads_R-HPV58,HPV58,right,4,2755,chr18,15900502,15900477,-,26,3
reads_R-HPV58|695,reads_R-HPV58,HPV58,right,4,2755,chr9,60617510,60617549,+,39,3
reads_R-HPV58|696,reads_R-HPV58,HPV58,right,4,2755,chr18,20562364,20562403,+,38,3
reads_R-HPV58|697,reads_R-HPV58,HPV58,left,4,4931,chrY,14951139,14951111,+,28,3
reads_R-HPV58|698,reads_R-HPV58,HPV58,left,4,4931,chrY,19175292,19175264,+,28,3
reads_R-HPV58|699,reads_R-HPV58,HPV58,left,4,4931,chrY,20033732,20033704,+,28,3
reads_R-HPV58|700,reads_R-HPV58,HPV58,left,4,4931,chrY,26342321,26342293,+,28,3
reads_R-HPV58|701,reads_R-HPV58,HPV58,left,4,4931,chrY,26288816,26288788,+,28,3
reads_R-HPV58|702,reads_R-HPV58,HPV58,left,4,4931,chrY,25557130,25557102,+,28,3
reads_R-HPV58|703,reads_R-HPV58,HPV58,left,4,4931,chr9,9428699,9428671,+,28,3
reads_R-HPV58|704,reads_R-HPV58,HPV58,left,4,4931,chr9,9933874,9933846,+,28,3
reads_R-HPV58|705,reads_R-HPV58,HPV58,left,4,4931,chr9,23107871,23107843,+,28,3
reads_R-HPV58|706,reads_R-HPV58,HPV58,left,4,4931,chr9,26045498,26045470,+,28,3
reads_R-HPV58|707,reads_R-HPV58,HPV58,left,4,4931,chr9,28554795,28554767,+,28,3
reads_R-HPV58|708,reads_R-HPV58,HPV58,left,4,4931,chr9,28992660,28992632,+,28,3
reads_R-HPV58|709,reads_R-HPV58,HPV58,left,4,4931,chr8,5928938,5928910,+,28,3
reads_R-HPV58|710,reads_R-HPV58,HPV58,left,4,4931,chr8,32174136,32174108,+,28,3
reads_R-HPV58|711,reads_R-HPV58,HPV58,left,4,4931,chr8,40434873,40434845,+,28,3
reads_R-HPV58|712,reads_R-HPV58,HPV58,left,4,4931,chr8,47021386,47021358,+,28,3
reads_R-HPV58|713,reads_R-HPV58,HPV58,left,4,4931,chr8,47160899,47160871,+,28,3
reads_R-HPV58|714,reads_R-HPV58,HPV58,left,4,4931,chr8,47624032,47624004,+,28,3
reads_R-HPV58|715,reads_R-HPV58,HPV58,left,4,4931,chr7,12499876,12499848,+,28,3
reads_R-HPV58|716,reads_R-HPV58,HPV58,left,4,4931,chr7,14281657,14281629,+,28,3
reads_R-HPV58|717,reads_R-HPV58,HPV58,left,4,4931,chr7,32310548,32310520,+,28,3
reads_R-HPV58|718,reads_R-HPV58,HPV58,left,4,4931,chr7,32467197,32467169,+,28,3
reads_R-HPV58|719,reads_R-HPV58,HPV58,left,4,4931,chr7,35154597,35154569,+,28,3
reads_R-HPV58|720,reads_R-HPV58,HPV58,left,4,4931,chr6,27011208,27011180,+,28,3
reads_R-HPV58|721,reads_R-HPV58,HPV58,left,4,4931,chr6,44873295,44873267,+,28,3
reads_R-HPV58|722,reads_R-HPV58,HPV58,left,4,4931,chr6,45178711,45178683,+,28,3
reads_R-HPV58|723,reads_R-HPV58,HPV58,left,4,4931,chr6,45283882,45283854,+,28,3
reads_R-HPV58|724,reads_R-HPV58,HPV58,left,4,4931,chr6,46214073,46214045,+,28,3
reads_R-HPV58|725,reads_R-HPV58,HPV58,left,4,4931,chr6,48365751,48365723,+,28,3
reads_R-HPV58|726,reads_R-HPV58,HPV58,left,4,4931,chr5,35107022,35106994,+,28,3
reads_R-HPV58|727,reads_R-HPV58,HPV58,left,4,4931,chr5,39345816,39345788,+,28,3
reads_R-HPV58|728,reads_R-HPV58,HPV58,left,4,4931,chr5,44581585,44581557,+,28,3
reads_R-HPV58|729,reads_R-HPV58,HPV58,left,4,4931,chr5,45315210,45315182,+,28,3
reads_R-HPV58|730,reads_R-HPV58,HPV58,left,4,4931,chr4,23617433,23617405,+,28,3
reads_R-HPV58|731,reads_R-HPV58,HPV58,left,4,4931,chr4,28410069,28410041,+,28,3
reads_R-HPV58|732,reads_R-HPV58,HPV58,left,4,4931,chr4,38850025,38849997,+,28,3
reads_R-HPV58|733,reads_R-HPV58,HPV58,left,4,4931,chr4,49075130,49075102,+,28,3
reads_R-HPV58|734,reads_R-HPV58,HPV58,left,4,4931,chr4,52541130,52541102,+,28,3
reads_R-HPV58|735,reads_R-HPV58,HPV58,left,4,4931,chr3,22804038,22804010,+,28,3
reads_R-HPV58|736,reads_R-HPV58,HPV58,left,4,4931,chr3,28061896,28061868,+,28,3
reads_R-HPV58|737,reads_R-HPV58,HPV58,left,4,4931,chr3,29996564,29996536,+,28,3
reads_R-HPV58|738,reads_R-HPV58,HPV58,left,4,4931,chr3,32013240,32013212,+,28,3
reads_R-HPV58|739,reads_R-HPV58,HPV58,left,4,4931,chr21,22920494,22920466,+,27,3
reads_R-HPV58|740,reads_R-HPV58,HPV58,left,4,4931,chr20,12664932,12664904,+,28,3
reads_R-HPV58|741,reads_R-HPV58,HPV58,left,4,4931,chr20,26303567,26303539,+,28,3
reads_R-HPV58|742,reads_R-HPV58,HPV58,left,4,4931,chr20,29235122,29235094,+,28,3
reads_R-HPV58|743,reads_R-HPV58,HPV58,left,4,4931,chr2,46220399,46220371,+,28,3
reads_R-HPV58|744,reads_R-HPV58,HPV58,left,4,4931,chr2,59262241,59262213,+,28,3
reads_R-HPV58|745,reads_R-HPV58,HPV58,left,4,4931,chr2,60191685,60191657,+,28,3
reads_R-HPV58|746,reads_R-HPV58,HPV58,left,4,4931,chr2,66179834,66179806,+,28,3
reads_R-HPV58|747,reads_R-HPV58,HPV58,left,4,4931,chr19,34627917,34627889,+,28,3
reads_R-HPV58|748,reads_R-HPV58,HPV58,left,4,4931,chr18,39927045,39927017,+,28,3
reads_R-HPV58|749,reads_R-HPV58,HPV58,left,4,4931,chr18,41777676,41777648,+,28,3
reads_R-HPV58|750,reads_R-HPV58,HPV58,left,4,4931,chr16,47185408,47185380,+,28,3
reads_R-HPV58|751,reads_R-HPV58,HPV58,left,4,4931,chr16,63122613,63122585,+,28,3
reads_R-HPV58|752,reads_R-HPV58,HPV58,left,4,4931,chr16,83639925,83639897,+,28,3
reads_R-HPV58|753,reads_R-HPV58,HPV58,left,4,4931,chr15,44360849,44360821,+,28,3
reads_R-HPV58|754,reads_R-HPV58,HPV58,left,4,4931,chr15,46107308,46107280,+,28,3
reads_R-HPV58|755,reads_R-HPV58,HPV58,left,4,4931,chr15,53686857,53686829,+,28,3
reads_R-HPV58|756,reads_R-HPV58,HPV58,left,4,4931,chr14,29777940,29777912,+,28,3
reads_R-HPV58|757,reads_R-HPV58,HPV58,left,4,4931,chr14,30100228,30100200,+,28,3
reads_R-HPV58|758,reads_R-HPV58,HPV58,left,4,4931,chr14,30366197,30366169,+,28,3
reads_R-HPV58|759,reads_R-HPV58,HPV58,left,4,4931,chr14,37296100,37296072,+,28,3
reads_R-HPV58|760,reads_R-HPV58,HPV58,left,4,4931,chr14,40328865,40328837,+,28,3
reads_R-HPV58|761,reads_R-HPV58,HPV58,left,4,4931,chr12,29975688,29975660,+,28,3
reads_R-HPV58|762,reads_R-HPV58,HPV58,left,4,4931,chr12,32958963,32958935,+,28,3
reads_R-HPV58|763,reads_R-HPV58,HPV58,left,4,4931,chr11,25834066,25834038,+,28,3
reads_R-HPV58|764,reads_R-HPV58,HPV58,left,4,4931,chr11,26116292,26116264,+,28,3
reads_R-HPV58|765,reads_R-HPV58,HPV58,left,4,4931,chr11,27668064,27668036,+,28,3
reads_R-HPV58|766,reads_R-HPV58,HPV58,left,4,4931,chr11,29418261,29418233,+,28,3
reads_R-HPV58|767,reads_R-HPV58,HPV58,left,4,4931,chr10,27431156,27431128,+,28,3
reads_R-HPV58|768,reads_R-HPV58,HPV58,left,4,4931,chr10,30950044,30950016,+,28,3
reads_R-HPV58|769,reads_R-HPV58,HPV58,left,4,4931,chr1,48314337,48314309,+,28,3
reads_R-HPV58|770,reads_R-HPV58,HPV58,left,4,4931,chrY,7841775,7841803,-,28,3
reads_R-HPV58|771,reads_R-HPV58,HPV58,left,4,4931,chrY,20923216,20923244,-,28,3
reads_R-HPV58|772,reads_R-HPV58,HPV58,left,4,4931,chrY,57120586,57120614,-,28,3
reads_R-HPV58|773,reads_R-HPV58,HPV58,left,4,4931,chrX,30771131,30771159,-,28,3
reads_R-HPV58|774,reads_R-HPV58,HPV58,left,4,4931,chrX,39183734,39183762,-,28,3
reads_R-HPV58|775,reads_R-HPV58,HPV58,left,4,4931,chrX,43309570,43309598,-,28,3
reads_R-HPV58|776,reads_R-HPV58,HPV58,left,4,4931,chrX,46001688,46001716,-,28,3
reads_R-HPV58|777,reads_R-HPV58,HPV58,left,4,4931,chrX,51553738,51553766,-,28,3
reads_R-HPV58|778,reads_R-HPV58,HPV58,left,4,4931,chr9,18525810,18525838,-,28,3
reads_R-HPV58|779,reads_R-HPV58,HPV58,left,4,4931,chr9,19539571,19539599,-,28,3
reads_R-HPV58|780,reads_R-HPV58,HPV58,left,4,4931,chr9,22093186,22093214,-,28,3
reads_R-HPV58|781,reads_R-HPV58,HPV58,left,4,4931,chr9,22095454,22095482,-,28,3
reads_R-HPV58|782,reads_R-HPV58,HPV58,left,4,4931,chr8,36488006,36488034,-,28,3
reads_R-HPV58|783,reads_R-HPV58,HPV58,left,4,4931,chr8,40141581,40141609,-,28,3
reads_R-HPV58|784,reads_R-HPV58,HPV58,left,4,4931,chr8,41355310,41355338,-,28,3
reads_R-HPV58|785,reads_R-HPV58,HPV58,left,4,4931,chr8,43187008,43187036,-,28,3
reads_R-HPV58|786,reads_R-HPV58,HPV58,left,4,4931,chr8,43347804,43347832,-,28,3
reads_R-HPV58|787,reads_R-HPV58,HPV58,left,4,4931,chr8,43394424,43394452,-,28,3
reads_R-HPV58|788,reads_R-HPV58,HPV58,left,4,4931,chr8,45983393,45983421,-,28,3
reads_R-HPV58|789,reads_R-HPV58,HPV58,left,4,4931,chr7,34203604,34203632,-,28,3
reads_R-HPV58|790,reads_R-HPV58,HPV58,left,4,4931,chr7,40337115,40337143,-,28,3
reads_R-HPV58|791,reads_R-HPV58,HPV58,left,4,4931,chr7,40951819,40951847,-,28,3
reads_R-HPV58|792,reads_R-HPV58,HPV58,left,4,4931,chr7,43776508,43776536,-,28,3
reads_R-HPV58|793,reads_R-HPV58,HPV58,left,4,4931,chr7,49683641,49683669,-,28,3
reads_R-HPV58|794,reads_R-HPV58,HPV58,left,4,4931,chr6,45672743,45672771,-,28,3
reads_R-HPV58|795,reads_R-HPV58,HPV58,left,4,4931,chr6,47638994,47639022,-,28,3
reads_R-HPV58|796,reads_R-HPV58,HPV58,left,4,4931,chr6,57455152,57455180,-,28,3
reads_R-HPV58|797,reads_R-HPV58,HPV58,left,4,4931,chr5,45583895,45583923,-,28,3
reads_R-HPV58|798,reads_R-HPV58,HPV58,left,4,4931,chr5,50260347,50260375,-,28,3
reads_R-HPV58|799,reads_R-HPV58,HPV58,left,4,4931,chr5,50531443,50531471,-,28,3
reads_R-HPV58|800,reads_R-HPV58,HPV58,left,4,4931,chr5,50599477,50599505,-,28,3
reads_R-HPV58|801,reads_R-HPV58,HPV58,left,4,4931,chr4,44747357,44747385,-,28,3
reads_R-HPV58|802,reads_R-HPV58,HPV58,left,4,4931,chr4,52216512,52216540,-,28,3
reads_R-HPV58|803,reads_R-HPV58,HPV58,left,4,4931,chr4,56334613,56334641,-,28,3
reads_R-HPV58|804,reads_R-HPV58,HPV58,left,4,4931,chr3,28367511,28367539,-,28,3
reads_R-HPV58|805,reads_R-HPV58,HPV58,left,4,4931,chr21,17751444,17751471,-,27,3
reads_R-HPV58|806,reads_R-HPV58,HPV58,left,4,4931,chr20,45691202,45691230,-,28,3
reads_R-HPV58|807,reads_R-HPV58,HPV58,left,4,4931,chr20,42618307,42618335,-,28,3
reads_R-HPV58|808,reads_R-HPV58,HPV58,left,4,4931,chr20,30973818,30973846,-,28,3
reads_R-HPV58|809,reads_R-HPV58,HPV58,left,4,4931,chr19,42860900,42860928,-,28,3
reads_R-HPV58|810,reads_R-HPV58,HPV58,left,4,4931,chr19,27283911,27283938,-,27,3
reads_R-HPV58|811,reads_R-HPV58,HPV58,left,4,4931,chr19,24283148,24283176,-,27,3
reads_R-HPV58|812,reads_R-HPV58,HPV58,left,4,4931,chr18,51970277,51970305,-,28,3
reads_R-HPV58|813,reads_R-HPV58,HPV58,left,4,4931,chr18,53831730,53831758,-,28,3
reads_R-HPV58|814,reads_R-HPV58,HPV58,left,4,4931,chr18,54572877,54572905,-,28,3
reads_R-HPV58|815,reads_R-HPV58,HPV58,left,4,4931,chr18,55718867,55718895,-,28,3
reads_R-HPV58|816,reads_R-HPV58,HPV58,left,4,4931,chr18,55802170,55802198,-,28,3
reads_R-HPV58|817,reads_R-HPV58,HPV58,left,4,4931,chr17,69615310,69615338,-,28,3
reads_R-HPV58|818,reads_R-HPV58,HPV58,left,4,4931,chr16,58980872,58980900,-,28,3
reads_R-HPV58|819,reads_R-HPV58,HPV58,left,4,4931,chr16,76090108,76090136,-,28,3
reads_R-HPV58|820,reads_R-HPV58,HPV58,left,4,4931,chr16,75825327,75825355,-,28,3
reads_R-HPV58|821,reads_R-HPV58,HPV58,left,4,4931,chr15,49262935,49262963,-,28,3
reads_R-HPV58|822,reads_R-HPV58,HPV58,left,4,4931,chr15,56512891,56512919,-,28,3
reads_R-HPV58|823,reads_R-HPV58,HPV58,left,4,4931,chr15,76606383,76606411,-,28,3
reads_R-HPV58|824,reads_R-HPV58,HPV58,left,4,4931,chr15,77153851,77153879,-,28,3
reads_R-HPV58|825,reads_R-HPV58,HPV58,left,4,4931,chr14,30688180,30688208,-,28,3
reads_R-HPV58|826,reads_R-HPV58,HPV58,left,4,4931,chr14,31797100,31797128,-,28,3
reads_R-HPV58|827,reads_R-HPV58,HPV58,left,4,4931,chr14,39356918,39356946,-,28,3
reads_R-HPV58|828,reads_R-HPV58,HPV58,left,4,4931,chr12,5288311,5288339,-,28,3
reads_R-HPV58|829,reads_R-HPV58,HPV58,left,4,4931,chr12,25663809,25663837,-,28,3
reads_R-HPV58|830,reads_R-HPV58,HPV58,left,4,4931,chr12,28522940,28522968,-,28,3
reads_R-HPV58|831,reads_R-HPV58,HPV58,left,4,4931,chr12,31553429,31553457,-,28,3
reads_R-HPV58|832,reads_R-HPV58,HPV58,left,4,4931,chr11,33628151,33628179,-,28,3
reads_R-HPV58|833,reads_R-HPV58,HPV58,left,4,4931,chr11,36554976,36555004,-,28,3
reads_R-HPV58|834,reads_R-HPV58,HPV58,left,4,4931,chr11,43204597,43204625,-,28,3
reads_R-HPV58|835,reads_R-HPV58,HPV58,left,4,4931,chr10,31641176,31641204,-,28,3
reads_R-HPV58|836,reads_R-HPV58,HPV58,left,4,4931,chr10,31717055,31717083,-,28,3
reads_R-HPV58|837,reads_R-HPV58,HPV58,left,4,4931,chr10,42143371,42143399,-,28,3
reads_R-HPV58|838,reads_R-HPV58,HPV58,left,4,4931,chr10,44486183,44486211,-,28,3
reads_R-HPV58|839,reads_R-HPV58,HPV58,left,4,4931,chr10,52791162,52791190,-,28,3
reads_R-HPV58|840,reads_R-HPV58,HPV58,left,4,4931,chr1,65453646,65453674,-,28,3
reads_R-HPV58|841,reads_R-HPV58,HPV58,left,4,4931,chr1,65561919,65561947,-,28,3
reads_R-HPV58|842,reads_R-HPV58,HPV58,left,4,4931,chr1,67082262,67082290,-,28,3
reads_R-HPV58|843,reads_R-HPV58,HPV58,right,4,1576,chrX,121710444,121710474,+,30,2
reads_R-HPV58|844,reads_R-HPV58,HPV58,right,4,1576,chr15,52991299,52991334,+,38,2
reads_R-HPV58|845,reads_R-HPV58,HPV58,right,4,1576,chr2,66486832,66486872,+,41,2
reads_R-HPV58|846,reads_R-HPV58,HPV58,right,4,1576,chr6,128793359,128793318,-,39,2
reads_R-HPV58|847,reads_R-HPV58,HPV58,right,4,2755,chr18,15922921,15922896,-,25,2
reads_R-HPV58|848,reads_R-HPV58,HPV58,right,4,2755,chr18,15924955,15924930,-,25,2
reads_R-HPV58|849,reads_R-HPV58,HPV58,right,4,2755,chr18,15844515,15844486,-,29,2
reads_R-HPV58|850,reads_R-HPV58,HPV58,right,4,2755,chr18,20561689,20561728,+,38,2
